,A,Æ,B,C,D,E,F,G,Gesture,H,I,K,L,M,N,Nummer0,Nummer1,Nummer2,Nummer3,Nummer4,Nummer5,Nummer6,Nummer7,Nummer8,Nummer9,O,P,Q,R,S,Success,T,Time,U,V,W,X,Y,Participant
0,0.0,1.4e-05,0.0,0.0,0.0,0.0,0.0,0.0,Æ,0.0,0.0,0.0,0.0,0.0,0.0,0.0,0.0,0.0,0.0,0.0,0.999986,0.0,0.0,0.0,0.0,0.0,0.0,0.0,0.0,0.0,True,0.0,17,0.0,0.0,0.0,0.0,0.0,1
1,0.0,1.4e-05,0.0,0.0,0.0,0.0,0.0,0.0,Æ,0.0,0.0,0.0,0.0,0.0,0.0,0.0,0.0,0.0,0.0,0.0,0.999986,0.0,0.0,0.0,0.0,0.0,0.0,0.0,0.0,0.0,True,0.0,28,0.0,0.0,0.0,0.0,0.0,1
2,0.0,1.3e-05,0.0,0.0,0.0,0.0,0.0,0.0,Æ,0.0,0.0,0.0,0.0,0.0,0.0,0.0,0.0,0.0,0.0,0.0,0.999987,0.0,0.0,0.0,0.0,0.0,0.0,0.0,0.0,0.0,True,0.0,41,0.0,0.0,0.0,0.0,0.0,1
3,0.0,1.3e-05,0.0,0.0,0.0,0.0,0.0,0.0,Æ,0.0,0.0,0.0,0.0,0.0,0.0,0.0,0.0,0.0,0.0,0.0,0.999987,0.0,0.0,0.0,0.0,0.0,0.0,0.0,0.0,0.0,True,0.0,54,0.0,0.0,0.0,0.0,0.0,1
4,0.0,1.2e-05,0.0,0.0,0.0,0.0,0.0,0.0,Æ,0.0,0.0,0.0,0.0,0.0,0.0,0.0,0.0,0.0,0.0,0.0,0.999988,0.0,0.0,0.0,0.0,0.0,0.0,0.0,0.0,0.0,True,0.0,73,0.0,0.0,0.0,0.0,0.0,1
5,0.0,1.1e-05,0.0,0.0,0.0,0.0,0.0,0.0,Æ,0.0,0.0,0.0,0.0,0.0,0.0,0.0,0.0,0.0,0.0,0.0,0.999989,0.0,0.0,0.0,0.0,0.0,0.0,0.0,0.0,0.0,True,0.0,83,0.0,0.0,0.0,0.0,0.0,1
6,0.0,1.2e-05,0.0,0.0,0.0,0.0,0.0,0.0,Æ,0.0,0.0,0.0,0.0,0.0,0.0,0.0,0.0,0.0,0.0,0.0,0.999988,0.0,0.0,0.0,0.0,0.0,0.0,0.0,0.0,0.0,True,0.0,97,0.0,0.0,0.0,0.0,0.0,1
7,0.0,1.2e-05,0.0,0.0,0.0,0.0,0.0,0.0,Æ,0.0,0.0,0.0,0.0,0.0,0.0,0.0,0.0,0.0,0.0,0.0,0.999988,0.0,0.0,0.0,0.0,0.0,0.0,0.0,0.0,0.0,True,0.0,106,0.0,0.0,0.0,0.0,0.0,1
8,0.0,1.2e-05,0.0,0.0,0.0,0.0,0.0,0.0,Æ,0.0,0.0,0.0,0.0,0.0,0.0,0.0,0.0,0.0,0.0,0.0,0.999988,0.0,0.0,0.0,0.0,0.0,0.0,0.0,0.0,0.0,True,0.0,116,0.0,0.0,0.0,0.0,0.0,1
9,0.0,1.1e-05,0.0,0.0,0.0,0.0,0.0,0.0,Æ,0.0,0.0,0.0,0.0,0.0,0.0,0.0,0.0,0.0,0.0,0.0,0.999989,0.0,0.0,0.0,0.0,0.0,0.0,0.0,0.0,0.0,True,0.0,128,0.0,0.0,0.0,0.0,0.0,1
10,0.0,1e-05,0.0,0.0,0.0,0.0,0.0,0.0,Æ,0.0,0.0,0.0,0.0,0.0,0.0,0.0,0.0,0.0,0.0,0.0,0.99999,0.0,0.0,0.0,0.0,0.0,0.0,0.0,0.0,0.0,True,0.0,139,0.0,0.0,0.0,0.0,0.0,1
11,0.0,1e-05,0.0,0.0,0.0,0.0,0.0,0.0,Æ,0.0,0.0,0.0,0.0,0.0,0.0,0.0,0.0,0.0,0.0,0.0,0.99999,0.0,0.0,0.0,0.0,0.0,0.0,0.0,0.0,0.0,True,0.0,150,0.0,0.0,0.0,0.0,0.0,1
12,0.0,9e-06,0.0,0.0,0.0,0.0,0.0,0.0,Æ,0.0,0.0,0.0,0.0,0.0,0.0,0.0,0.0,0.0,0.0,0.0,0.999991,0.0,0.0,0.0,0.0,0.0,0.0,0.0,0.0,0.0,True,0.0,164,0.0,0.0,0.0,0.0,0.0,1
13,0.0,9e-06,0.0,0.0,0.0,0.0,0.0,0.0,Æ,0.0,0.0,0.0,0.0,0.0,0.0,0.0,0.0,0.0,0.0,0.0,0.999991,0.0,0.0,0.0,0.0,0.0,0.0,0.0,0.0,0.0,True,0.0,173,0.0,0.0,0.0,0.0,0.0,1
14,0.0,9e-06,0.0,0.0,0.0,0.0,0.0,0.0,Æ,0.0,0.0,0.0,0.0,0.0,0.0,0.0,0.0,0.0,0.0,0.0,0.999991,0.0,0.0,0.0,0.0,0.0,0.0,0.0,0.0,0.0,True,0.0,184,0.0,0.0,0.0,0.0,0.0,1
15,0.0,1e-05,0.0,0.0,0.0,0.0,0.0,0.0,Æ,0.0,0.0,0.0,0.0,0.0,0.0,0.0,0.0,0.0,0.0,0.0,0.99999,0.0,0.0,0.0,0.0,0.0,0.0,0.0,0.0,0.0,True,0.0,195,0.0,0.0,0.0,0.0,0.0,1
16,0.0,1e-05,0.0,0.0,0.0,0.0,0.0,0.0,Æ,0.0,0.0,0.0,0.0,0.0,0.0,0.0,0.0,0.0,0.0,0.0,0.99999,0.0,0.0,0.0,0.0,0.0,0.0,0.0,0.0,0.0,True,0.0,206,0.0,0.0,0.0,0.0,0.0,1
17,0.0,1.1e-05,0.0,0.0,0.0,0.0,0.0,0.0,Æ,0.0,0.0,0.0,0.0,0.0,0.0,0.0,0.0,0.0,0.0,0.0,0.999989,0.0,0.0,0.0,0.0,0.0,0.0,0.0,0.0,0.0,True,0.0,217,0.0,0.0,0.0,0.0,0.0,1
18,0.0,1.2e-05,0.0,0.0,0.0,0.0,0.0,0.0,Æ,0.0,0.0,0.0,0.0,0.0,0.0,0.0,0.0,0.0,0.0,0.0,0.999988,0.0,0.0,0.0,0.0,0.0,0.0,0.0,0.0,0.0,True,0.0,231,0.0,0.0,0.0,0.0,0.0,1
19,0.0,1.2e-05,0.0,0.0,0.0,0.0,0.0,0.0,Æ,0.0,0.0,0.0,0.0,0.0,0.0,0.0,0.0,0.0,0.0,0.0,0.999988,0.0,0.0,0.0,0.0,0.0,0.0,0.0,0.0,0.0,True,0.0,240,0.0,0.0,0.0,0.0,0.0,1
20,0.0,1.2e-05,0.0,0.0,0.0,0.0,0.0,0.0,Æ,0.0,0.0,0.0,0.0,0.0,0.0,0.0,0.0,0.0,0.0,0.0,0.999988,0.0,0.0,0.0,0.0,0.0,0.0,0.0,0.0,0.0,True,0.0,253,0.0,0.0,0.0,0.0,0.0,1
21,0.0,1.2e-05,0.0,0.0,0.0,0.0,0.0,0.0,Æ,0.0,0.0,0.0,0.0,0.0,0.0,0.0,0.0,0.0,0.0,0.0,0.999988,0.0,0.0,0.0,0.0,0.0,0.0,0.0,0.0,0.0,True,0.0,262,0.0,0.0,0.0,0.0,0.0,1
22,0.0,1.1e-05,0.0,0.0,0.0,0.0,0.0,0.0,Æ,0.0,0.0,0.0,0.0,0.0,0.0,0.0,0.0,0.0,0.0,0.0,0.999989,0.0,0.0,0.0,0.0,0.0,0.0,0.0,0.0,0.0,True,0.0,277,0.0,0.0,0.0,0.0,0.0,1
23,0.0,1.2e-05,0.0,0.0,0.0,0.0,0.0,0.0,Æ,0.0,0.0,0.0,0.0,0.0,0.0,0.0,0.0,0.0,0.0,0.0,0.999988,0.0,0.0,0.0,0.0,0.0,0.0,0.0,0.0,0.0,True,0.0,285,0.0,0.0,0.0,0.0,0.0,1
24,0.0,1.2e-05,0.0,0.0,0.0,0.0,0.0,0.0,Æ,0.0,0.0,0.0,0.0,0.0,0.0,0.0,0.0,0.0,0.0,0.0,0.999988,0.0,0.0,0.0,0.0,0.0,0.0,0.0,0.0,0.0,True,0.0,299,0.0,0.0,0.0,0.0,0.0,1
25,0.0,1.1e-05,0.0,0.0,0.0,0.0,0.0,0.0,Æ,0.0,0.0,0.0,0.0,0.0,0.0,0.0,0.0,0.0,0.0,0.0,0.999989,0.0,0.0,0.0,0.0,0.0,0.0,0.0,0.0,0.0,True,0.0,318,0.0,0.0,0.0,0.0,0.0,1
26,0.0,9e-06,0.0,0.0,0.0,0.0,0.0,0.0,Æ,0.0,0.0,0.0,0.0,0.0,0.0,0.0,0.0,0.0,0.0,0.0,0.999991,0.0,0.0,0.0,0.0,0.0,0.0,0.0,0.0,0.0,True,0.0,330,0.0,0.0,0.0,0.0,0.0,1
27,0.0,9e-06,0.0,0.0,0.0,0.0,0.0,0.0,Æ,0.0,0.0,0.0,0.0,0.0,0.0,0.0,0.0,0.0,0.0,0.0,0.999991,0.0,0.0,0.0,0.0,0.0,0.0,0.0,0.0,0.0,True,0.0,351,0.0,0.0,0.0,0.0,0.0,1
28,0.0,9e-06,0.0,0.0,0.0,0.0,0.0,0.0,Æ,0.0,0.0,0.0,0.0,0.0,0.0,0.0,0.0,0.0,0.0,0.0,0.999991,0.0,0.0,0.0,0.0,0.0,0.0,0.0,0.0,0.0,True,0.0,363,0.0,0.0,0.0,0.0,0.0,1
29,0.0,8e-06,0.0,0.0,0.0,0.0,0.0,0.0,Æ,0.0,0.0,0.0,0.0,0.0,0.0,0.0,0.0,0.0,0.0,0.0,0.999992,0.0,0.0,0.0,0.0,0.0,0.0,0.0,0.0,0.0,True,0.0,384,0.0,0.0,0.0,0.0,0.0,1
30,0.0,7e-06,0.0,0.0,0.0,0.0,0.0,0.0,Æ,0.0,0.0,0.0,0.0,0.0,0.0,0.0,0.0,0.0,0.0,0.0,0.999993,0.0,0.0,0.0,0.0,0.0,0.0,0.0,0.0,0.0,True,0.0,397,0.0,0.0,0.0,0.0,0.0,1
31,0.0,8e-06,0.0,0.0,0.0,0.0,0.0,0.0,Æ,0.0,0.0,0.0,0.0,0.0,0.0,0.0,0.0,0.0,0.0,0.0,0.999992,0.0,0.0,0.0,0.0,0.0,0.0,0.0,0.0,0.0,True,0.0,418,0.0,0.0,0.0,0.0,0.0,1
32,0.0,1e-05,0.0,0.0,0.0,0.0,0.0,0.0,Æ,0.0,0.0,0.0,0.0,0.0,0.0,0.0,0.0,0.0,0.0,0.0,0.999991,0.0,0.0,0.0,0.0,0.0,0.0,0.0,0.0,0.0,True,0.0,431,0.0,0.0,0.0,0.0,0.0,1
33,0.0,9e-06,0.0,0.0,0.0,0.0,0.0,0.0,Æ,0.0,0.0,0.0,0.0,0.0,0.0,0.0,0.0,0.0,0.0,0.0,0.999991,0.0,0.0,0.0,0.0,0.0,0.0,0.0,0.0,0.0,True,0.0,443,0.0,0.0,0.0,0.0,0.0,1
34,0.0,9e-06,0.0,0.0,0.0,0.0,0.0,0.0,Æ,0.0,0.0,0.0,0.0,0.0,0.0,0.0,0.0,0.0,0.0,0.0,0.999991,0.0,0.0,0.0,0.0,0.0,0.0,0.0,0.0,0.0,True,0.0,461,0.0,0.0,0.0,0.0,0.0,1
35,0.0,9e-06,0.0,0.0,0.0,0.0,0.0,0.0,Æ,0.0,0.0,0.0,0.0,0.0,0.0,0.0,0.0,0.0,0.0,0.0,0.999991,0.0,0.0,0.0,0.0,0.0,0.0,0.0,0.0,0.0,True,0.0,472,0.0,0.0,0.0,0.0,0.0,1
36,0.0,9e-06,0.0,0.0,0.0,0.0,0.0,0.0,Æ,0.0,0.0,0.0,0.0,0.0,0.0,0.0,0.0,0.0,0.0,0.0,0.999991,0.0,0.0,0.0,0.0,0.0,0.0,0.0,0.0,0.0,True,0.0,486,0.0,0.0,0.0,0.0,0.0,1
37,0.0,9e-06,0.0,0.0,0.0,0.0,0.0,0.0,Æ,0.0,0.0,0.0,0.0,0.0,0.0,0.0,0.0,0.0,0.0,0.0,0.999991,0.0,0.0,0.0,0.0,0.0,0.0,0.0,0.0,0.0,True,0.0,495,0.0,0.0,0.0,0.0,0.0,1
38,0.0,9e-06,0.0,0.0,0.0,0.0,0.0,0.0,Æ,0.0,0.0,0.0,0.0,0.0,0.0,0.0,0.0,0.0,0.0,0.0,0.999991,0.0,0.0,0.0,0.0,0.0,0.0,0.0,0.0,0.0,True,0.0,506,0.0,0.0,0.0,0.0,0.0,1
39,0.0,9e-06,0.0,0.0,0.0,0.0,0.0,0.0,Æ,0.0,0.0,0.0,0.0,0.0,0.0,0.0,0.0,0.0,0.0,0.0,0.999991,0.0,0.0,0.0,0.0,0.0,0.0,0.0,0.0,0.0,True,0.0,520,0.0,0.0,0.0,0.0,0.0,1
40,0.0,1e-05,0.0,0.0,0.0,0.0,0.0,0.0,Æ,0.0,0.0,0.0,0.0,0.0,0.0,0.0,0.0,0.0,0.0,0.0,0.999991,0.0,0.0,0.0,0.0,0.0,0.0,0.0,0.0,0.0,True,0.0,532,0.0,0.0,0.0,0.0,0.0,1
41,0.0,1e-05,0.0,0.0,0.0,0.0,0.0,0.0,Æ,0.0,0.0,0.0,0.0,0.0,0.0,0.0,0.0,0.0,0.0,0.0,0.99999,0.0,0.0,0.0,0.0,0.0,0.0,0.0,0.0,0.0,True,0.0,541,0.0,0.0,0.0,0.0,0.0,1
42,0.0,1e-05,0.0,0.0,0.0,0.0,0.0,0.0,Æ,0.0,0.0,0.0,0.0,0.0,0.0,0.0,0.0,0.0,0.0,0.0,0.99999,0.0,0.0,0.0,0.0,0.0,0.0,0.0,0.0,0.0,True,0.0,553,0.0,0.0,0.0,0.0,0.0,1
43,0.0,1e-05,0.0,0.0,0.0,0.0,0.0,0.0,Æ,0.0,0.0,0.0,0.0,0.0,0.0,0.0,0.0,0.0,0.0,0.0,0.99999,0.0,0.0,0.0,0.0,0.0,0.0,0.0,0.0,0.0,True,0.0,564,0.0,0.0,0.0,0.0,0.0,1
44,0.0,1e-05,0.0,0.0,0.0,0.0,0.0,0.0,Æ,0.0,0.0,0.0,0.0,0.0,0.0,0.0,0.0,0.0,0.0,0.0,0.99999,0.0,0.0,0.0,0.0,0.0,0.0,0.0,0.0,0.0,True,0.0,574,0.0,0.0,0.0,0.0,0.0,1
45,0.0,1e-05,0.0,0.0,0.0,0.0,0.0,0.0,Æ,0.0,0.0,0.0,0.0,0.0,0.0,0.0,0.0,0.0,0.0,0.0,0.99999,0.0,0.0,0.0,0.0,0.0,0.0,0.0,0.0,0.0,True,0.0,587,0.0,0.0,0.0,0.0,0.0,1
46,0.0,1.1e-05,0.0,0.0,0.0,0.0,0.0,0.0,Æ,0.0,0.0,0.0,0.0,0.0,0.0,0.0,0.0,0.0,0.0,0.0,0.999989,0.0,0.0,0.0,0.0,0.0,0.0,0.0,0.0,0.0,True,0.0,596,0.0,0.0,0.0,0.0,0.0,1
47,0.0,1.2e-05,0.0,0.0,0.0,0.0,0.0,0.0,Æ,0.0,0.0,0.0,0.0,0.0,0.0,0.0,0.0,0.0,0.0,0.0,0.999988,0.0,0.0,0.0,0.0,0.0,0.0,0.0,0.0,0.0,True,0.0,610,0.0,0.0,0.0,0.0,0.0,1
48,0.0,1.3e-05,0.0,0.0,0.0,0.0,0.0,0.0,Æ,0.0,0.0,0.0,0.0,0.0,0.0,0.0,0.0,0.0,0.0,0.0,0.999987,0.0,0.0,0.0,0.0,0.0,0.0,0.0,0.0,0.0,True,0.0,629,0.0,0.0,0.0,0.0,0.0,1
49,0.0,1.3e-05,0.0,0.0,0.0,0.0,0.0,0.0,Æ,0.0,0.0,0.0,0.0,0.0,0.0,0.0,0.0,0.0,0.0,0.0,0.999987,0.0,0.0,0.0,0.0,0.0,0.0,0.0,0.0,0.0,True,0.0,643,0.0,0.0,0.0,0.0,0.0,1
50,0.0,1.3e-05,0.0,0.0,0.0,0.0,0.0,0.0,Æ,0.0,0.0,0.0,0.0,0.0,0.0,0.0,0.0,0.0,0.0,0.0,0.999987,0.0,0.0,0.0,0.0,0.0,0.0,0.0,0.0,0.0,True,0.0,662,0.0,0.0,0.0,0.0,0.0,1
51,0.0,1.5e-05,0.0,0.0,0.0,0.0,0.0,0.0,Æ,0.0,0.0,0.0,0.0,0.0,0.0,0.0,0.0,0.0,0.0,0.0,0.999985,0.0,0.0,0.0,0.0,0.0,0.0,0.0,0.0,0.0,True,0.0,676,0.0,0.0,0.0,0.0,0.0,1
52,0.0,1.6e-05,0.0,0.0,0.0,0.0,0.0,0.0,Æ,0.0,0.0,0.0,0.0,0.0,0.0,0.0,0.0,0.0,0.0,0.0,0.999984,0.0,0.0,0.0,0.0,0.0,0.0,0.0,0.0,0.0,True,0.0,695,0.0,0.0,0.0,0.0,0.0,1
53,0.0,1.8e-05,0.0,0.0,0.0,0.0,0.0,0.0,Æ,0.0,0.0,0.0,0.0,0.0,0.0,0.0,0.0,0.0,0.0,0.0,0.999982,0.0,0.0,0.0,0.0,0.0,0.0,0.0,0.0,0.0,True,0.0,709,0.0,0.0,0.0,0.0,0.0,1
54,0.0,2e-05,0.0,0.0,0.0,0.0,0.0,0.0,Æ,0.0,0.0,0.0,0.0,0.0,0.0,0.0,0.0,0.0,0.0,0.0,0.99998,0.0,0.0,0.0,0.0,0.0,0.0,0.0,0.0,0.0,True,0.0,729,0.0,0.0,0.0,0.0,0.0,1
55,0.0,2.4e-05,0.0,0.0,0.0,0.0,0.0,0.0,Æ,0.0,0.0,0.0,0.0,0.0,0.0,0.0,0.0,0.0,0.0,0.0,0.999976,0.0,0.0,0.0,0.0,0.0,0.0,0.0,0.0,0.0,True,0.0,744,0.0,0.0,0.0,0.0,0.0,1
56,0.0,2.7e-05,0.0,0.0,0.0,0.0,0.0,0.0,Æ,0.0,0.0,0.0,0.0,0.0,0.0,0.0,0.0,0.0,0.0,0.0,0.999974,0.0,0.0,0.0,0.0,0.0,0.0,0.0,0.0,0.0,True,0.0,763,0.0,0.0,0.0,0.0,0.0,1
57,0.0,3e-05,0.0,0.0,0.0,0.0,0.0,0.0,Æ,0.0,0.0,0.0,0.0,0.0,0.0,0.0,0.0,0.0,0.0,0.0,0.99997,0.0,0.0,0.0,0.0,0.0,0.0,0.0,0.0,0.0,True,0.0,776,0.0,0.0,0.0,0.0,0.0,1
58,0.0,3.2e-05,0.0,0.0,0.0,0.0,0.0,0.0,Æ,0.0,0.0,0.0,0.0,0.0,0.0,0.0,0.0,0.0,0.0,0.0,0.999968,0.0,0.0,0.0,0.0,0.0,0.0,0.0,0.0,0.0,True,0.0,785,0.0,0.0,0.0,0.0,0.0,1
59,0.0,3.4e-05,0.0,0.0,0.0,0.0,0.0,0.0,Æ,0.0,0.0,0.0,0.0,0.0,0.0,0.0,0.0,0.0,0.0,0.0,0.999966,0.0,0.0,0.0,0.0,0.0,0.0,0.0,0.0,0.0,True,0.0,798,0.0,0.0,0.0,0.0,0.0,1
60,0.0,3.8e-05,0.0,0.0,0.0,0.0,0.0,0.0,Æ,0.0,0.0,0.0,0.0,0.0,0.0,0.0,0.0,0.0,0.0,0.0,0.999962,0.0,0.0,0.0,0.0,0.0,0.0,0.0,0.0,0.0,True,0.0,813,0.0,0.0,0.0,0.0,0.0,1
61,0.0,4.1e-05,0.0,0.0,0.0,0.0,0.0,0.0,Æ,0.0,0.0,0.0,0.0,0.0,0.0,0.0,0.0,0.0,0.0,0.0,0.999959,0.0,0.0,0.0,0.0,0.0,0.0,0.0,0.0,0.0,True,0.0,829,0.0,0.0,0.0,0.0,0.0,1
62,0.0,4.5e-05,0.0,0.0,0.0,0.0,0.0,0.0,Æ,0.0,0.0,0.0,0.0,0.0,0.0,0.0,0.0,0.0,0.0,0.0,0.999955,0.0,0.0,0.0,0.0,0.0,0.0,0.0,0.0,0.0,True,0.0,843,0.0,0.0,0.0,0.0,0.0,1
63,0.0,4.7e-05,0.0,0.0,0.0,0.0,0.0,0.0,Æ,0.0,0.0,0.0,0.0,0.0,0.0,0.0,0.0,0.0,0.0,0.0,0.999953,0.0,0.0,0.0,0.0,0.0,0.0,0.0,0.0,0.0,True,0.0,851,0.0,0.0,0.0,0.0,0.0,1
64,0.0,5.7e-05,0.0,0.0,0.0,0.0,0.0,0.0,Æ,0.0,0.0,0.0,0.0,0.0,0.0,0.0,0.0,0.0,0.0,0.0,0.999943,0.0,0.0,0.0,0.0,0.0,0.0,0.0,0.0,0.0,True,0.0,863,0.0,0.0,0.0,0.0,0.0,1
65,0.0,7.1e-05,0.0,0.0,0.0,0.0,0.0,0.0,Æ,0.0,0.0,0.0,0.0,0.0,0.0,0.0,0.0,0.0,0.0,0.0,0.999929,0.0,0.0,0.0,0.0,0.0,0.0,0.0,0.0,0.0,True,0.0,875,0.0,0.0,0.0,0.0,0.0,1
66,0.0,8.8e-05,0.0,0.0,0.0,0.0,0.0,0.0,Æ,0.0,0.0,0.0,0.0,0.0,0.0,0.0,0.0,0.0,0.0,0.0,0.999911,0.0,0.0,0.0,0.0,0.0,0.0,0.0,0.0,0.0,True,0.0,885,0.0,0.0,0.0,0.0,0.0,1
67,0.0,8.4e-05,0.0,0.0,0.0,0.0,0.0,0.0,Æ,0.0,0.0,0.0,0.0,0.0,0.0,0.0,0.0,0.0,0.0,0.0,0.999916,0.0,0.0,0.0,0.0,0.0,0.0,0.0,0.0,0.0,True,0.0,899,0.0,0.0,0.0,0.0,0.0,1
68,0.0,9.8e-05,0.0,0.0,0.0,0.0,0.0,0.0,Æ,0.0,0.0,0.0,0.0,0.0,0.0,0.0,0.0,0.0,0.0,0.0,0.999902,0.0,0.0,0.0,0.0,0.0,0.0,0.0,0.0,0.0,True,0.0,918,0.0,0.0,0.0,0.0,0.0,1
69,0.0,0.000117,0.0,0.0,0.0,0.0,0.0,0.0,Æ,0.0,0.0,0.0,0.0,0.0,0.0,0.0,0.0,0.0,0.0,0.0,0.999883,0.0,0.0,0.0,0.0,0.0,0.0,0.0,0.0,0.0,True,0.0,930,0.0,0.0,0.0,0.0,0.0,1
70,0.0,0.000127,0.0,0.0,0.0,0.0,0.0,0.0,Æ,0.0,0.0,0.0,0.0,0.0,0.0,0.0,0.0,0.0,0.0,0.0,0.999873,0.0,0.0,0.0,0.0,0.0,0.0,0.0,0.0,0.0,True,0.0,943,0.0,0.0,0.0,0.0,0.0,1
71,0.0,0.000158,0.0,0.0,0.0,0.0,0.0,0.0,Æ,0.0,0.0,0.0,0.0,0.0,0.0,0.0,0.0,0.0,0.0,0.0,0.999842,0.0,0.0,0.0,0.0,0.0,0.0,0.0,0.0,0.0,True,0.0,956,0.0,0.0,0.0,0.0,0.0,1
72,0.0,0.000197,0.0,0.0,0.0,0.0,0.0,0.0,Æ,0.0,0.0,0.0,0.0,0.0,0.0,0.0,0.0,0.0,0.0,0.0,0.999803,0.0,0.0,0.0,0.0,0.0,0.0,0.0,0.0,0.0,True,0.0,964,0.0,0.0,0.0,0.0,0.0,1
73,0.0,0.000263,0.0,0.0,0.0,0.0,0.0,0.0,Æ,0.0,0.0,0.0,0.0,0.0,0.0,0.0,0.0,0.0,0.0,0.0,0.999737,0.0,0.0,0.0,0.0,0.0,0.0,0.0,0.0,0.0,True,0.0,974,0.0,0.0,0.0,0.0,0.0,1
74,0.0,0.000339,0.0,0.0,0.0,0.0,0.0,0.0,Æ,0.0,0.0,0.0,0.0,0.0,0.0,0.0,0.0,0.0,0.0,0.0,0.999661,0.0,0.0,0.0,0.0,0.0,0.0,0.0,0.0,0.0,True,0.0,988,0.0,0.0,0.0,0.0,0.0,1
75,0.0,0.000436,0.0,0.0,0.0,0.0,0.0,0.0,Æ,0.0,0.0,0.0,0.0,0.0,0.0,0.0,0.0,0.0,0.0,0.0,0.999564,0.0,0.0,0.0,0.0,0.0,0.0,0.0,0.0,0.0,True,0.0,997,0.0,0.0,0.0,0.0,0.0,1
76,0.0,0.000548,0.0,0.0,0.0,0.0,0.0,0.0,Æ,0.0,0.0,0.0,0.0,0.0,0.0,0.0,0.0,0.0,0.0,0.0,0.999452,0.0,0.0,0.0,0.0,0.0,0.0,0.0,0.0,0.0,True,0.0,1007,0.0,0.0,0.0,0.0,0.0,1
77,0.0,0.000687,0.0,0.0,0.0,0.0,0.0,0.0,Æ,0.0,0.0,0.0,0.0,0.0,0.0,0.0,0.0,0.0,0.0,0.0,0.999313,0.0,0.0,0.0,0.0,0.0,0.0,0.0,0.0,0.0,True,0.0,1019,0.0,0.0,0.0,0.0,0.0,1
78,0.0,0.00075,0.0,0.0,0.0,0.0,0.0,0.0,Æ,0.0,0.0,0.0,0.0,0.0,0.0,0.0,0.0,0.0,0.0,0.0,0.99925,0.0,0.0,0.0,0.0,0.0,0.0,0.0,0.0,0.0,True,0.0,1030,0.0,0.0,0.0,0.0,0.0,1
79,0.0,0.000879,0.0,0.0,0.0,0.0,0.0,0.0,Æ,0.0,0.0,0.0,0.0,0.0,0.0,0.0,0.0,0.0,0.0,0.0,0.999121,0.0,0.0,0.0,0.0,0.0,0.0,0.0,0.0,0.0,True,0.0,1044,0.0,0.0,0.0,0.0,0.0,1
80,0.0,0.001037,0.0,0.0,0.0,0.0,0.0,0.0,Æ,0.0,0.0,0.0,0.0,0.0,0.0,0.0,0.0,0.0,0.0,0.0,0.998963,0.0,0.0,0.0,0.0,0.0,0.0,0.0,0.0,0.0,True,0.0,1053,0.0,0.0,0.0,0.0,0.0,1
81,0.0,0.00123,0.0,0.0,0.0,0.0,0.0,0.0,Æ,0.0,0.0,0.0,0.0,0.0,0.0,0.0,0.0,0.0,0.0,0.0,0.99877,0.0,0.0,0.0,0.0,0.0,0.0,0.0,0.0,0.0,True,0.0,1064,0.0,0.0,0.0,0.0,0.0,1
82,0.0,0.001313,0.0,0.0,0.0,0.0,0.0,0.0,Æ,0.0,0.0,0.0,0.0,0.0,0.0,0.0,0.0,0.0,0.0,0.0,0.998687,0.0,0.0,0.0,0.0,0.0,0.0,0.0,0.0,0.0,True,0.0,1077,0.0,0.0,0.0,0.0,0.0,1
83,0.0,0.001485,0.0,0.0,0.0,0.0,0.0,0.0,Æ,0.0,0.0,0.0,0.0,0.0,0.0,0.0,0.0,0.0,0.0,0.0,0.998514,0.0,0.0,0.0,0.0,0.0,0.0,0.0,0.0,0.0,True,0.0,1089,0.0,0.0,0.0,0.0,0.0,1
84,0.0,0.001674,0.0,0.0,0.0,0.0,0.0,0.0,Æ,0.0,0.0,0.0,0.0,0.0,0.0,0.0,1e-06,0.0,0.0,0.0,0.998326,0.0,0.0,0.0,0.0,0.0,0.0,0.0,0.0,0.0,True,0.0,1098,0.0,0.0,0.0,0.0,0.0,1
85,0.0,0.001555,0.0,0.0,0.0,0.0,0.0,0.0,Æ,0.0,0.0,0.0,0.0,0.0,0.0,0.0,0.0,0.0,0.0,0.0,0.998444,0.0,0.0,0.0,0.0,0.0,0.0,0.0,0.0,0.0,True,0.0,1110,0.0,0.0,0.0,0.0,0.0,1
86,0.0,0.001758,0.0,0.0,0.0,0.0,0.0,0.0,Æ,0.0,0.0,0.0,0.0,0.0,0.0,0.0,1e-06,0.0,0.0,0.0,0.998241,0.0,0.0,0.0,0.0,0.0,0.0,0.0,0.0,0.0,True,0.0,1119,0.0,0.0,0.0,0.0,0.0,1
87,0.0,0.002074,0.0,0.0,0.0,0.0,0.0,0.0,Æ,0.0,0.0,0.0,0.0,0.0,0.0,0.0,1e-06,0.0,0.0,0.0,0.997925,0.0,0.0,0.0,0.0,0.0,0.0,0.0,0.0,0.0,True,0.0,1133,0.0,0.0,0.0,0.0,0.0,1
88,0.0,0.002516,0.0,0.0,0.0,0.0,0.0,0.0,Æ,0.0,0.0,0.0,0.0,0.0,0.0,0.0,1e-06,0.0,0.0,0.0,0.997483,0.0,0.0,0.0,0.0,0.0,0.0,0.0,0.0,0.0,True,0.0,1152,0.0,0.0,0.0,0.0,0.0,1
89,0.0,0.002374,0.0,0.0,0.0,0.0,0.0,0.0,Æ,0.0,0.0,0.0,0.0,0.0,0.0,0.0,1e-06,0.0,0.0,0.0,0.997625,0.0,0.0,0.0,0.0,0.0,0.0,0.0,0.0,0.0,True,0.0,1164,0.0,0.0,0.0,0.0,0.0,1
90,0.0,0.002619,0.0,0.0,0.0,0.0,0.0,0.0,Æ,0.0,0.0,0.0,0.0,0.0,0.0,0.0,1e-06,0.0,0.0,0.0,0.99738,0.0,0.0,0.0,0.0,0.0,0.0,0.0,0.0,0.0,True,0.0,1177,0.0,0.0,0.0,0.0,0.0,1
91,0.0,0.002908,0.0,0.0,0.0,0.0,0.0,0.0,Æ,0.0,0.0,0.0,0.0,0.0,0.0,0.0,1e-06,0.0,0.0,0.0,0.997091,0.0,0.0,0.0,0.0,0.0,0.0,0.0,0.0,0.0,True,0.0,1186,0.0,0.0,0.0,0.0,0.0,1
92,0.0,0.003496,0.0,0.0,0.0,0.0,0.0,0.0,Æ,0.0,0.0,0.0,0.0,0.0,0.0,0.0,1e-06,0.0,0.0,0.0,0.996503,0.0,0.0,0.0,0.0,0.0,0.0,0.0,0.0,0.0,True,0.0,1198,0.0,0.0,0.0,0.0,0.0,1
93,0.0,0.003702,0.0,0.0,0.0,0.0,0.0,0.0,Æ,0.0,0.0,0.0,0.0,0.0,0.0,0.0,1e-06,0.0,0.0,0.0,0.996297,0.0,0.0,0.0,0.0,0.0,0.0,0.0,0.0,0.0,True,0.0,1219,0.0,0.0,0.0,0.0,0.0,1
94,0.0,0.003069,0.0,0.0,0.0,0.0,0.0,0.0,Æ,0.0,0.0,0.0,0.0,0.0,0.0,0.0,1e-06,0.0,0.0,0.0,0.99693,0.0,0.0,0.0,0.0,0.0,0.0,0.0,0.0,0.0,True,0.0,1233,0.0,0.0,0.0,0.0,0.0,1
95,0.0,0.003451,0.0,0.0,0.0,0.0,0.0,0.0,Æ,0.0,0.0,0.0,0.0,0.0,0.0,0.0,1e-06,0.0,0.0,0.0,0.996549,0.0,0.0,0.0,0.0,0.0,0.0,0.0,0.0,0.0,True,0.0,1245,0.0,0.0,0.0,0.0,0.0,1
96,0.0,0.004007,0.0,0.0,0.0,0.0,0.0,0.0,Æ,0.0,0.0,0.0,0.0,0.0,0.0,0.0,1e-06,0.0,0.0,0.0,0.995992,0.0,0.0,0.0,0.0,0.0,0.0,0.0,0.0,0.0,True,0.0,1254,0.0,0.0,0.0,0.0,0.0,1
97,0.0,0.004773,0.0,0.0,0.0,0.0,0.0,0.0,Æ,0.0,0.0,0.0,0.0,0.0,0.0,0.0,1e-06,0.0,0.0,0.0,0.995227,0.0,0.0,0.0,0.0,0.0,0.0,0.0,0.0,0.0,True,0.0,1268,0.0,0.0,0.0,0.0,0.0,1
98,0.0,0.004565,0.0,0.0,0.0,0.0,0.0,0.0,Æ,0.0,0.0,0.0,0.0,0.0,0.0,0.0,1e-06,0.0,0.0,0.0,0.995434,0.0,0.0,0.0,0.0,0.0,0.0,0.0,0.0,0.0,True,0.0,1286,0.0,0.0,0.0,0.0,0.0,1
99,0.0,0.00414,0.0,0.0,0.0,0.0,0.0,0.0,Æ,0.0,0.0,0.0,0.0,0.0,0.0,0.0,1e-06,0.0,0.0,0.0,0.995859,0.0,0.0,0.0,0.0,0.0,0.0,0.0,0.0,0.0,True,0.0,1300,0.0,0.0,0.0,0.0,0.0,1
100,0.0,0.003615,0.0,0.0,0.0,0.0,0.0,0.0,Æ,0.0,0.0,0.0,0.0,0.0,0.0,0.0,1e-06,0.0,0.0,0.0,0.996385,0.0,0.0,0.0,0.0,0.0,0.0,0.0,0.0,0.0,True,0.0,1319,0.0,0.0,0.0,0.0,0.0,1
101,0.0,0.004066,0.0,0.0,0.0,0.0,0.0,0.0,Æ,0.0,0.0,0.0,0.0,0.0,0.0,0.0,1e-06,0.0,0.0,0.0,0.995933,0.0,0.0,0.0,0.0,0.0,0.0,0.0,0.0,0.0,True,0.0,1331,0.0,0.0,0.0,0.0,0.0,1
102,0.0,0.00444,0.0,0.0,0.0,0.0,0.0,0.0,Æ,0.0,0.0,0.0,0.0,0.0,0.0,0.0,1e-06,0.0,0.0,0.0,0.995559,0.0,0.0,0.0,0.0,0.0,0.0,0.0,0.0,0.0,True,0.0,1344,0.0,0.0,0.0,0.0,0.0,1
103,0.0,0.004961,0.0,0.0,0.0,0.0,0.0,0.0,Æ,0.0,0.0,0.0,0.0,0.0,0.0,0.0,1e-06,0.0,0.0,0.0,0.995038,0.0,0.0,0.0,0.0,0.0,0.0,0.0,0.0,0.0,True,0.0,1353,0.0,0.0,0.0,0.0,0.0,1
104,0.0,0.004827,0.0,0.0,0.0,0.0,0.0,0.0,Æ,0.0,0.0,0.0,0.0,0.0,0.0,0.0,1e-06,0.0,0.0,0.0,0.995172,0.0,0.0,0.0,0.0,0.0,0.0,0.0,0.0,0.0,True,0.0,1364,0.0,0.0,0.0,0.0,0.0,1
105,0.0,0.004421,0.0,0.0,0.0,0.0,0.0,0.0,Æ,0.0,0.0,0.0,0.0,0.0,0.0,0.0,1e-06,0.0,0.0,0.0,0.995578,0.0,0.0,0.0,0.0,0.0,0.0,0.0,0.0,0.0,True,0.0,1375,0.0,0.0,0.0,0.0,0.0,1
106,0.0,0.004081,0.0,0.0,0.0,0.0,0.0,0.0,Æ,0.0,0.0,0.0,0.0,0.0,0.0,0.0,1e-06,0.0,0.0,0.0,0.995918,0.0,0.0,0.0,0.0,0.0,0.0,0.0,0.0,0.0,True,0.0,1387,0.0,0.0,0.0,0.0,0.0,1
107,0.0,0.004663,0.0,0.0,0.0,0.0,0.0,0.0,Æ,0.0,0.0,0.0,0.0,0.0,0.0,0.0,1e-06,0.0,0.0,0.0,0.995336,0.0,0.0,0.0,0.0,0.0,0.0,0.0,0.0,0.0,True,0.0,1398,0.0,0.0,0.0,0.0,0.0,1
108,0.0,0.003916,0.0,0.0,0.0,0.0,0.0,0.0,Æ,0.0,0.0,0.0,0.0,0.0,0.0,0.0,1e-06,0.0,0.0,0.0,0.996083,0.0,0.0,0.0,0.0,0.0,0.0,0.0,0.0,0.0,True,0.0,1411,0.0,0.0,0.0,0.0,0.0,1
109,0.0,0.00388,0.0,0.0,0.0,0.0,0.0,0.0,Æ,0.0,0.0,0.0,0.0,0.0,0.0,0.0,1e-06,0.0,0.0,0.0,0.996119,0.0,0.0,0.0,0.0,0.0,0.0,0.0,0.0,0.0,True,0.0,1423,0.0,0.0,0.0,0.0,0.0,1
110,0.0,0.003966,0.0,0.0,0.0,0.0,0.0,0.0,Æ,0.0,0.0,0.0,0.0,0.0,0.0,0.0,1e-06,0.0,0.0,0.0,0.996033,0.0,0.0,0.0,0.0,0.0,0.0,0.0,0.0,0.0,True,0.0,1432,0.0,0.0,0.0,0.0,0.0,1
111,0.0,0.003907,0.0,0.0,0.0,0.0,0.0,0.0,Æ,0.0,0.0,0.0,0.0,0.0,0.0,0.0,1e-06,0.0,0.0,0.0,0.996092,0.0,0.0,0.0,0.0,0.0,0.0,0.0,0.0,0.0,True,0.0,1445,0.0,0.0,0.0,0.0,0.0,1
112,0.0,0.003871,0.0,0.0,0.0,0.0,0.0,0.0,Æ,0.0,0.0,0.0,0.0,0.0,0.0,0.0,1e-06,0.0,0.0,0.0,0.996128,0.0,0.0,0.0,0.0,0.0,0.0,0.0,0.0,0.0,True,0.0,1454,0.0,0.0,0.0,0.0,0.0,1
113,0.0,0.003855,0.0,0.0,0.0,0.0,0.0,0.0,Æ,0.0,0.0,0.0,0.0,0.0,0.0,0.0,1e-06,0.0,0.0,0.0,0.996144,0.0,0.0,0.0,0.0,0.0,0.0,0.0,0.0,0.0,True,0.0,1465,0.0,0.0,0.0,0.0,0.0,1
114,0.0,0.004256,0.0,0.0,0.0,0.0,0.0,0.0,Æ,0.0,0.0,0.0,0.0,0.0,0.0,0.0,1e-06,0.0,0.0,0.0,0.995743,0.0,0.0,0.0,0.0,0.0,0.0,0.0,0.0,0.0,True,0.0,1478,0.0,0.0,0.0,0.0,0.0,1
115,0.0,0.004215,0.0,0.0,0.0,0.0,0.0,0.0,Æ,0.0,0.0,0.0,0.0,0.0,0.0,0.0,1e-06,0.0,0.0,0.0,0.995784,0.0,0.0,0.0,0.0,0.0,0.0,0.0,0.0,0.0,True,0.0,1498,0.0,0.0,0.0,0.0,0.0,1
116,0.0,0.005179,0.0,0.0,0.0,0.0,0.0,0.0,Æ,0.0,0.0,0.0,0.0,0.0,0.0,0.0,1e-06,0.0,0.0,0.0,0.99482,0.0,0.0,0.0,0.0,0.0,0.0,0.0,0.0,0.0,True,0.0,1511,0.0,0.0,0.0,0.0,0.0,1
117,0.0,0.005164,0.0,0.0,0.0,0.0,0.0,0.0,Æ,0.0,0.0,0.0,0.0,0.0,0.0,0.0,1e-06,0.0,0.0,0.0,0.994835,0.0,0.0,0.0,0.0,0.0,0.0,0.0,0.0,0.0,True,0.0,1531,0.0,0.0,0.0,0.0,0.0,1
118,0.0,0.004918,0.0,0.0,0.0,0.0,0.0,0.0,Æ,0.0,0.0,0.0,0.0,0.0,0.0,0.0,1e-06,0.0,0.0,0.0,0.995081,0.0,0.0,0.0,0.0,0.0,0.0,0.0,0.0,0.0,True,0.0,1545,0.0,0.0,0.0,0.0,0.0,1
119,0.0,0.00476,0.0,0.0,0.0,0.0,0.0,0.0,Æ,0.0,0.0,0.0,0.0,0.0,0.0,0.0,1e-06,0.0,0.0,0.0,0.995239,0.0,0.0,0.0,0.0,0.0,0.0,0.0,0.0,0.0,True,0.0,1557,0.0,0.0,0.0,0.0,0.0,1
120,0.0,0.004668,0.0,0.0,0.0,0.0,0.0,0.0,Æ,0.0,0.0,0.0,0.0,0.0,0.0,0.0,1e-06,0.0,0.0,0.0,0.995331,0.0,0.0,0.0,0.0,0.0,0.0,0.0,0.0,0.0,True,0.0,1575,0.0,0.0,0.0,0.0,0.0,1
121,0.0,0.004469,0.0,0.0,0.0,0.0,0.0,0.0,Æ,0.0,0.0,0.0,0.0,0.0,0.0,0.0,1e-06,0.0,0.0,0.0,0.99553,0.0,0.0,0.0,0.0,0.0,0.0,0.0,0.0,0.0,True,0.0,1589,0.0,0.0,0.0,0.0,0.0,1
122,0.0,0.005158,0.0,0.0,0.0,0.0,0.0,0.0,Æ,0.0,0.0,0.0,0.0,0.0,0.0,0.0,1e-06,0.0,0.0,0.0,0.994841,0.0,0.0,0.0,0.0,0.0,0.0,0.0,0.0,0.0,True,0.0,1601,0.0,0.0,0.0,0.0,0.0,1
123,0.0,0.004759,0.0,0.0,0.0,0.0,0.0,0.0,Æ,0.0,0.0,0.0,0.0,0.0,0.0,0.0,1e-06,0.0,0.0,0.0,0.99524,0.0,0.0,0.0,0.0,0.0,0.0,0.0,0.0,0.0,True,0.0,1620,0.0,0.0,0.0,0.0,0.0,1
124,0.0,0.00422,0.0,0.0,0.0,0.0,0.0,0.0,Æ,0.0,0.0,0.0,0.0,0.0,0.0,0.0,1e-06,0.0,0.0,0.0,0.995779,0.0,0.0,0.0,0.0,0.0,0.0,0.0,0.0,0.0,True,0.0,1633,0.0,0.0,0.0,0.0,0.0,1
125,0.0,0.004267,0.0,0.0,0.0,0.0,0.0,0.0,Æ,0.0,0.0,0.0,0.0,0.0,0.0,0.0,1e-06,0.0,0.0,0.0,0.995732,0.0,0.0,0.0,0.0,0.0,0.0,0.0,0.0,0.0,True,0.0,1642,0.0,0.0,0.0,0.0,0.0,1
126,0.0,0.004374,0.0,0.0,0.0,0.0,0.0,0.0,Æ,0.0,0.0,0.0,0.0,0.0,0.0,0.0,1e-06,0.0,0.0,0.0,0.995625,0.0,0.0,0.0,0.0,0.0,0.0,0.0,0.0,0.0,True,0.0,1653,0.0,0.0,0.0,0.0,0.0,1
127,0.0,0.004528,0.0,0.0,0.0,0.0,0.0,0.0,Æ,0.0,0.0,0.0,0.0,0.0,0.0,0.0,1e-06,0.0,0.0,0.0,0.995471,0.0,0.0,0.0,0.0,0.0,0.0,0.0,0.0,0.0,True,0.0,1665,0.0,0.0,0.0,0.0,0.0,1
128,0.0,0.004947,0.0,0.0,0.0,0.0,0.0,0.0,Æ,0.0,0.0,0.0,0.0,0.0,0.0,0.0,1e-06,0.0,0.0,0.0,0.995053,0.0,0.0,0.0,0.0,0.0,0.0,0.0,0.0,0.0,True,0.0,1676,0.0,0.0,0.0,0.0,0.0,1
129,0.0,0.005449,0.0,0.0,0.0,0.0,0.0,0.0,Æ,0.0,0.0,0.0,0.0,0.0,0.0,0.0,1e-06,0.0,0.0,0.0,0.994551,0.0,0.0,0.0,0.0,0.0,0.0,0.0,0.0,0.0,True,0.0,1687,0.0,0.0,0.0,0.0,0.0,1
130,0.0,0.006091,0.0,0.0,0.0,0.0,0.0,0.0,Æ,0.0,0.0,0.0,0.0,0.0,0.0,0.0,1e-06,0.0,0.0,0.0,0.993908,0.0,0.0,0.0,0.0,0.0,0.0,0.0,0.0,0.0,True,0.0,1701,0.0,0.0,0.0,0.0,0.0,1
131,0.0,0.005768,0.0,0.0,0.0,0.0,0.0,0.0,Æ,0.0,0.0,0.0,0.0,0.0,0.0,0.0,1e-06,0.0,0.0,0.0,0.994232,0.0,0.0,0.0,0.0,0.0,0.0,0.0,0.0,0.0,True,0.0,1713,0.0,0.0,0.0,0.0,0.0,1
132,0.0,0.00539,0.0,0.0,0.0,0.0,0.0,0.0,Æ,0.0,0.0,0.0,0.0,0.0,0.0,0.0,1e-06,0.0,0.0,0.0,0.994609,0.0,0.0,0.0,0.0,0.0,0.0,0.0,0.0,0.0,True,0.0,1722,0.0,0.0,0.0,0.0,0.0,1
133,0.0,0.00472,0.0,0.0,0.0,0.0,0.0,0.0,Æ,0.0,0.0,0.0,0.0,0.0,0.0,0.0,0.0,0.0,0.0,0.0,0.995279,0.0,0.0,0.0,0.0,0.0,0.0,0.0,0.0,0.0,True,0.0,1734,0.0,0.0,0.0,0.0,0.0,1
134,0.0,0.004162,0.0,0.0,0.0,0.0,0.0,0.0,Æ,0.0,0.0,0.0,0.0,0.0,0.0,0.0,0.0,0.0,0.0,0.0,0.995837,0.0,0.0,0.0,0.0,0.0,0.0,0.0,0.0,0.0,True,0.0,1754,0.0,0.0,0.0,0.0,0.0,1
135,0.0,0.003185,0.0,0.0,0.0,0.0,0.0,0.0,Æ,0.0,0.0,0.0,0.0,0.0,0.0,0.0,0.0,0.0,0.0,0.0,0.996814,0.0,0.0,0.0,0.0,0.0,0.0,0.0,0.0,0.0,True,0.0,1765,0.0,0.0,0.0,0.0,0.0,1
136,0.0,0.003864,0.0,0.0,0.0,0.0,0.0,0.0,Æ,0.0,0.0,0.0,0.0,0.0,0.0,0.0,0.0,0.0,0.0,0.0,0.996135,0.0,0.0,0.0,0.0,0.0,0.0,0.0,0.0,0.0,True,0.0,1777,0.0,0.0,0.0,0.0,0.0,1
137,0.0,0.005158,0.0,0.0,0.0,0.0,0.0,0.0,Æ,0.0,0.0,0.0,0.0,0.0,0.0,0.0,0.0,0.0,0.0,0.0,0.994842,0.0,0.0,0.0,0.0,0.0,0.0,0.0,0.0,0.0,True,0.0,1789,0.0,0.0,0.0,0.0,0.0,1
138,0.0,0.00738,0.0,0.0,0.0,0.0,0.0,0.0,Æ,0.0,0.0,0.0,0.0,0.0,0.0,0.0,0.0,0.0,0.0,0.0,0.99262,0.0,0.0,0.0,0.0,0.0,0.0,0.0,0.0,0.0,True,0.0,1801,0.0,0.0,0.0,0.0,0.0,1
139,0.0,0.011298,0.0,0.0,0.0,0.0,0.0,0.0,Æ,0.0,0.0,0.0,0.0,0.0,0.0,0.0,1e-06,0.0,0.0,0.0,0.988701,0.0,0.0,0.0,0.0,0.0,0.0,0.0,0.0,0.0,True,0.0,1810,0.0,0.0,0.0,0.0,0.0,1
140,0.0,0.017503,0.0,0.0,0.0,0.0,0.0,0.0,Æ,0.0,0.0,0.0,0.0,0.0,0.0,0.0,1e-06,0.0,0.0,0.0,0.982497,0.0,0.0,0.0,0.0,0.0,0.0,0.0,0.0,0.0,True,0.0,1821,0.0,0.0,0.0,0.0,0.0,1
141,0.0,0.01845,0.0,0.0,0.0,0.0,0.0,0.0,Æ,0.0,0.0,0.0,0.0,0.0,0.0,0.0,1e-06,0.0,0.0,0.0,0.98155,0.0,0.0,0.0,0.0,0.0,0.0,0.0,0.0,0.0,True,0.0,1832,0.0,0.0,0.0,0.0,0.0,1
142,0.0,0.018283,0.0,0.0,0.0,0.0,0.0,0.0,Æ,0.0,0.0,0.0,0.0,0.0,0.0,0.0,1e-06,0.0,0.0,0.0,0.981717,0.0,0.0,0.0,0.0,0.0,0.0,0.0,0.0,0.0,True,0.0,1846,0.0,0.0,0.0,0.0,0.0,1
143,0.0,0.01772,0.0,0.0,0.0,0.0,0.0,0.0,Æ,0.0,0.0,0.0,0.0,0.0,0.0,0.0,1e-06,0.0,0.0,0.0,0.98228,0.0,0.0,0.0,0.0,0.0,0.0,0.0,0.0,0.0,True,0.0,1858,0.0,0.0,0.0,0.0,0.0,1
144,0.0,0.016889,0.0,0.0,0.0,0.0,0.0,0.0,Æ,0.0,0.0,0.0,0.0,0.0,0.0,0.0,1e-06,0.0,0.0,0.0,0.98311,0.0,0.0,0.0,0.0,0.0,0.0,0.0,0.0,0.0,True,0.0,1866,0.0,0.0,0.0,0.0,0.0,1
145,0.0,0.017529,0.0,0.0,0.0,0.0,0.0,0.0,Æ,0.0,0.0,0.0,0.0,0.0,0.0,0.0,1e-06,0.0,0.0,0.0,0.982471,0.0,0.0,0.0,0.0,0.0,0.0,0.0,0.0,0.0,True,0.0,1878,0.0,0.0,0.0,0.0,0.0,1
146,0.0,0.018079,0.0,0.0,0.0,0.0,0.0,0.0,Æ,0.0,0.0,0.0,0.0,0.0,0.0,0.0,1e-06,0.0,0.0,0.0,0.981921,0.0,0.0,0.0,0.0,0.0,0.0,0.0,0.0,0.0,True,0.0,1887,0.0,0.0,0.0,0.0,0.0,1
147,0.0,0.020543,0.0,0.0,0.0,0.0,0.0,0.0,Æ,0.0,0.0,0.0,0.0,0.0,0.0,0.0,1e-06,0.0,0.0,0.0,0.979456,0.0,0.0,0.0,0.0,0.0,0.0,0.0,0.0,0.0,True,0.0,1901,0.0,0.0,0.0,0.0,0.0,1
148,0.0,0.025295,0.0,0.0,0.0,0.0,0.0,0.0,Æ,0.0,0.0,0.0,0.0,0.0,0.0,0.0,1e-06,0.0,0.0,0.0,0.974704,0.0,0.0,0.0,0.0,0.0,0.0,0.0,0.0,0.0,True,0.0,1921,0.0,0.0,0.0,0.0,0.0,1
149,0.0,0.037618,0.0,0.0,0.0,0.0,0.0,0.0,Æ,0.0,0.0,0.0,0.0,0.0,0.0,0.0,1e-06,0.0,0.0,0.0,0.962381,0.0,0.0,0.0,0.0,0.0,0.0,0.0,0.0,0.0,True,0.0,1934,0.0,0.0,0.0,0.0,0.0,1
150,0.0,0.040203,0.0,0.0,0.0,0.0,0.0,0.0,Æ,0.0,0.0,0.0,0.0,0.0,0.0,0.0,1e-06,0.0,0.0,0.0,0.959796,0.0,0.0,0.0,0.0,0.0,0.0,0.0,0.0,0.0,True,0.0,1944,0.0,0.0,0.0,0.0,0.0,1
151,0.0,0.041705,0.0,0.0,0.0,0.0,0.0,0.0,Æ,0.0,0.0,0.0,0.0,0.0,0.0,0.0,1e-06,0.0,0.0,0.0,0.958295,0.0,0.0,0.0,0.0,0.0,0.0,0.0,0.0,0.0,True,0.0,1956,0.0,0.0,0.0,0.0,0.0,1
152,0.0,0.039768,0.0,0.0,0.0,0.0,0.0,0.0,Æ,0.0,0.0,0.0,0.0,0.0,0.0,0.0,1e-06,0.0,0.0,0.0,0.960231,0.0,0.0,0.0,0.0,0.0,0.0,0.0,0.0,0.0,True,0.0,1966,0.0,0.0,0.0,0.0,0.0,1
153,0.0,0.036854,0.0,0.0,0.0,0.0,0.0,0.0,Æ,0.0,0.0,0.0,0.0,0.0,0.0,0.0,1e-06,0.0,0.0,0.0,0.963145,0.0,0.0,0.0,0.0,0.0,0.0,0.0,0.0,0.0,True,0.0,1979,0.0,0.0,0.0,0.0,0.0,1
154,0.0,0.039688,0.0,0.0,0.0,0.0,0.0,0.0,Æ,0.0,0.0,0.0,0.0,0.0,0.0,0.0,1e-06,0.0,0.0,0.0,0.960311,0.0,0.0,0.0,0.0,0.0,0.0,0.0,0.0,0.0,True,0.0,1999,0.0,0.0,0.0,0.0,0.0,1
