Email;Framecount;FrameCount;Head.pos.x;Head.pos.y;Head.pos.z;Head.rot.w;Head.rot.x;Head.rot.y;Head.rot.z;IndexDistalJoint.pos.x;IndexDistalJoint.pos.y;IndexDistalJoint.pos.z;IndexDistalJoint.rot.w;IndexDistalJoint.rot.x;IndexDistalJoint.rot.y;IndexDistalJoint.rot.z;IndexKnuckle.pos.x;IndexKnuckle.pos.y;IndexKnuckle.pos.z;IndexKnuckle.rot.w;IndexKnuckle.rot.x;IndexKnuckle.rot.y;IndexKnuckle.rot.z;IndexMetacarpal.pos.x;IndexMetacarpal.pos.y;IndexMetacarpal.pos.z;IndexMetacarpal.rot.w;IndexMetacarpal.rot.x;IndexMetacarpal.rot.y;IndexMetacarpal.rot.z;IndexMiddleJoint.pos.x;IndexMiddleJoint.pos.y;IndexMiddleJoint.pos.z;IndexMiddleJoint.rot.w;IndexMiddleJoint.rot.x;IndexMiddleJoint.rot.y;IndexMiddleJoint.rot.z;IndexTip.pos.x;IndexTip.pos.y;IndexTip.pos.z;IndexTip.rot.w;IndexTip.rot.x;IndexTip.rot.y;IndexTip.rot.z;MiddleDistalJoint.pos.x;MiddleDistalJoint.pos.y;MiddleDistalJoint.pos.z;MiddleDistalJoint.rot.w;MiddleDistalJoint.rot.x;MiddleDistalJoint.rot.y;MiddleDistalJoint.rot.z;MiddleKnuckle.pos.x;MiddleKnuckle.pos.y;MiddleKnuckle.pos.z;MiddleKnuckle.rot.w;MiddleKnuckle.rot.x;MiddleKnuckle.rot.y;MiddleKnuckle.rot.z;MiddleMetacarpal.pos.x;MiddleMetacarpal.pos.y;MiddleMetacarpal.pos.z;MiddleMetacarpal.rot.w;MiddleMetacarpal.rot.x;MiddleMetacarpal.rot.y;MiddleMetacarpal.rot.z;MiddleMiddleJoint.pos.x;MiddleMiddleJoint.pos.y;MiddleMiddleJoint.pos.z;MiddleMiddleJoint.rot.w;MiddleMiddleJoint.rot.x;MiddleMiddleJoint.rot.y;MiddleMiddleJoint.rot.z;MiddleTip.pos.x;MiddleTip.pos.y;MiddleTip.pos.z;MiddleTip.rot.w;MiddleTip.rot.x;MiddleTip.rot.y;MiddleTip.rot.z;Palm.pos.x;Palm.pos.y;Palm.pos.z;Palm.rot.w;Palm.rot.x;Palm.rot.y;Palm.rot.z;PinkyDistalJoint.pos.x;PinkyDistalJoint.pos.y;PinkyDistalJoint.pos.z;PinkyDistalJoint.rot.w;PinkyDistalJoint.rot.x;PinkyDistalJoint.rot.y;PinkyDistalJoint.rot.z;PinkyKnuckle.pos.x;PinkyKnuckle.pos.y;PinkyKnuckle.pos.z;PinkyKnuckle.rot.w;PinkyKnuckle.rot.x;PinkyKnuckle.rot.y;PinkyKnuckle.rot.z;PinkyMetacarpal.pos.x;PinkyMetacarpal.pos.y;PinkyMetacarpal.pos.z;PinkyMetacarpal.rot.w;PinkyMetacarpal.rot.x;PinkyMetacarpal.rot.y;PinkyMetacarpal.rot.z;PinkyMiddleJoint.pos.x;PinkyMiddleJoint.pos.y;PinkyMiddleJoint.pos.z;PinkyMiddleJoint.rot.w;PinkyMiddleJoint.rot.x;PinkyMiddleJoint.rot.y;PinkyMiddleJoint.rot.z;PinkyTip.pos.x;PinkyTip.pos.y;PinkyTip.pos.z;PinkyTip.rot.w;PinkyTip.rot.x;PinkyTip.rot.y;PinkyTip.rot.z;RealTimeStamp;RingDistalJoint.pos.x;RingDistalJoint.pos.y;RingDistalJoint.pos.z;RingDistalJoint.rot.w;RingDistalJoint.rot.x;RingDistalJoint.rot.y;RingDistalJoint.rot.z;RingKnuckle.pos.x;RingKnuckle.pos.y;RingKnuckle.pos.z;RingKnuckle.rot.w;RingKnuckle.rot.x;RingKnuckle.rot.y;RingKnuckle.rot.z;RingMetacarpal.pos.x;RingMetacarpal.pos.y;RingMetacarpal.pos.z;RingMetacarpal.rot.w;RingMetacarpal.rot.x;RingMetacarpal.rot.y;RingMetacarpal.rot.z;RingMiddleJoint.pos.x;RingMiddleJoint.pos.y;RingMiddleJoint.pos.z;RingMiddleJoint.rot.w;RingMiddleJoint.rot.x;RingMiddleJoint.rot.y;RingMiddleJoint.rot.z;RingTip.pos.x;RingTip.pos.y;RingTip.pos.z;RingTip.rot.w;RingTip.rot.x;RingTip.rot.y;RingTip.rot.z;SessionID;ThumbDistalJoint.pos.x;ThumbDistalJoint.pos.y;ThumbDistalJoint.pos.z;ThumbDistalJoint.rot.w;ThumbDistalJoint.rot.x;ThumbDistalJoint.rot.y;ThumbDistalJoint.rot.z;ThumbMetacarpalJoint.pos.x;ThumbMetacarpalJoint.pos.y;ThumbMetacarpalJoint.pos.z;ThumbMetacarpalJoint.rot.w;ThumbMetacarpalJoint.rot.x;ThumbMetacarpalJoint.rot.y;ThumbMetacarpalJoint.rot.z;ThumbProximalJoint.pos.x;ThumbProximalJoint.pos.y;ThumbProximalJoint.pos.z;ThumbProximalJoint.rot.w;ThumbProximalJoint.rot.x;ThumbProximalJoint.rot.y;ThumbProximalJoint.rot.z;ThumbTip.pos.x;ThumbTip.pos.y;ThumbTip.pos.z;ThumbTip.rot.w;ThumbTip.rot.x;ThumbTip.rot.y;ThumbTip.rot.z;Timestamp;Wrist.pos.x;Wrist.pos.y;Wrist.pos.z;Wrist.rot.w;Wrist.rot.x;Wrist.rot.y;Wrist.rot.z
NA;49386;0;0.049972;1.652283;0.152532;0.976617;0.213343;-0.024780;0.009540;0.105453;1.528257;0.507476;0.037302;0.068513;-0.522394;-0.849128;0.111826;1.466867;0.478572;0.054322;0.017827;-0.526139;-0.848475;0.120659;1.408239;0.449049;0.057067;0.071969;-0.526411;-0.845255;0.108193;1.503889;0.497094;0.035053;0.038585;-0.550968;-0.832897;0.101318;1.549319;0.519353;0.037302;0.068513;-0.522394;-0.849128;0.061835;1.525628;0.512572;0.064086;0.174100;-0.482958;-0.855765;0.088495;1.460114;0.481629;0.096009;0.144981;-0.520816;-0.835772;0.103653;1.402597;0.447934;0.057067;0.071969;-0.526411;-0.845255;0.072393;1.499750;0.501170;0.085712;0.156247;-0.535461;-0.825544;0.051603;1.546880;0.526485;0.064086;0.174100;-0.482958;-0.855765;0.097117;1.413139;0.460007;0.057067;0.071969;-0.526411;-0.845255;0.015643;1.480477;0.475657;0.058087;0.347212;-0.489261;-0.797931;0.052158;1.441390;0.459709;0.109008;0.329700;-0.475471;-0.808296;0.073967;1.399275;0.443819;-0.047195;0.298325;-0.502157;-0.810317;0.030728;1.464843;0.470832;0.078756;0.386820;-0.491891;-0.776023;0.000843;1.497693;0.483614;0.058087;0.347212;-0.489261;-0.797931;2023/05/02 13:39:31.4803;0.036691;1.510179;0.499263;0.033679;0.218259;-0.542911;-0.810232;0.069116;1.451694;0.473095;0.092504;0.216568;-0.509633;-0.827536;0.082529;1.399826;0.448044;0.057067;0.071969;-0.526411;-0.845255;0.049773;1.486021;0.489619;0.058407;0.238247;-0.526906;-0.813755;0.025713;1.532434;0.509151;0.033679;0.218259;-0.542911;-0.810232;2746c083-2ca0-47c5-a755-74b0341c227a;0.175624;1.465211;0.463534;0.211122;-0.572277;-0.201113;-0.766473;0.133145;1.410033;0.443638;0.285390;-0.540374;-0.330749;-0.719134;0.154106;1.437966;0.450663;0.231086;-0.465847;-0.330423;-0.787659;0.197407;1.479025;0.471431;0.211122;-0.572277;-0.201113;-0.766473;0;0.105740;1.366165;0.438384;0.057067;0.071969;-0.526411;-0.845255
NA;49387;1;0.049949;1.653364;0.152064;0.978439;0.204683;-0.025414;0.010769;0.104801;1.528025;0.508890;0.034568;0.068430;-0.524606;-0.847886;0.110958;1.466576;0.480072;0.051638;0.017668;-0.526241;-0.848582;0.119273;1.408012;0.450267;0.052931;0.069892;-0.524655;-0.846789;0.107454;1.503615;0.498586;0.032320;0.038393;-0.552311;-0.832127;0.100735;1.549163;0.520655;0.034568;0.068430;-0.524606;-0.847886;0.061284;1.525781;0.513826;0.059868;0.173975;-0.485570;-0.854617;0.087565;1.460020;0.483087;0.092111;0.144456;-0.521805;-0.835684;0.102216;1.402532;0.449115;0.052931;0.069892;-0.524655;-0.846789;0.071688;1.499788;0.502545;0.081641;0.155755;-0.537466;-0.824746;0.051161;1.547172;0.527605;0.059868;0.173975;-0.485570;-0.854617;0.095769;1.413077;0.461236;0.052931;0.069892;-0.524655;-0.846789;0.015051;1.481325;0.476904;0.051846;0.345029;-0.491447;-0.797965;0.051069;1.441736;0.461060;0.102463;0.327702;-0.478016;-0.808464;0.072501;1.399504;0.444970;-0.051725;0.296090;-0.501495;-0.811269;0.029936;1.465492;0.472108;0.072682;0.384589;-0.494303;-0.776191;0.000463;1.498737;0.484830;0.051846;0.345029;-0.491447;-0.797965;2023/05/02 13:39:31.5252;0.036115;1.510604;0.500517;0.028832;0.217387;-0.545319;-0.809036;0.068115;1.451819;0.474503;0.088125;0.215732;-0.510744;-0.827547;0.081065;1.399956;0.449201;0.052931;0.069892;-0.524655;-0.846789;0.049012;1.486313;0.490962;0.053843;0.237372;-0.528740;-0.813136;0.025311;1.532997;0.510285;0.028832;0.217387;-0.545319;-0.809036;2746c083-2ca0-47c5-a755-74b0341c227a;0.174851;1.464404;0.464841;0.208299;-0.573594;-0.197228;-0.767270;0.131779;1.409714;0.444873;0.282767;-0.542270;-0.326873;-0.720514;0.153031;1.437419;0.451934;0.227929;-0.467909;-0.326737;-0.788894;0.196779;1.477988;0.472738;0.208299;-0.573594;-0.197228;-0.767270;44;0.103973;1.366133;0.439385;0.052931;0.069892;-0.524655;-0.846789
NA;49388;2;0.049521;1.653990;0.151978;0.978695;0.203502;-0.025121;0.010538;0.102288;1.526917;0.510683;0.040315;0.071434;-0.527208;-0.845768;0.109209;1.465502;0.481978;0.057472;0.020560;-0.526149;-0.848199;0.117946;1.407345;0.451518;0.057391;0.071060;-0.519755;-0.849418;0.105246;1.502495;0.500491;0.037975;0.041549;-0.553982;-0.830624;0.097958;1.548086;0.522297;0.040315;0.071434;-0.527208;-0.845768;0.059058;1.524228;0.515765;0.063113;0.176168;-0.485740;-0.853838;0.085888;1.458699;0.485006;0.095593;0.146649;-0.520904;-0.835473;0.100936;1.401717;0.450374;0.057391;0.071060;-0.519755;-0.849418;0.069678;1.498319;0.504493;0.084992;0.158054;-0.536941;-0.824312;0.048758;1.545567;0.529493;0.063113;0.176168;-0.485740;-0.853838;0.094442;1.412066;0.462631;0.057391;0.071060;-0.519755;-0.849418;0.013385;1.479763;0.478923;0.051361;0.345753;-0.490502;-0.798263;0.049481;1.440314;0.462916;0.102689;0.328375;-0.475822;-0.809456;0.071241;1.398452;0.446305;-0.048661;0.296658;-0.495932;-0.814664;0.028298;1.463972;0.474075;0.072491;0.385275;-0.492585;-0.776961;-0.001223;1.497150;0.486869;0.051361;0.345753;-0.490502;-0.798263;2023/05/02 13:39:31.5704;0.034109;1.509065;0.502244;0.030340;0.219716;-0.547122;-0.807132;0.066482;1.450410;0.476405;0.090398;0.217744;-0.510666;-0.826823;0.079816;1.398938;0.450511;0.057391;0.071060;-0.519755;-0.849418;0.047153;1.484810;0.492796;0.055775;0.239527;-0.529504;-0.811875;0.023178;1.531464;0.511856;0.030340;0.219716;-0.547122;-0.807132;2746c083-2ca0-47c5-a755-74b0341c227a;0.173007;1.464150;0.466438;0.216125;-0.572871;-0.196706;-0.765778;0.130410;1.409228;0.446090;0.289870;-0.540671;-0.325300;-0.719604;0.151412;1.437073;0.453347;0.235066;-0.466710;-0.324657;-0.788368;0.194799;1.477929;0.474379;0.216125;-0.572871;-0.196706;-0.765778;90;0.102997;1.365434;0.440256;0.057391;0.071060;-0.519755;-0.849418
NA;49389;3;0.049291;1.654343;0.152031;0.978416;0.204665;-0.025446;0.012908;0.102103;1.526499;0.511731;0.049843;0.068222;-0.535492;-0.840303;0.109355;1.464767;0.483818;0.066788;0.017012;-0.530526;-0.844863;0.117988;1.406897;0.452811;0.065396;0.065548;-0.516198;-0.851450;0.105216;1.501925;0.501957;0.047385;0.038585;-0.561245;-0.825391;0.097679;1.547860;0.522952;0.049843;0.068222;-0.535492;-0.840303;0.059497;1.523601;0.517458;0.068502;0.171216;-0.491834;-0.850936;0.086150;1.457754;0.487230;0.101314;0.141473;-0.525373;-0.832889;0.101007;1.401131;0.451954;0.065396;0.065548;-0.516198;-0.851450;0.070058;1.497568;0.506417;0.090772;0.153104;-0.541916;-0.821369;0.049304;1.545127;0.530970;0.068502;0.171216;-0.491834;-0.850936;0.094668;1.411335;0.464401;0.065396;0.065548;-0.516198;-0.851450;0.013708;1.478684;0.482328;0.054417;0.339024;-0.490598;-0.800884;0.049492;1.439211;0.465693;0.105995;0.321510;-0.474727;-0.812423;0.071280;1.397635;0.448416;-0.041731;0.291017;-0.492544;-0.819126;0.028521;1.462880;0.477223;0.075890;0.378659;-0.491847;-0.780350;-0.000739;1.496103;0.490492;0.054417;0.339024;-0.490598;-0.800884;2023/05/02 13:39:31.6147;0.034436;1.508351;0.504184;0.034784;0.216188;-0.554331;-0.802976;0.066657;1.449361;0.478933;0.095302;0.213461;-0.515903;-0.824133;0.079927;1.398164;0.452466;0.065396;0.065548;-0.516198;-0.851450;0.047422;1.483955;0.495022;0.060585;0.235679;-0.535833;-0.808497;0.023575;1.530919;0.513474;0.034784;0.216188;-0.554331;-0.802976;2746c083-2ca0-47c5-a755-74b0341c227a;0.172650;1.464135;0.467319;0.224961;-0.576802;-0.195229;-0.760643;0.130323;1.408937;0.447152;0.298834;-0.543409;-0.322407;-0.715164;0.151147;1.436934;0.454331;0.244232;-0.470191;-0.321765;-0.784690;0.194393;1.478118;0.475031;0.224961;-0.576802;-0.195229;-0.760643;134;0.103186;1.364916;0.441571;0.065396;0.065548;-0.516198;-0.851450
NA;49390;4;0.048489;1.653459;0.153281;0.977651;0.207942;-0.027828;0.013607;0.102269;1.527548;0.515563;0.053937;0.064251;-0.539368;-0.837881;0.109372;1.465636;0.488024;0.070727;0.012861;-0.532672;-0.843263;0.117626;1.408098;0.456247;0.068483;0.060338;-0.510604;-0.854958;0.105339;1.502892;0.505984;0.051480;0.034716;-0.564744;-0.822927;0.097910;1.549011;0.526614;0.053937;0.064251;-0.539368;-0.837881;0.060052;1.524608;0.521912;0.069265;0.166604;-0.494076;-0.850491;0.086214;1.458577;0.491658;0.102486;0.136715;-0.526550;-0.832797;0.100633;1.402353;0.455521;0.068483;0.060338;-0.510604;-0.854958;0.070427;1.498508;0.510853;0.092089;0.148367;-0.542962;-0.821401;0.050053;1.546244;0.535396;0.069265;0.166604;-0.494076;-0.850491;0.094432;1.412439;0.468160;0.068483;0.060338;-0.510604;-0.854958;0.014002;1.479872;0.487844;0.053763;0.332016;-0.486988;-0.806051;0.049276;1.440286;0.470388;0.104221;0.314988;-0.472385;-0.816562;0.070836;1.398926;0.452323;-0.040158;0.285365;-0.487838;-0.823995;0.028646;1.464043;0.482346;0.075210;0.371890;-0.488032;-0.786045;-0.000219;1.497290;0.496399;0.053763;0.332016;-0.486988;-0.806051;2023/05/02 13:39:31.6595;0.034807;1.509311;0.509206;0.036158;0.211544;-0.553044;-0.805036;0.066613;1.450280;0.483520;0.096115;0.208939;-0.515355;-0.825540;0.079536;1.399409;0.456264;0.068483;0.060338;-0.510604;-0.854958;0.047641;1.484920;0.499821;0.061879;0.231062;-0.534265;-0.810766;0.024096;1.531874;0.518680;0.036158;0.211544;-0.553044;-0.805036;2746c083-2ca0-47c5-a755-74b0341c227a;0.172698;1.464767;0.471269;0.228333;-0.578274;-0.185811;-0.760880;0.129912;1.410162;0.450487;0.303175;-0.544232;-0.314433;-0.716260;0.150893;1.437963;0.457963;0.246766;-0.472190;-0.312011;-0.786633;0.194588;1.478473;0.479062;0.228333;-0.578274;-0.185811;-0.760880;179;0.102650;1.366300;0.444662;0.068483;0.060338;-0.510604;-0.854958
NA;49391;5;0.046957;1.650559;0.155030;0.975764;0.216595;-0.030058;0.008235;0.104958;1.528242;0.518099;0.057549;0.060560;-0.539670;-0.837722;0.111905;1.466362;0.490451;0.074365;0.009077;-0.531788;-0.843558;0.119756;1.409045;0.458209;0.071242;0.055467;-0.507603;-0.856848;0.107982;1.503589;0.508496;0.055229;0.031099;-0.564553;-0.822960;0.100666;1.549712;0.529160;0.057549;0.060560;-0.539670;-0.837722;0.063205;1.525522;0.524615;0.070080;0.161224;-0.495977;-0.850354;0.088790;1.459284;0.494315;0.103625;0.131273;-0.527993;-0.832618;0.102756;1.403298;0.457663;0.071242;0.055467;-0.507603;-0.856848;0.073362;1.499358;0.513504;0.093502;0.142873;-0.543635;-0.821770;0.053435;1.547261;0.538099;0.070080;0.161224;-0.495977;-0.850354;0.096722;1.413288;0.470442;0.071242;0.055467;-0.507603;-0.856848;0.016851;1.480984;0.491272;0.053651;0.325359;-0.485854;-0.809450;0.051600;1.441127;0.473370;0.102709;0.308691;-0.473236;-0.818663;0.072938;1.399875;0.454802;-0.038211;0.280344;-0.485589;-0.827134;0.031316;1.465073;0.485539;0.074853;0.365441;-0.487489;-0.789433;0.002853;1.498451;0.500089;0.053651;0.325359;-0.485854;-0.809450;2023/05/02 13:39:31.7048;0.037567;1.510334;0.511786;0.037849;0.208404;-0.555369;-0.804177;0.069094;1.451039;0.486358;0.097258;0.205679;-0.518799;-0.824066;0.081684;1.400333;0.458643;0.071242;0.055467;-0.507603;-0.856848;0.050298;1.485863;0.502469;0.063500;0.227862;-0.536736;-0.809915;0.026954;1.532969;0.521201;0.037849;0.208404;-0.555369;-0.804177;2746c083-2ca0-47c5-a755-74b0341c227a;0.174994;1.465803;0.472478;0.230984;-0.584233;-0.183396;-0.756098;0.131958;1.411170;0.452296;0.307000;-0.549568;-0.311717;-0.711730;0.153008;1.438997;0.459478;0.250420;-0.478236;-0.309414;-0.782843;0.196994;1.479518;0.479936;0.230984;-0.584233;-0.183396;-0.756098;224;0.104654;1.367292;0.446569;0.071242;0.055467;-0.507603;-0.856848
NA;49392;6;0.046306;1.647312;0.155115;0.972831;0.228755;-0.033689;0.011664;0.104392;1.530655;0.518542;0.058960;0.060252;-0.542221;-0.835996;0.111415;1.468627;0.491248;0.075631;0.008694;-0.534146;-0.841957;0.119200;1.411183;0.459271;0.072219;0.054456;-0.509879;-0.855478;0.107449;1.505950;0.509085;0.056560;0.030829;-0.566989;-0.821203;0.100075;1.552187;0.529473;0.058960;0.060252;-0.542221;-0.835996;0.062786;1.528101;0.524878;0.071115;0.160201;-0.499449;-0.848428;0.088313;1.461557;0.495203;0.104349;0.130232;-0.532373;-0.829898;0.102204;1.405411;0.458819;0.072219;0.054456;-0.509879;-0.855478;0.072920;1.501839;0.513981;0.094439;0.141792;-0.547157;-0.819510;0.053040;1.549953;0.538198;0.071115;0.160201;-0.499449;-0.848428;0.096218;1.415434;0.471568;0.072219;0.054456;-0.509879;-0.855478;0.016540;1.483614;0.491625;0.053272;0.324517;-0.492062;-0.806056;0.051087;1.443262;0.474443;0.101296;0.307759;-0.481142;-0.814571;0.072408;1.401921;0.456056;-0.036643;0.279662;-0.487839;-0.826111;0.030930;1.467547;0.486142;0.074680;0.364452;-0.493955;-0.785879;0.002615;1.501267;0.500184;0.053272;0.324517;-0.492062;-0.806056;2023/05/02 13:39:31.7495;0.037175;1.512984;0.511866;0.038470;0.207893;-0.560563;-0.800669;0.068603;1.453257;0.487336;0.097434;0.204913;-0.525430;-0.820025;0.081162;1.402405;0.459875;0.072219;0.054456;-0.509879;-0.855478;0.049869;1.488369;0.502883;0.064139;0.227232;-0.542318;-0.806315;0.026593;1.535751;0.520993;0.038470;0.207893;-0.560563;-0.800669;2746c083-2ca0-47c5-a755-74b0341c227a;0.174314;1.468386;0.472465;0.230278;-0.588528;-0.187930;-0.751857;0.131359;1.413328;0.453284;0.306887;-0.553795;-0.315409;-0.706859;0.152352;1.441321;0.459969;0.251108;-0.482366;-0.313972;-0.778261;0.196317;1.482284;0.479567;0.230278;-0.588528;-0.187930;-0.751857;269;0.104124;1.369311;0.447933;0.072219;0.054456;-0.509879;-0.855478
NA;49393;7;0.045602;1.645947;0.154975;0.970259;0.238808;-0.037824;0.011777;0.103597;1.532261;0.520642;0.054646;0.065295;-0.543889;-0.834826;0.110872;1.470130;0.493652;0.071270;0.013765;-0.536040;-0.841067;0.118858;1.412695;0.461756;0.067655;0.059070;-0.510502;-0.855174;0.106735;1.507519;0.511311;0.052032;0.035763;-0.568778;-0.820064;0.099173;1.553833;0.531451;0.054646;0.065295;-0.543889;-0.834826;0.061959;1.529743;0.526659;0.066869;0.165013;-0.499900;-0.847585;0.087700;1.463134;0.497315;0.099857;0.134923;-0.533292;-0.829110;0.101853;1.406965;0.461111;0.067655;0.059070;-0.510502;-0.855174;0.072168;1.503459;0.515884;0.089905;0.146373;-0.547808;-0.818779;0.052098;1.551612;0.539863;0.066869;0.165013;-0.499900;-0.847585;0.095761;1.416981;0.473791;0.067655;0.059070;-0.510502;-0.855174;0.016228;1.485904;0.491988;0.046293;0.329883;-0.499012;-0.800014;0.050683;1.444950;0.476089;0.093668;0.313085;-0.489665;-0.808352;0.072106;1.403538;0.457982;-0.040995;0.284131;-0.488122;-0.824212;0.030558;1.469622;0.487009;0.067856;0.369494;-0.501597;-0.779276;0.002310;1.503794;0.500052;0.046293;0.329883;-0.499012;-0.800014;2023/05/02 13:39:31.7952;0.036495;1.514917;0.512808;0.033211;0.212963;-0.563909;-0.797214;0.068066;1.454893;0.489201;0.092285;0.210031;-0.529655;-0.816601;0.080812;1.403996;0.461911;0.067655;0.059070;-0.510502;-0.855174;0.049233;1.490196;0.504186;0.059092;0.232292;-0.545870;-0.802854;0.025860;1.537784;0.521616;0.033211;0.212963;-0.563909;-0.797214;2746c083-2ca0-47c5-a755-74b0341c227a;0.173794;1.470161;0.474869;0.228980;-0.587104;-0.193178;-0.752037;0.131074;1.414841;0.455892;0.304161;-0.553031;-0.318533;-0.707234;0.152038;1.442876;0.462496;0.250122;-0.480592;-0.319292;-0.777511;0.195695;1.484225;0.481965;0.228980;-0.587104;-0.193178;-0.752037;314;0.103821;1.370828;0.450267;0.067655;0.059070;-0.510502;-0.855174
NA;49394;8;0.045260;1.644400;0.154181;0.968616;0.245054;-0.040476;0.009681;0.101991;1.533805;0.521047;0.056248;0.066811;-0.542938;-0.835219;0.109556;1.471810;0.493821;0.073036;0.015264;-0.534579;-0.841819;0.117718;1.414286;0.462125;0.068950;0.059788;-0.511871;-0.854201;0.105243;1.509119;0.511606;0.053725;0.037272;-0.566881;-0.821201;0.097465;1.555335;0.531895;0.056248;0.066811;-0.542938;-0.835219;0.060545;1.531408;0.526654;0.068282;0.165062;-0.499954;-0.847431;0.086404;1.464758;0.497503;0.100913;0.135154;-0.534769;-0.827993;0.100730;1.408505;0.461494;0.068950;0.059788;-0.511871;-0.854201;0.070800;1.505126;0.515918;0.091138;0.146536;-0.548356;-0.818246;0.050647;1.553263;0.539855;0.068282;0.165062;-0.499954;-0.847431;0.094603;1.418549;0.474138;0.068950;0.059788;-0.511871;-0.854201;0.014977;1.487573;0.491621;0.046734;0.331043;-0.502771;-0.797150;0.049444;1.446394;0.476331;0.093302;0.314185;-0.494877;-0.804785;0.070991;1.404984;0.458369;-0.039361;0.284997;-0.489100;-0.823413;0.029314;1.471232;0.486859;0.068318;0.370538;-0.505687;-0.776090;0.001037;1.505541;0.499472;0.046734;0.331043;-0.502771;-0.797150;2023/05/02 13:39:31.8262;0.034980;1.516431;0.512766;0.035290;0.214140;-0.563925;-0.796798;0.066795;1.456432;0.489413;0.093842;0.211194;-0.531374;-0.815005;0.079696;1.405480;0.462298;0.068950;0.059788;-0.511871;-0.854201;0.047826;1.491746;0.504200;0.061061;0.233442;-0.546263;-0.802106;0.024241;1.539259;0.521547;0.035290;0.214140;-0.563925;-0.796798;2746c083-2ca0-47c5-a755-74b0341c227a;0.172609;1.472093;0.474363;0.227387;-0.590484;-0.197459;-0.748755;0.129932;1.416444;0.456259;0.302804;-0.556562;-0.321723;-0.703593;0.150891;1.444579;0.462438;0.249937;-0.483748;-0.323973;-0.773667;0.194514;1.486296;0.481162;0.227387;-0.590484;-0.197459;-0.748755;346;0.102803;1.372340;0.450772;0.068950;0.059788;-0.511871;-0.854201
NA;49395;9;0.045379;1.645782;0.154047;0.969426;0.242006;-0.039325;0.010040;0.101314;1.534898;0.521292;0.055141;0.068108;-0.544717;-0.834029;0.108949;1.472742;0.494453;0.071754;0.016576;-0.537290;-0.840177;0.117186;1.415080;0.463055;0.067825;0.061129;-0.514113;-0.852849;0.104587;1.510162;0.511993;0.052467;0.038567;-0.569122;-0.819671;0.096759;1.556474;0.532039;0.055141;0.068108;-0.544717;-0.834029;0.059838;1.532478;0.526914;0.067392;0.166445;-0.502166;-0.845922;0.085778;1.465723;0.498079;0.100104;0.136339;-0.536249;-0.826939;0.100197;1.409300;0.462396;0.067825;0.061129;-0.514113;-0.852849;0.070123;1.506153;0.516314;0.090275;0.147748;-0.550072;-0.816971;0.049901;1.554402;0.539971;0.067392;0.166445;-0.502166;-0.845922;0.094039;1.419395;0.474972;0.067825;0.061129;-0.514113;-0.852849;0.014475;1.488663;0.491695;0.045158;0.332108;-0.506672;-0.794323;0.048890;1.447279;0.476853;0.092080;0.315034;-0.498145;-0.802575;0.070481;1.405768;0.459177;-0.039881;0.286548;-0.491125;-0.821642;0.028781;1.472240;0.487126;0.067073;0.371436;-0.509294;-0.773406;0.000559;1.506744;0.499326;0.045158;0.332108;-0.506672;-0.794323;2023/05/02 13:39:31.8634;0.034361;1.517506;0.512920;0.034272;0.215204;-0.566169;-0.794963;0.066196;1.457370;0.489953;0.092972;0.212144;-0.533455;-0.813497;0.079170;1.406278;0.463138;0.067825;0.061129;-0.514113;-0.852849;0.047210;1.492768;0.504516;0.060191;0.234444;-0.548364;-0.800443;0.023618;1.540393;0.521544;0.034272;0.215204;-0.566169;-0.794963;2746c083-2ca0-47c5-a755-74b0341c227a;0.172038;1.473026;0.474950;0.225282;-0.590941;-0.200238;-0.748293;0.129411;1.417222;0.457209;0.300956;-0.557199;-0.324711;-0.702508;0.150337;1.445422;0.463201;0.248185;-0.484245;-0.326879;-0.772698;0.193935;1.487279;0.481668;0.225282;-0.590941;-0.200238;-0.748293;383;0.102301;1.373068;0.451864;0.067825;0.061129;-0.514113;-0.852849
NA;49396;10;0.045178;1.645603;0.153491;0.970626;0.237190;-0.039237;0.009280;0.099696;1.536173;0.521859;0.057581;0.069467;-0.544913;-0.833624;0.107674;1.473975;0.495212;0.074077;0.017952;-0.538767;-0.839000;0.116226;1.416139;0.464268;0.070334;0.062502;-0.517508;-0.850489;0.103105;1.511433;0.512616;0.054799;0.040030;-0.569962;-0.818864;0.095025;1.557734;0.532586;0.057581;0.069467;-0.544913;-0.833624;0.058224;1.533677;0.527224;0.070249;0.167692;-0.505102;-0.843693;0.084541;1.466857;0.498886;0.102876;0.137519;-0.538924;-0.824661;0.099271;1.410249;0.463671;0.070334;0.062502;-0.517508;-0.850489;0.068658;1.507332;0.516819;0.093061;0.149002;-0.552679;-0.814668;0.048164;1.555650;0.540101;0.070249;0.167692;-0.505102;-0.843693;0.093074;1.420385;0.476170;0.070334;0.062502;-0.517508;-0.850489;0.013370;1.489642;0.492025;0.045891;0.332485;-0.512739;-0.790219;0.047768;1.448030;0.477796;0.093223;0.315005;-0.503372;-0.799186;0.069600;1.406494;0.460478;-0.036512;0.288296;-0.493732;-0.819623;0.027662;1.473135;0.487718;0.068255;0.371601;-0.514926;-0.769484;-0.000530;1.507859;0.499354;0.045891;0.332485;-0.512739;-0.790219;2023/05/02 13:39:31.9050;0.032835;1.518566;0.513032;0.036842;0.217188;-0.570468;-0.791226;0.065010;1.458327;0.490820;0.095684;0.213704;-0.537696;-0.809975;0.078284;1.407086;0.464439;0.070334;0.062502;-0.517508;-0.850489;0.045822;1.493796;0.504938;0.062984;0.236217;-0.552444;-0.796894;0.021965;1.541503;0.521357;0.036842;0.217188;-0.570468;-0.791226;2746c083-2ca0-47c5-a755-74b0341c227a;0.170572;1.474808;0.475133;0.225950;-0.593300;-0.208405;-0.743982;0.128418;1.418340;0.458380;0.301198;-0.559598;-0.330907;-0.697590;0.149129;1.446795;0.463891;0.250020;-0.486138;-0.334454;-0.767659;0.192335;1.489409;0.481532;0.225950;-0.593300;-0.208405;-0.743982;425;0.101607;1.373913;0.453454;0.070334;0.062502;-0.517508;-0.850489
NA;49397;11;0.044766;1.646326;0.153119;0.971309;0.234039;-0.040817;0.010916;0.097266;1.535445;0.524880;0.056652;0.074363;-0.541266;-0.835639;0.105725;1.473505;0.497784;0.073384;0.022945;-0.535566;-0.840986;0.114751;1.415973;0.466413;0.069463;0.067331;-0.513990;-0.852324;0.100855;1.510799;0.515457;0.053845;0.044913;-0.566618;-0.820992;0.092416;1.556889;0.535760;0.056652;0.074363;-0.541266;-0.835639;0.055829;1.532786;0.529842;0.068725;0.172285;-0.501860;-0.844827;0.082589;1.466270;0.501201;0.101317;0.142215;-0.535962;-0.825987;0.097824;1.410025;0.465623;0.069463;0.067331;-0.513990;-0.852324;0.066431;1.506558;0.519311;0.091419;0.153619;-0.549520;-0.816132;0.045594;1.554628;0.542804;0.068725;0.172285;-0.501860;-0.844827;0.091485;1.420029;0.478156;0.069463;0.067331;-0.513990;-0.852324;0.011609;1.489048;0.493894;0.041884;0.335509;-0.510734;-0.790462;0.046064;1.447493;0.479641;0.089577;0.318189;-0.500998;-0.799833;0.068196;1.406190;0.462148;-0.038317;0.292484;-0.489483;-0.820604;0.025911;1.472550;0.489588;0.064286;0.374587;-0.512762;-0.769823;-0.002320;1.507245;0.501220;0.041884;0.335509;-0.510734;-0.790462;2023/05/02 13:39:31.9483;0.030742;1.517748;0.515386;0.034321;0.220605;-0.567081;-0.792827;0.063159;1.457739;0.492898;0.093248;0.217435;-0.534627;-0.811296;0.076844;1.406779;0.466187;0.069463;0.067331;-0.513990;-0.852324;0.043824;1.493072;0.507160;0.060530;0.239735;-0.548877;-0.798497;0.019782;1.540600;0.523826;0.034321;0.220605;-0.567081;-0.792827;2746c083-2ca0-47c5-a755-74b0341c227a;0.168807;1.474883;0.477754;0.228636;-0.590831;-0.209727;-0.744755;0.126982;1.418271;0.460646;0.302696;-0.557093;-0.331025;-0.698889;0.147583;1.446768;0.466350;0.252364;-0.483207;-0.335437;-0.768314;0.190451;1.489602;0.484281;0.228636;-0.590831;-0.209727;-0.744755;468;0.100381;1.373788;0.455112;0.069463;0.067331;-0.513990;-0.852324
NA;49398;12;0.044674;1.645741;0.152592;0.970389;0.237490;-0.041938;0.013636;0.094600;1.535350;0.524201;0.057311;0.080374;-0.548909;-0.830033;0.103790;1.473030;0.498244;0.073707;0.028779;-0.542666;-0.836213;0.113414;1.415374;0.467280;0.069725;0.072369;-0.516498;-0.850371;0.098465;1.510568;0.515255;0.054073;0.050947;-0.573959;-0.815507;0.089479;1.556953;0.534633;0.057311;0.080374;-0.548909;-0.830033;0.053363;1.532424;0.529083;0.068586;0.177276;-0.507096;-0.840668;0.080664;1.465685;0.501495;0.100892;0.146924;-0.540883;-0.821997;0.096528;1.409328;0.466372;0.069725;0.072369;-0.516498;-0.850371;0.064170;1.506114;0.518978;0.090922;0.158385;-0.554554;-0.811860;0.042914;1.554387;0.541665;0.068586;0.177276;-0.507096;-0.840668;0.090022;1.419366;0.478792;0.069725;0.072369;-0.516498;-0.850371;0.009808;1.488314;0.493003;0.040414;0.340372;-0.516341;-0.784797;0.044439;1.446584;0.479716;0.088294;0.322774;-0.506520;-0.794644;0.066954;1.405308;0.462655;-0.037399;0.297610;-0.490795;-0.818016;0.024161;1.471762;0.489091;0.063225;0.379143;-0.518029;-0.764133;-0.004204;1.506614;0.499899;0.040414;0.340372;-0.516341;-0.784797;2023/05/02 13:39:31.9936;0.028674;1.517171;0.514718;0.033182;0.224321;-0.570949;-0.789047;0.061356;1.457000;0.493067;0.092340;0.220921;-0.538594;-0.807827;0.075562;1.405968;0.466767;0.069725;0.072369;-0.516498;-0.850371;0.041856;1.492437;0.506835;0.059648;0.243322;-0.552642;-0.794873;0.017616;1.540093;0.522836;0.033182;0.224321;-0.570949;-0.789047;2746c083-2ca0-47c5-a755-74b0341c227a;0.166983;1.474779;0.478485;0.228637;-0.588389;-0.217123;-0.744567;0.125685;1.417707;0.461609;0.301096;-0.555134;-0.336299;-0.698621;0.146102;1.446355;0.467218;0.252459;-0.480273;-0.342333;-0.767079;0.188437;1.489776;0.485010;0.228637;-0.588389;-0.217123;-0.744567;514;0.099380;1.373048;0.456088;0.069725;0.072369;-0.516498;-0.850371
NA;49399;13;0.044695;1.644273;0.152226;0.969134;0.242263;-0.043371;0.014411;0.092524;1.534746;0.521854;0.065088;0.081828;-0.557338;-0.823676;0.102472;1.472048;0.497123;0.081045;0.029938;-0.550322;-0.830471;0.112391;1.414163;0.466673;0.075958;0.071090;-0.520171;-0.847702;0.096698;1.509831;0.513433;0.061488;0.052636;-0.582343;-0.808904;0.087144;1.556502;0.531829;0.065088;0.081828;-0.557338;-0.823676;0.051638;1.531508;0.527105;0.075107;0.177236;-0.514152;-0.835820;0.079439;1.464527;0.500627;0.107215;0.146710;-0.547323;-0.816958;0.095554;1.407958;0.465952;0.075958;0.071090;-0.520171;-0.847702;0.062645;1.505109;0.517457;0.097240;0.158402;-0.561331;-0.806449;0.041037;1.553612;0.539309;0.075107;0.177236;-0.514152;-0.835820;0.089047;1.418068;0.478319;0.075958;0.071090;-0.520171;-0.847702;0.008526;1.486661;0.492249;0.045198;0.338723;-0.522014;-0.781489;0.043224;1.444879;0.479323;0.093741;0.320567;-0.510746;-0.792205;0.065985;1.403638;0.462503;-0.030274;0.296872;-0.493692;-0.816835;0.022905;1.470094;0.488504;0.068508;0.377339;-0.522945;-0.761216;-0.005494;1.505037;0.498924;0.045198;0.338723;-0.522014;-0.781489;2023/05/02 13:39:32.0392;0.027270;1.515911;0.513333;0.038516;0.223289;-0.577357;-0.784422;0.060148;1.455582;0.492437;0.098028;0.219151;-0.543788;-0.804150;0.074619;1.404418;0.466542;0.075958;0.071090;-0.520171;-0.847702;0.040533;1.491114;0.505791;0.065276;0.241953;-0.558506;-0.790740;0.016146;1.538923;0.521100;0.038516;0.223289;-0.577357;-0.784422;2746c083-2ca0-47c5-a755-74b0341c227a;0.165465;1.474254;0.476636;0.230883;-0.591709;-0.225993;-0.738581;0.124601;1.416542;0.460891;0.302046;-0.558846;-0.341366;-0.692770;0.144838;1.445417;0.465961;0.255455;-0.483430;-0.349492;-0.760851;0.186746;1.489666;0.482747;0.230883;-0.591709;-0.225993;-0.738581;559;0.098654;1.371608;0.456010;0.075958;0.071090;-0.520171;-0.847702
NA;49400;14;0.044815;1.643301;0.152147;0.968098;0.246049;-0.045525;0.013202;0.092649;1.532197;0.523555;0.065813;0.083119;-0.556658;-0.823949;0.102791;1.469616;0.498614;0.081939;0.031173;-0.548544;-0.831513;0.112635;1.412179;0.467334;0.075861;0.070862;-0.514273;-0.851321;0.096901;1.507313;0.515081;0.062243;0.053926;-0.581358;-0.809469;0.087198;1.553923;0.533556;0.065813;0.083119;-0.556658;-0.823949;0.052009;1.528826;0.529089;0.073610;0.177640;-0.512025;-0.837172;0.079764;1.462050;0.502054;0.106260;0.147012;-0.543772;-0.819395;0.095797;1.405979;0.466571;0.075861;0.070862;-0.514273;-0.851321;0.062997;1.502494;0.519240;0.096148;0.158708;-0.558274;-0.808640;0.041425;1.550879;0.541399;0.073610;0.177640;-0.512025;-0.837172;0.089327;1.415900;0.479092;0.075861;0.070862;-0.514273;-0.851321;0.008956;1.484487;0.493841;0.042017;0.338224;-0.518896;-0.783956;0.043510;1.442700;0.480543;0.090410;0.320385;-0.507854;-0.794521;0.066237;1.401691;0.463119;-0.031941;0.295937;-0.488109;-0.820458;0.023283;1.467913;0.489930;0.065318;0.376927;-0.519674;-0.763936;-0.005002;1.502849;0.500684;0.042017;0.338224;-0.518896;-0.783956;2023/05/02 13:39:32.0714;0.027653;1.513353;0.515342;0.036762;0.223064;-0.573938;-0.787075;0.060457;1.453220;0.493774;0.096540;0.219187;-0.539533;-0.807181;0.074878;1.402415;0.467154;0.075861;0.070862;-0.514273;-0.851321;0.040888;1.488627;0.507520;0.063701;0.241801;-0.554268;-0.793890;0.016567;1.536311;0.523317;0.036762;0.223064;-0.573938;-0.787075;2746c083-2ca0-47c5-a755-74b0341c227a;0.165692;1.472314;0.477480;0.235009;-0.593110;-0.222863;-0.737105;0.124819;1.414661;0.461544;0.306163;-0.559779;-0.337744;-0.691983;0.145050;1.443523;0.466715;0.259511;-0.484722;-0.345935;-0.760281;0.186979;1.487728;0.483566;0.235009;-0.593110;-0.222863;-0.737105;591;0.098891;1.369751;0.456131;0.075861;0.070862;-0.514273;-0.851321
NA;49401;15;0.045138;1.643024;0.152536;0.967831;0.247310;-0.045018;0.010695;0.092479;1.531809;0.522820;0.066380;0.083106;-0.558449;-0.822692;0.102663;1.469149;0.498102;0.082442;0.031095;-0.549882;-0.830582;0.112505;1.411647;0.466919;0.076242;0.070493;-0.514913;-0.850931;0.096749;1.506894;0.514447;0.062759;0.053923;-0.582988;-0.808257;0.087014;1.553576;0.532725;0.066380;0.083106;-0.558449;-0.822692;0.051873;1.528453;0.528362;0.073987;0.177568;-0.513686;-0.836136;0.079641;1.461582;0.501574;0.106619;0.146861;-0.545260;-0.818386;0.095667;1.405446;0.466171;0.076242;0.070493;-0.514913;-0.850931;0.062866;1.502085;0.518612;0.096522;0.158581;-0.559772;-0.807584;0.041285;1.550553;0.540583;0.073987;0.177568;-0.513686;-0.836136;0.089196;1.415399;0.478678;0.076242;0.070493;-0.514913;-0.850931;0.008823;1.484010;0.493328;0.042415;0.338089;-0.519993;-0.783266;0.043373;1.442189;0.480126;0.090843;0.320179;-0.508833;-0.793928;0.066095;1.401158;0.462748;-0.031394;0.295663;-0.488744;-0.820199;0.023149;1.467426;0.489454;0.065836;0.376752;-0.520594;-0.763352;-0.005131;1.502393;0.500122;0.042415;0.338089;-0.519993;-0.783266;2023/05/02 13:39:32.1091;0.027495;1.512913;0.514723;0.037354;0.223123;-0.574858;-0.786358;0.060330;1.452734;0.493325;0.097031;0.219179;-0.540760;-0.806303;0.074739;1.401891;0.466774;0.076242;0.070493;-0.514913;-0.850931;0.040744;1.488176;0.506958;0.064330;0.241815;-0.555149;-0.793220;0.016395;1.535884;0.522642;0.037354;0.223123;-0.574858;-0.786358;2746c083-2ca0-47c5-a755-74b0341c227a;0.165639;1.471760;0.476882;0.234251;-0.593751;-0.223800;-0.736546;0.124694;1.414106;0.461128;0.305147;-0.560698;-0.337998;-0.691564;0.144973;1.442950;0.466214;0.258817;-0.485501;-0.346725;-0.759661;0.186931;1.487190;0.482907;0.234251;-0.593751;-0.223800;-0.736546;628;0.098751;1.369215;0.455782;0.076242;0.070493;-0.514913;-0.850931
NA;49402;16;0.046116;1.642882;0.153085;0.967652;0.248455;-0.042857;0.009108;0.093279;1.531542;0.522389;0.064186;0.081959;-0.561568;-0.820856;0.103167;1.468687;0.498050;0.080116;0.029887;-0.552262;-0.829274;0.112618;1.411070;0.466925;0.073409;0.068537;-0.515419;-0.851033;0.097430;1.506551;0.514183;0.060508;0.052704;-0.585781;-0.806487;0.087914;1.553405;0.532136;0.064186;0.081959;-0.561568;-0.820856;0.052829;1.528541;0.527864;0.070716;0.175896;-0.517351;-0.834511;0.080095;1.461283;0.501535;0.103392;0.144909;-0.548508;-0.816976;0.095737;1.404993;0.466172;0.073409;0.068537;-0.515419;-0.851033;0.063624;1.502027;0.518292;0.093378;0.156587;-0.562960;-0.806125;0.042404;1.550812;0.539915;0.070716;0.175896;-0.517351;-0.834511;0.089322;1.415019;0.478666;0.073409;0.068537;-0.515419;-0.851033;0.009485;1.484254;0.493260;0.039718;0.335758;-0.521583;-0.783353;0.043686;1.442127;0.480112;0.087634;0.317967;-0.511068;-0.793742;0.066117;1.400929;0.462754;-0.034051;0.293838;-0.490039;-0.819977;0.023681;1.467560;0.489382;0.063281;0.374412;-0.522198;-0.763623;-0.004321;1.502749;0.500051;0.039718;0.335758;-0.521583;-0.783353;2023/05/02 13:39:32.1492;0.028330;1.513089;0.514399;0.034483;0.221251;-0.577209;-0.785296;0.060720;1.452564;0.493299;0.093941;0.217366;-0.543609;-0.805243;0.074767;1.401604;0.466776;0.073409;0.068537;-0.515419;-0.851033;0.041399;1.488225;0.506736;0.061508;0.239963;-0.557504;-0.792354;0.017398;1.536174;0.522220;0.034483;0.221251;-0.577209;-0.785296;2746c083-2ca0-47c5-a755-74b0341c227a;0.166225;1.470752;0.476918;0.232022;-0.593856;-0.223467;-0.737267;0.124841;1.413412;0.461152;0.301603;-0.561896;-0.335509;-0.693356;0.145388;1.442060;0.466261;0.255871;-0.486299;-0.345824;-0.760559;0.187570;1.486107;0.482947;0.232022;-0.593856;-0.223467;-0.737267;669;0.098548;1.368755;0.455798;0.073409;0.068537;-0.515419;-0.851033
NA;49403;17;0.047068;1.643117;0.153608;0.967995;0.247612;-0.040012;0.008550;0.093735;1.531719;0.521041;0.064853;0.081757;-0.566436;-0.817472;0.103656;1.468620;0.497358;0.080561;0.029551;-0.556449;-0.826439;0.113021;1.410799;0.466575;0.073582;0.067520;-0.517950;-0.849562;0.097900;1.506643;0.513107;0.061049;0.052501;-0.590138;-0.803277;0.088358;1.553694;0.530525;0.064853;0.081757;-0.566436;-0.817472;0.053379;1.528888;0.526347;0.071111;0.175473;-0.522206;-0.831537;0.080581;1.461258;0.500918;0.103381;0.144372;-0.554132;-0.813269;0.096133;1.404735;0.465875;0.073582;0.067520;-0.517950;-0.849562;0.064148;1.502246;0.517106;0.093552;0.156033;-0.567962;-0.802696;0.042970;1.551305;0.538137;0.071111;0.175473;-0.522206;-0.831537;0.089737;1.414849;0.478315;0.073582;0.067520;-0.517950;-0.849562;0.010203;1.484496;0.492351;0.038954;0.333919;-0.526369;-0.780972;0.044127;1.442006;0.479659;0.086414;0.315989;-0.516440;-0.791185;0.066499;1.400684;0.462518;-0.033205;0.293173;-0.492648;-0.818685;0.024293;1.467674;0.488642;0.062685;0.372467;-0.527192;-0.761188;-0.003488;1.503141;0.498964;0.038954;0.333919;-0.526369;-0.780972;2023/05/02 13:39:32.1925;0.029084;1.513423;0.513165;0.034172;0.219588;-0.581568;-0.782555;0.061187;1.452506;0.492760;0.093227;0.215531;-0.548997;-0.802158;0.075154;1.401376;0.466524;0.073582;0.067520;-0.517950;-0.849562;0.042040;1.488421;0.505762;0.061169;0.238228;-0.562232;-0.789558;0.018254;1.536630;0.520763;0.034172;0.219588;-0.581568;-0.782555;2746c083-2ca0-47c5-a755-74b0341c227a;0.166670;1.470534;0.476044;0.230820;-0.595035;-0.227464;-0.735470;0.125245;1.413084;0.460780;0.299245;-0.563858;-0.337045;-0.692039;0.145860;1.441724;0.465658;0.254747;-0.487730;-0.349098;-0.758521;0.187974;1.486010;0.481907;0.230820;-0.595035;-0.227464;-0.735470;713;0.098892;1.368441;0.455712;0.073582;0.067520;-0.517950;-0.849562
NA;49404;18;0.047730;1.644007;0.154750;0.968932;0.244293;-0.037635;0.008704;0.093877;1.531458;0.521228;0.067891;0.081785;-0.567186;-0.816702;0.104036;1.468340;0.497699;0.083517;0.029523;-0.557391;-0.825512;0.113543;1.410534;0.466880;0.076308;0.066941;-0.517418;-0.849691;0.098141;1.506378;0.513361;0.064021;0.052633;-0.591194;-0.802260;0.088420;1.553430;0.530673;0.067891;0.081785;-0.567186;-0.816702;0.053591;1.528569;0.526394;0.073577;0.175579;-0.524085;-0.830117;0.081006;1.460881;0.501345;0.105649;0.144524;-0.556506;-0.811328;0.096676;1.404413;0.466219;0.076308;0.066941;-0.517418;-0.849691;0.064445;1.501917;0.517281;0.095948;0.156188;-0.569780;-0.801093;0.043117;1.551010;0.538079;0.073577;0.175579;-0.524085;-0.830117;0.090262;1.414524;0.478679;0.076308;0.066941;-0.517418;-0.849691;0.010445;1.483707;0.493354;0.042546;0.332912;-0.523108;-0.783401;0.044548;1.441493;0.480217;0.089722;0.315120;-0.513514;-0.793065;0.067021;1.400273;0.462964;-0.030657;0.292571;-0.491873;-0.819465;0.024623;1.467006;0.489440;0.066254;0.371579;-0.523440;-0.763904;-0.003319;1.502227;0.500162;0.042546;0.332912;-0.523108;-0.783401;2023/05/02 13:39:32.2382;0.029367;1.512896;0.513667;0.036816;0.219274;-0.581095;-0.782874;0.061616;1.452055;0.493258;0.095473;0.215190;-0.549518;-0.801628;0.075689;1.400998;0.466937;0.076308;0.066941;-0.517418;-0.849691;0.042392;1.487943;0.506223;0.063760;0.237869;-0.561767;-0.789792;0.018473;1.536060;0.521304;0.036816;0.219274;-0.581095;-0.782874;2746c083-2ca0-47c5-a755-74b0341c227a;0.167080;1.470321;0.476486;0.233227;-0.594174;-0.228471;-0.735094;0.125761;1.412832;0.461072;0.300329;-0.563314;-0.336084;-0.692479;0.146362;1.441467;0.466040;0.256502;-0.486922;-0.349056;-0.758468;0.188301;1.485901;0.482379;0.233227;-0.594174;-0.228471;-0.735094;758;0.099519;1.368166;0.456013;0.076308;0.066941;-0.517418;-0.849691
NA;49405;19;0.048135;1.644092;0.155149;0.968748;0.244660;-0.040100;0.007841;0.093278;1.531007;0.522806;0.070712;0.081741;-0.566021;-0.817275;0.103646;1.468015;0.499036;0.086463;0.029424;-0.555729;-0.826331;0.113147;1.410375;0.467904;0.078483;0.065684;-0.515184;-0.850947;0.097632;1.505970;0.514852;0.066920;0.052643;-0.589802;-0.803047;0.087753;1.552934;0.532316;0.070712;0.081741;-0.566021;-0.817275;0.053088;1.528031;0.528017;0.075714;0.175176;-0.522903;-0.830755;0.080653;1.460482;0.502759;0.107823;0.144243;-0.555389;-0.811857;0.096292;1.404215;0.467297;0.078483;0.065684;-0.515184;-0.850947;0.064004;1.501433;0.518820;0.098123;0.155933;-0.568633;-0.801694;0.042576;1.550415;0.539777;0.075714;0.175176;-0.522903;-0.830755;0.089914;1.414253;0.479834;0.078483;0.065684;-0.515184;-0.850947;0.010202;1.483384;0.495063;0.042684;0.330554;-0.522255;-0.784960;0.044140;1.441100;0.481721;0.089289;0.312921;-0.513474;-0.794011;0.066631;1.400016;0.464168;-0.029102;0.291108;-0.489689;-0.821349;0.024328;1.466665;0.491039;0.066313;0.369306;-0.522700;-0.765507;-0.003495;1.501911;0.501989;0.042684;0.330554;-0.522255;-0.784960;2023/05/02 13:39:32.2836;0.029021;1.512397;0.515440;0.038545;0.217795;-0.579083;-0.784693;0.061246;1.451645;0.494726;0.096748;0.213844;-0.548474;-0.802550;0.075317;1.400744;0.468102;0.078483;0.065684;-0.515184;-0.850947;0.042046;1.487491;0.507839;0.065301;0.236441;-0.559965;-0.791373;0.018128;1.535509;0.523236;0.038545;0.217795;-0.579083;-0.784693;2746c083-2ca0-47c5-a755-74b0341c227a;0.166600;1.470314;0.477244;0.236384;-0.596024;-0.229186;-0.732361;0.125331;1.412729;0.462049;0.302756;-0.565255;-0.334912;-0.690406;0.145911;1.441396;0.466916;0.259466;-0.488918;-0.348567;-0.756398;0.187768;1.486016;0.482995;0.236384;-0.596024;-0.229186;-0.732361;803;0.099174;1.368024;0.456909;0.078483;0.065684;-0.515184;-0.850947
NA;49406;20;0.048359;1.644548;0.156449;0.969236;0.243089;-0.038450;0.003373;0.095671;1.533408;0.522057;0.072955;0.076741;-0.567313;-0.816667;0.105655;1.470328;0.498357;0.088598;0.024327;-0.556389;-0.825827;0.114835;1.412492;0.467482;0.080920;0.061247;-0.517306;-0.849762;0.099888;1.508337;0.514135;0.069281;0.047676;-0.590743;-0.802465;0.090291;1.555383;0.531539;0.072955;0.076741;-0.567313;-0.816667;0.055668;1.530613;0.527556;0.077302;0.169406;-0.525776;-0.829992;0.082695;1.462829;0.502345;0.109806;0.138340;-0.557397;-0.811242;0.097972;1.406340;0.467067;0.080920;0.061247;-0.517306;-0.849762;0.066380;1.503935;0.518352;0.100339;0.150019;-0.570129;-0.801486;0.045376;1.553124;0.539269;0.077302;0.169406;-0.525776;-0.829992;0.091713;1.416461;0.479603;0.080920;0.061247;-0.517306;-0.849762;0.012269;1.485779;0.495237;0.045588;0.325666;-0.524406;-0.785406;0.045973;1.443344;0.481770;0.091796;0.307947;-0.515815;-0.794152;0.068275;1.402146;0.464244;-0.026118;0.287130;-0.492298;-0.821290;0.026322;1.469017;0.491135;0.069457;0.364444;-0.524427;-0.766377;-0.001315;1.504369;0.502213;0.045588;0.325666;-0.524406;-0.785406;2023/05/02 13:39:32.3294;0.031121;1.514792;0.515241;0.042416;0.214193;-0.580158;-0.784690;0.063208;1.453955;0.494550;0.100011;0.210131;-0.550660;-0.801634;0.076998;1.402892;0.468090;0.080920;0.061247;-0.517306;-0.849762;0.044107;1.489881;0.507592;0.069155;0.232731;-0.560780;-0.791568;0.020274;1.537917;0.523062;0.042416;0.214193;-0.580158;-0.784690;2746c083-2ca0-47c5-a755-74b0341c227a;0.168467;1.472473;0.475703;0.235156;-0.601273;-0.231461;-0.727735;0.126970;1.414796;0.461503;0.301651;-0.570867;-0.335598;-0.685924;0.147655;1.443465;0.465884;0.259179;-0.494543;-0.350474;-0.751946;0.189689;1.488241;0.481061;0.235156;-0.601273;-0.231461;-0.727735;849;0.100731;1.370094;0.456861;0.080920;0.061247;-0.517306;-0.849762
NA;49407;21;0.048688;1.645079;0.157858;0.970163;0.239981;-0.034299;0.004087;0.096107;1.531888;0.524357;0.073202;0.076134;-0.564431;-0.818696;0.106035;1.468979;0.500183;0.089031;0.023763;-0.553393;-0.827808;0.115123;1.411306;0.468952;0.081020;0.060405;-0.514655;-0.851421;0.100305;1.506877;0.516239;0.069678;0.047052;-0.587679;-0.804714;0.090750;1.553799;0.534000;0.073202;0.076134;-0.564431;-0.818696;0.056036;1.529137;0.529683;0.077497;0.169317;-0.523669;-0.831322;0.083078;1.461470;0.504175;0.109965;0.138381;-0.555626;-0.812427;0.098254;1.405174;0.468527;0.081020;0.060405;-0.514655;-0.851421;0.066755;1.502501;0.520367;0.100459;0.150060;-0.568472;-0.802639;0.045740;1.551584;0.541516;0.077497;0.169317;-0.523669;-0.831322;0.092017;1.415236;0.481132;0.081020;0.060405;-0.514655;-0.851421;0.012626;1.484626;0.496925;0.044370;0.326315;-0.524616;-0.785066;0.046299;1.442134;0.483562;0.090468;0.308633;-0.516299;-0.793723;0.068536;1.401030;0.465737;-0.026722;0.286002;-0.489922;-0.823083;0.026664;1.467842;0.492864;0.068179;0.365080;-0.524862;-0.765891;-0.000951;1.503233;0.503870;0.044370;0.326315;-0.524616;-0.785066;2023/05/02 13:39:32.3747;0.031603;1.513477;0.517297;0.041830;0.213327;-0.578784;-0.785972;0.063568;1.452657;0.496368;0.099309;0.209404;-0.549486;-0.802716;0.077268;1.401747;0.469569;0.081020;0.060405;-0.514655;-0.851421;0.044541;1.488572;0.509546;0.068461;0.231941;-0.559558;-0.792724;0.020800;1.536587;0.525221;0.041830;0.213327;-0.578784;-0.785972;2746c083-2ca0-47c5-a755-74b0341c227a;0.168924;1.471123;0.477385;0.236065;-0.601747;-0.228583;-0.727959;0.127258;1.413620;0.462977;0.302612;-0.571253;-0.332722;-0.686580;0.148028;1.442212;0.467463;0.259992;-0.495078;-0.347731;-0.752586;0.190197;1.486811;0.482778;0.236065;-0.601747;-0.228583;-0.727959;894;0.100956;1.369002;0.458090;0.081020;0.060405;-0.514655;-0.851421
NA;49408;22;0.049039;1.644897;0.158305;0.970326;0.239772;-0.030858;0.005073;0.097007;1.531004;0.526547;0.073299;0.074241;-0.561298;-0.821011;0.106720;1.468264;0.501852;0.089305;0.021921;-0.550106;-0.830016;0.115577;1.410808;0.470147;0.081035;0.058488;-0.511248;-0.853603;0.101125;1.506049;0.518217;0.069961;0.045141;-0.584423;-0.807167;0.091729;1.552852;0.536374;0.073299;0.074241;-0.561298;-0.821011;0.056965;1.528232;0.532167;0.077193;0.167243;-0.519609;-0.834312;0.083766;1.460767;0.505879;0.109905;0.136495;-0.551649;-0.815459;0.098694;1.404713;0.469738;0.081035;0.058488;-0.511248;-0.853603;0.067593;1.501672;0.522534;0.100423;0.148113;-0.564356;-0.805903;0.046766;1.550581;0.544265;0.077193;0.167243;-0.519609;-0.834312;0.092523;1.414696;0.482444;0.081035;0.058488;-0.511248;-0.853603;0.013380;1.484160;0.499072;0.043239;0.324010;-0.521883;-0.787900;0.046866;1.441660;0.485269;0.089097;0.306552;-0.513903;-0.796236;0.068952;1.400653;0.467036;-0.027603;0.283746;-0.487059;-0.825530;0.027352;1.467368;0.494823;0.066869;0.362917;-0.522336;-0.768756;-0.000115;1.502749;0.506223;0.043239;0.324010;-0.521883;-0.787900;2023/05/02 13:39:32.4052;0.032578;1.512748;0.519866;0.041282;0.210080;-0.574677;-0.789879;0.064208;1.452051;0.498085;0.098572;0.206485;-0.545361;-0.806368;0.077701;1.401324;0.470837;0.081035;0.058488;-0.511248;-0.853603;0.045386;1.487891;0.511753;0.067769;0.228839;-0.555260;-0.796697;0.021901;1.535804;0.528112;0.041282;0.210080;-0.574677;-0.789879;2746c083-2ca0-47c5-a755-74b0341c227a;0.169571;1.470474;0.478614;0.237977;-0.603276;-0.226118;-0.726840;0.127699;1.413135;0.464148;0.304072;-0.572889;-0.329073;-0.686330;0.148583;1.441637;0.468672;0.261727;-0.496808;-0.344854;-0.752168;0.190880;1.486131;0.483961;0.237977;-0.603276;-0.226118;-0.726840;925;0.101279;1.368625;0.459008;0.081035;0.058488;-0.511248;-0.853603
NA;49409;23;0.048926;1.645272;0.158586;0.970140;0.240619;-0.029539;0.007580;0.098270;1.531413;0.527235;0.073301;0.072493;-0.560125;-0.821968;0.107783;1.468717;0.502351;0.089339;0.020188;-0.548826;-0.830904;0.116389;1.411272;0.470592;0.080816;0.056585;-0.511168;-0.853800;0.102314;1.506468;0.518839;0.070026;0.043406;-0.583489;-0.807931;0.093065;1.553243;0.537139;0.073301;0.072493;-0.560125;-0.821968;0.058262;1.528704;0.533066;0.077060;0.165238;-0.518810;-0.835221;0.084824;1.461275;0.506448;0.110064;0.134438;-0.550036;-0.816868;0.099492;1.405209;0.470251;0.080816;0.056585;-0.511168;-0.853800;0.068799;1.502148;0.523323;0.100510;0.146106;-0.563263;-0.807023;0.048156;1.551051;0.545246;0.077060;0.165238;-0.518810;-0.835221;0.093400;1.415184;0.482984;0.080816;0.056585;-0.511168;-0.853800;0.014594;1.484952;0.499781;0.042016;0.321525;-0.523503;-0.787909;0.047816;1.442255;0.485950;0.087990;0.304004;-0.515120;-0.796549;0.069750;1.401198;0.467647;-0.027832;0.281911;-0.487410;-0.825944;0.028464;1.468077;0.495525;0.065784;0.360425;-0.523903;-0.768955;0.001220;1.503630;0.506929;0.042016;0.321525;-0.523503;-0.787909;2023/05/02 13:39:32.4443;0.033856;1.513386;0.520640;0.041050;0.207786;-0.574780;-0.790423;0.065221;1.452605;0.498713;0.098293;0.204211;-0.545261;-0.807048;0.078512;1.401848;0.471422;0.080816;0.056585;-0.511168;-0.853800;0.046558;1.488493;0.512471;0.067496;0.226566;-0.555318;-0.797330;0.023279;1.536472;0.528932;0.041050;0.207786;-0.574780;-0.790423;2746c083-2ca0-47c5-a755-74b0341c227a;0.170398;1.471005;0.478608;0.238447;-0.605635;-0.226782;-0.724513;0.128478;1.413601;0.464533;0.304545;-0.575296;-0.328943;-0.684166;0.149383;1.442118;0.468867;0.262616;-0.499250;-0.345277;-0.750044;0.191715;1.486707;0.483783;0.238447;-0.605635;-0.226782;-0.724513;964;0.101977;1.369094;0.459519;0.080816;0.056585;-0.511168;-0.853800
NA;49410;24;0.048504;1.645757;0.159657;0.971019;0.237199;-0.028374;0.007321;0.098217;1.530639;0.527764;0.070626;0.075770;-0.563087;-0.819880;0.107892;1.467843;0.503205;0.086679;0.023379;-0.550464;-0.830017;0.116640;1.410377;0.471514;0.078028;0.059395;-0.511478;-0.853683;0.102314;1.505648;0.519532;0.067215;0.046584;-0.585877;-0.806263;0.092941;1.552536;0.537482;0.070626;0.075770;-0.563087;-0.819880;0.058163;1.527957;0.533361;0.074398;0.168668;-0.520368;-0.833807;0.084888;1.460444;0.507125;0.107308;0.137677;-0.551311;-0.815835;0.099734;1.404348;0.471036;0.078028;0.059395;-0.511478;-0.853683;0.068757;1.501364;0.523784;0.097643;0.149348;-0.564856;-0.805667;0.047972;1.550348;0.545388;0.074398;0.168668;-0.520368;-0.833807;0.093558;1.414340;0.483721;0.078028;0.059395;-0.511478;-0.853683;0.014738;1.484343;0.499590;0.038435;0.325318;-0.526581;-0.784477;0.048004;1.441498;0.486339;0.084794;0.307671;-0.517720;-0.793798;0.069999;1.400400;0.468201;-0.030514;0.284628;-0.487517;-0.824854;0.028607;1.467407;0.495582;0.062510;0.364014;-0.526733;-0.765597;0.001342;1.503106;0.506466;0.038435;0.325318;-0.526581;-0.784477;2023/05/02 13:39:32.4851;0.033872;1.512679;0.520793;0.037966;0.210780;-0.576008;-0.788889;0.065329;1.451812;0.499238;0.095432;0.207224;-0.546431;-0.805832;0.078734;1.401034;0.472043;0.078028;0.059395;-0.511478;-0.853683;0.046603;1.487750;0.512780;0.064571;0.229565;-0.556505;-0.795885;0.023263;1.535802;0.528939;0.037966;0.210780;-0.576008;-0.788889;2746c083-2ca0-47c5-a755-74b0341c227a;0.170702;1.469974;0.480059;0.237065;-0.602482;-0.227077;-0.727497;0.128786;1.412674;0.465556;0.302476;-0.572498;-0.329154;-0.687322;0.149727;1.441130;0.470109;0.260631;-0.496079;-0.345742;-0.752621;0.191998;1.485637;0.485437;0.237065;-0.602482;-0.227077;-0.727497;1005;0.102228;1.368237;0.460317;0.078028;0.059395;-0.511478;-0.853683
NA;49411;25;0.048478;1.645899;0.159987;0.970801;0.237917;-0.029390;0.008791;0.096593;1.531397;0.527543;0.073890;0.077400;-0.568371;-0.815784;0.106712;1.468356;0.503811;0.089648;0.024826;-0.555525;-0.826280;0.115768;1.410789;0.472425;0.081071;0.060363;-0.513742;-0.851970;0.100868;1.506321;0.519667;0.070200;0.048335;-0.591432;-0.801838;0.091161;1.553386;0.536961;0.073890;0.077400;-0.568371;-0.815784;0.056739;1.528489;0.533364;0.076921;0.169507;-0.524878;-0.830575;0.083757;1.460838;0.507795;0.109861;0.138277;-0.554848;-0.812990;0.098901;1.404646;0.472013;0.081071;0.060363;-0.513742;-0.851970;0.067449;1.501841;0.524071;0.100139;0.150086;-0.568807;-0.802437;0.046451;1.550977;0.545125;0.076921;0.169507;-0.524878;-0.830575;0.092692;1.414653;0.484652;0.081071;0.060363;-0.513742;-0.851970;0.013453;1.484285;0.500093;0.041565;0.326861;-0.529006;-0.782041;0.046973;1.441543;0.487154;0.088296;0.308933;-0.519483;-0.791771;0.069206;1.400477;0.469235;-0.026914;0.285850;-0.489049;-0.823648;0.027419;1.467396;0.496222;0.065888;0.365432;-0.528661;-0.763306;-0.000046;1.503035;0.506802;0.041565;0.326861;-0.529006;-0.782041;2023/05/02 13:39:32.5294;0.032464;1.512930;0.520977;0.040658;0.212309;-0.579577;-0.785724;0.064246;1.452039;0.499977;0.098424;0.208340;-0.549328;-0.803210;0.077940;1.401187;0.473066;0.081071;0.060363;-0.513742;-0.851970;0.045325;1.487992;0.513208;0.067504;0.230880;-0.559703;-0.793014;0.021738;1.536085;0.528876;0.040658;0.212309;-0.579577;-0.785724;2746c083-2ca0-47c5-a755-74b0341c227a;0.169270;1.471011;0.480210;0.239165;-0.603786;-0.233976;-0.723531;0.127876;1.413155;0.466420;0.303679;-0.573907;-0.333878;-0.683327;0.148593;1.441827;0.470635;0.263411;-0.496978;-0.351727;-0.748275;0.190388;1.486995;0.485338;0.239165;-0.603786;-0.233976;-0.723531;1049;0.101626;1.368468;0.461510;0.081071;0.060363;-0.513742;-0.851970
NA;49412;26;0.048142;1.646235;0.160466;0.970909;0.237436;-0.030264;0.006665;0.097299;1.532433;0.527204;0.071558;0.077630;-0.571447;-0.813819;0.107273;1.469190;0.503949;0.087136;0.025059;-0.558751;-0.824364;0.116358;1.411374;0.473026;0.079241;0.061501;-0.517062;-0.850051;0.101510;1.507291;0.519505;0.067772;0.048495;-0.594214;-0.799978;0.091914;1.554506;0.536451;0.071558;0.077630;-0.571447;-0.813819;0.057392;1.529750;0.532641;0.074886;0.170202;-0.529618;-0.827604;0.084285;1.461747;0.507882;0.107667;0.138716;-0.559591;-0.809953;0.099481;1.405263;0.472578;0.079241;0.061501;-0.517062;-0.850051;0.068049;1.502978;0.523649;0.098072;0.150471;-0.573072;-0.799581;0.047132;1.552395;0.544120;0.074886;0.170202;-0.529618;-0.827604;0.093230;1.415378;0.485114;0.079241;0.061501;-0.517062;-0.850051;0.014050;1.485278;0.499649;0.040308;0.328317;-0.533255;-0.778603;0.047556;1.442378;0.487212;0.087571;0.310117;-0.522797;-0.789204;0.069787;1.401139;0.469692;-0.027843;0.287335;-0.492249;-0.821191;0.027998;1.468325;0.495998;0.065056;0.366691;-0.532439;-0.760141;0.000565;1.504129;0.506098;0.040308;0.328317;-0.533255;-0.778603;2023/05/02 13:39:32.5575;0.033027;1.514029;0.520460;0.039341;0.213430;-0.582682;-0.783187;0.064791;1.452932;0.500037;0.097114;0.209332;-0.552722;-0.800779;0.078504;1.401859;0.473558;0.079241;0.061501;-0.517062;-0.850051;0.045880;1.489017;0.512913;0.066365;0.231920;-0.562685;-0.790692;0.022309;1.537260;0.528143;0.039341;0.213430;-0.582682;-0.783187;2746c083-2ca0-47c5-a755-74b0341c227a;0.170006;1.471558;0.480367;0.234956;-0.604430;-0.237242;-0.723309;0.128502;1.413666;0.467064;0.299403;-0.575088;-0.336782;-0.682795;0.149295;1.442317;0.471044;0.259703;-0.497779;-0.355413;-0.747296;0.191150;1.487544;0.485381;0.234956;-0.604430;-0.237242;-0.723309;1077;0.102175;1.369009;0.462347;0.079241;0.061501;-0.517062;-0.850051
NA;49413;27;0.048003;1.646218;0.160861;0.971000;0.236904;-0.031298;0.007501;0.097546;1.532668;0.527234;0.071844;0.078438;-0.572582;-0.812918;0.107632;1.469401;0.504096;0.087427;0.025808;-0.559346;-0.823907;0.116792;1.411580;0.473205;0.079453;0.062027;-0.517250;-0.849878;0.101801;1.507516;0.519594;0.068025;0.049294;-0.595075;-0.799268;0.092119;1.554760;0.536413;0.071844;0.078438;-0.572582;-0.812918;0.057659;1.529913;0.532749;0.075198;0.170787;-0.529531;-0.827511;0.084648;1.461939;0.508015;0.107942;0.139321;-0.559600;-0.809806;0.099920;1.405454;0.472748;0.079453;0.062027;-0.517250;-0.849878;0.068353;1.503153;0.523766;0.098342;0.151077;-0.573036;-0.799459;0.047364;1.552546;0.544223;0.075198;0.170787;-0.529531;-0.827511;0.093652;1.415568;0.485275;0.079453;0.062027;-0.517250;-0.849878;0.014454;1.485483;0.499599;0.040071;0.328731;-0.534169;-0.777814;0.047951;1.442527;0.487327;0.087082;0.310544;-0.524136;-0.788201;0.070232;1.401301;0.469842;-0.027585;0.287863;-0.492290;-0.820990;0.028401;1.468518;0.496001;0.064885;0.367064;-0.533307;-0.759367;0.000969;1.504354;0.505989;0.040071;0.328731;-0.534169;-0.777814;2023/05/02 13:39:32.5992;0.033359;1.514202;0.520509;0.039424;0.213833;-0.582917;-0.782898;0.065168;1.453103;0.500161;0.097169;0.209723;-0.553107;-0.800405;0.078946;1.402030;0.473714;0.079453;0.062027;-0.517250;-0.849878;0.046231;1.489192;0.512987;0.066471;0.232308;-0.562903;-0.790415;0.022624;1.537433;0.528168;0.039424;0.213833;-0.582917;-0.782898;2746c083-2ca0-47c5-a755-74b0341c227a;0.170377;1.471841;0.480460;0.235413;-0.604315;-0.238811;-0.722741;0.128938;1.413881;0.467251;0.299312;-0.575203;-0.337475;-0.682396;0.149707;1.442555;0.471187;0.259876;-0.497785;-0.356358;-0.746782;0.191474;1.487898;0.485443;0.235413;-0.604315;-0.238811;-0.722741;1119;0.102655;1.369197;0.462535;0.079453;0.062027;-0.517250;-0.849878
NA;49414;28;0.047759;1.645988;0.160995;0.970664;0.237959;-0.033310;0.008786;0.098215;1.533514;0.527512;0.070313;0.078060;-0.573004;-0.812791;0.108141;1.470202;0.504430;0.085868;0.025455;-0.559762;-0.823799;0.117136;1.412340;0.473589;0.077804;0.061623;-0.517791;-0.849730;0.102403;1.508346;0.519890;0.066497;0.048872;-0.595395;-0.799184;0.092842;1.555629;0.536670;0.070313;0.078060;-0.573004;-0.812791;0.058345;1.530845;0.533143;0.073550;0.170214;-0.529817;-0.827594;0.085128;1.462819;0.508330;0.106503;0.138631;-0.559278;-0.810338;0.100245;1.406263;0.473127;0.077804;0.061623;-0.517791;-0.849730;0.068958;1.504062;0.524132;0.096894;0.150368;-0.572823;-0.799922;0.048119;1.553512;0.544610;0.073550;0.170214;-0.529817;-0.827594;0.094006;1.416398;0.485643;0.077804;0.061623;-0.517791;-0.849730;0.014966;1.486475;0.500046;0.039611;0.327912;-0.533083;-0.778927;0.048392;1.443508;0.487619;0.086379;0.309849;-0.523418;-0.789029;0.070557;1.402192;0.470197;-0.029068;0.287534;-0.493126;-0.820553;0.028890;1.469508;0.496372;0.064376;0.366298;-0.532245;-0.760524;0.001508;1.505339;0.506516;0.039611;0.327912;-0.533083;-0.778927;2023/05/02 13:39:32.6415;0.033984;1.515165;0.520987;0.038336;0.212937;-0.582010;-0.783870;0.065628;1.454039;0.500462;0.095952;0.208967;-0.552462;-0.801194;0.079269;1.402897;0.474077;0.077804;0.061623;-0.517791;-0.849730;0.046791;1.490150;0.513375;0.065380;0.231464;-0.561875;-0.791484;0.023310;1.538399;0.528722;0.038336;0.212937;-0.582010;-0.783870;2746c083-2ca0-47c5-a755-74b0341c227a;0.170844;1.472576;0.480449;0.234553;-0.605718;-0.240921;-0.721143;0.129285;1.414613;0.467632;0.297737;-0.577180;-0.337999;-0.681156;0.150125;1.443259;0.471381;0.258828;-0.499614;-0.357674;-0.745294;0.191931;1.488689;0.485290;0.234553;-0.605718;-0.240921;-0.721143;1161;0.102884;1.369977;0.462955;0.077804;0.061623;-0.517791;-0.849730
NA;49415;29;0.047606;1.646087;0.161135;0.970747;0.237499;-0.034193;0.008726;0.099036;1.533443;0.527321;0.066316;0.080186;-0.574177;-0.812092;0.108888;1.470071;0.504376;0.081907;0.027612;-0.560363;-0.823725;0.117903;1.412142;0.473697;0.074064;0.064120;-0.519022;-0.849129;0.103184;1.508246;0.519770;0.062424;0.050890;-0.596355;-0.798671;0.093680;1.555596;0.536394;0.066316;0.080186;-0.574177;-0.812092;0.059005;1.530797;0.532912;0.070461;0.172736;-0.529109;-0.827794;0.085816;1.462783;0.508096;0.103379;0.141092;-0.558580;-0.810799;0.100995;1.406122;0.473119;0.074064;0.064120;-0.519022;-0.849129;0.069622;1.504014;0.523907;0.093685;0.152780;-0.572274;-0.800240;0.048746;1.553455;0.544368;0.070461;0.172736;-0.529109;-0.827794;0.094705;1.416286;0.485570;0.074064;0.064120;-0.519022;-0.849129;0.015772;1.486692;0.499057;0.036320;0.330836;-0.535068;-0.776486;0.049180;1.443573;0.487113;0.083041;0.312764;-0.525722;-0.786701;0.071332;1.402141;0.469954;-0.032437;0.290052;-0.494315;-0.818823;0.029677;1.469667;0.495582;0.061136;0.369096;-0.534488;-0.757861;0.002312;1.505619;0.505333;0.036320;0.330836;-0.535068;-0.776486;2023/05/02 13:39:32.6871;0.034645;1.515238;0.520367;0.035224;0.215635;-0.582275;-0.783082;0.066348;1.454063;0.500081;0.092975;0.211762;-0.552872;-0.800528;0.080014;1.402819;0.473907;0.074064;0.064120;-0.519022;-0.849129;0.047470;1.490201;0.512855;0.062341;0.234213;-0.562268;-0.790641;0.023950;1.538490;0.528018;0.035224;0.215635;-0.582275;-0.783082;2746c083-2ca0-47c5-a755-74b0341c227a;0.171645;1.472359;0.480600;0.232566;-0.604298;-0.243388;-0.722150;0.130094;1.414382;0.467818;0.295033;-0.576268;-0.339711;-0.682251;0.150965;1.443008;0.471559;0.256582;-0.498297;-0.360006;-0.745830;0.192701;1.488503;0.485477;0.232566;-0.604298;-0.243388;-0.722150;1206;0.103594;1.369788;0.463044;0.074064;0.064120;-0.519022;-0.849129
NA;49416;30;0.047545;1.646350;0.161633;0.971172;0.235747;-0.034198;0.008933;0.098304;1.534749;0.527130;0.066015;0.081241;-0.575044;-0.811398;0.108251;1.471349;0.504303;0.081602;0.028647;-0.561037;-0.823261;0.117318;1.413244;0.473986;0.073568;0.064824;-0.521653;-0.847504;0.102486;1.509542;0.519630;0.062083;0.051931;-0.597060;-0.798103;0.092912;1.556916;0.536147;0.066015;0.081241;-0.575044;-0.811398;0.058236;1.532130;0.532618;0.070795;0.173609;-0.529996;-0.827014;0.085168;1.464088;0.508014;0.103610;0.141939;-0.559548;-0.809954;0.100410;1.407222;0.473409;0.073568;0.064824;-0.521653;-0.847504;0.068900;1.505337;0.523701;0.093895;0.153649;-0.573306;-0.799310;0.047931;1.554801;0.544007;0.070795;0.173609;-0.529996;-0.827014;0.094099;1.417455;0.485787;0.073568;0.064824;-0.521653;-0.847504;0.015144;1.487875;0.498943;0.037094;0.330784;-0.535656;-0.776067;0.048577;1.444760;0.487062;0.083960;0.312610;-0.526120;-0.786399;0.070760;1.403222;0.470203;-0.032224;0.291042;-0.496756;-0.817000;0.029054;1.470846;0.495509;0.061784;0.369042;-0.535399;-0.757192;0.001672;1.506803;0.505191;0.037094;0.330784;-0.535656;-0.776067;2023/05/02 13:39:32.7161;0.033940;1.516553;0.520012;0.035464;0.216373;-0.583699;-0.781807;0.065717;1.455324;0.500006;0.093235;0.212394;-0.554376;-0.799289;0.079432;1.403922;0.474171;0.073568;0.064824;-0.521653;-0.847504;0.046794;1.491497;0.512615;0.062630;0.234900;-0.563732;-0.789370;0.023216;1.539825;0.527560;0.035464;0.216373;-0.583699;-0.781807;2746c083-2ca0-47c5-a755-74b0341c227a;0.170995;1.473552;0.480592;0.230697;-0.604372;-0.246115;-0.721763;0.129517;1.415456;0.468114;0.293136;-0.576525;-0.342285;-0.681566;0.150364;1.444118;0.471709;0.255103;-0.498302;-0.362946;-0.744908;0.192032;1.489742;0.485399;0.230697;-0.604372;-0.246115;-0.721763;1236;0.103031;1.370822;0.463561;0.073568;0.064824;-0.521653;-0.847504
NA;49417;31;0.047750;1.646331;0.161812;0.971178;0.236011;-0.032062;0.009183;0.097687;1.534089;0.527698;0.066557;0.082458;-0.573662;-0.812209;0.107808;1.470793;0.504665;0.082260;0.029871;-0.559566;-0.824152;0.117017;1.412857;0.474065;0.074104;0.065832;-0.519491;-0.848707;0.101936;1.508917;0.520123;0.062641;0.053163;-0.595770;-0.798942;0.092232;1.556214;0.536781;0.066557;0.082458;-0.573662;-0.812209;0.057626;1.531317;0.533255;0.071081;0.174767;-0.527918;-0.828075;0.084737;1.463465;0.508324;0.104010;0.143160;-0.557221;-0.811291;0.100121;1.406804;0.473446;0.074104;0.065832;-0.519491;-0.848707;0.068360;1.504590;0.524222;0.094187;0.154893;-0.571291;-0.800477;0.047259;1.553911;0.544739;0.071081;0.174767;-0.527918;-0.828075;0.093780;1.416962;0.485870;0.074104;0.065832;-0.519491;-0.848707;0.014643;1.487111;0.499395;0.037130;0.331691;-0.532916;-0.777562;0.048200;1.444167;0.487250;0.084168;0.313626;-0.523196;-0.787922;0.070480;1.402759;0.470199;-0.032276;0.291748;-0.494401;-0.818174;0.028601;1.470142;0.495861;0.061706;0.370017;-0.532606;-0.758690;0.001118;1.505965;0.505752;0.037130;0.331691;-0.532916;-0.777562;2023/05/02 13:39:32.7553;0.033380;1.515721;0.520656;0.035698;0.217248;-0.580941;-0.783605;0.065311;1.454701;0.500259;0.093533;0.213412;-0.551487;-0.800980;0.079149;1.403458;0.474176;0.074104;0.065832;-0.519491;-0.848707;0.046295;1.490743;0.513104;0.062800;0.235842;-0.560978;-0.791037;0.022599;1.538919;0.528349;0.035698;0.217248;-0.580941;-0.783605;2746c083-2ca0-47c5-a755-74b0341c227a;0.170580;1.473214;0.481083;0.232753;-0.603057;-0.244506;-0.722749;0.129216;1.415121;0.468214;0.295209;-0.574902;-0.341123;-0.682624;0.150002;1.443803;0.471999;0.256835;-0.496796;-0.361282;-0.746127;0.191590;1.489401;0.486013;0.232753;-0.603057;-0.244506;-0.722749;1275;0.102823;1.370459;0.463417;0.074104;0.065832;-0.519491;-0.848707
NA;49418;32;0.047955;1.646337;0.161785;0.970986;0.236955;-0.030891;0.009177;0.096673;1.533869;0.526757;0.069464;0.082594;-0.573887;-0.811793;0.107039;1.470556;0.503871;0.085055;0.029992;-0.560721;-0.823078;0.116520;1.412546;0.473477;0.077231;0.066224;-0.520782;-0.847606;0.101023;1.508701;0.519221;0.065492;0.053399;-0.596367;-0.798252;0.091137;1.555978;0.535828;0.069464;0.082594;-0.573887;-0.811793;0.056650;1.530938;0.532324;0.074125;0.174786;-0.528907;-0.827171;0.084019;1.463111;0.507609;0.106909;0.143247;-0.558521;-0.810003;0.099657;1.406398;0.472910;0.077231;0.066224;-0.520782;-0.847606;0.067487;1.504227;0.523369;0.097137;0.155028;-0.572386;-0.799315;0.046204;1.553524;0.543754;0.074125;0.174786;-0.528907;-0.827171;0.093277;1.416578;0.485307;0.077231;0.066224;-0.520782;-0.847606;0.013693;1.486252;0.498781;0.040893;0.332846;-0.533206;-0.776680;0.047545;1.443527;0.486690;0.088296;0.314580;-0.522892;-0.787291;0.070023;1.402184;0.469741;-0.028847;0.292298;-0.495111;-0.817677;0.027765;1.469370;0.495281;0.065536;0.371132;-0.532565;-0.757852;0.000047;1.505035;0.505088;0.040893;0.332846;-0.533206;-0.776680;2023/05/02 13:39:32.7970;0.032299;1.515087;0.519810;0.039281;0.218637;-0.581808;-0.782403;0.064624;1.454206;0.499621;0.097180;0.214556;-0.552271;-0.799699;0.078697;1.402947;0.473696;0.077231;0.066224;-0.520782;-0.847606;0.045376;1.490165;0.512350;0.066409;0.237105;-0.561853;-0.789742;0.021367;1.538242;0.527421;0.039281;0.218637;-0.581808;-0.782403;2746c083-2ca0-47c5-a755-74b0341c227a;0.169834;1.473146;0.480260;0.233461;-0.603263;-0.246631;-0.721625;0.128704;1.414842;0.467603;0.296003;-0.574944;-0.343227;-0.681188;0.149369;1.443625;0.471282;0.257832;-0.496795;-0.363251;-0.744826;0.190784;1.489431;0.485123;0.233461;-0.603263;-0.246631;-0.721625;1316;0.102534;1.370044;0.463005;0.077231;0.066224;-0.520782;-0.847606
NA;49419;33;0.047992;1.646587;0.161944;0.971488;0.234894;-0.030613;0.009974;0.095923;1.533695;0.527103;0.065091;0.085876;-0.573175;-0.812317;0.106313;1.470424;0.504116;0.080827;0.033368;-0.559818;-0.823989;0.115892;1.412438;0.473702;0.072994;0.069633;-0.520414;-0.847934;0.100267;1.508538;0.519533;0.061081;0.056564;-0.595522;-0.799014;0.090368;1.555797;0.536182;0.065091;0.085876;-0.573175;-0.812317;0.055911;1.530865;0.532426;0.069654;0.177588;-0.527789;-0.827677;0.083229;1.463055;0.507606;0.102521;0.145946;-0.557162;-0.811024;0.099014;1.406354;0.472950;0.072994;0.069633;-0.520414;-0.847934;0.066722;1.504154;0.523435;0.092654;0.157642;-0.571159;-0.800214;0.045456;1.553444;0.543860;0.069654;0.177588;-0.527789;-0.827677;0.092543;1.416534;0.485302;0.072994;0.069633;-0.520414;-0.847934;0.013091;1.486455;0.498209;0.036940;0.335358;-0.531955;-0.776656;0.046898;1.443647;0.486279;0.083896;0.317338;-0.522721;-0.786779;0.069396;1.402257;0.469472;-0.033130;0.295490;-0.494649;-0.816646;0.027138;1.469541;0.494765;0.061315;0.373649;-0.531986;-0.757376;-0.000556;1.505244;0.504496;0.036940;0.335358;-0.531955;-0.776656;2023/05/02 13:39:32.8412;0.031504;1.515124;0.519486;0.035153;0.221865;-0.580762;-0.782468;0.063884;1.454238;0.499404;0.093136;0.218019;-0.551602;-0.799705;0.078032;1.402980;0.473516;0.072994;0.069633;-0.520414;-0.847934;0.044595;1.490198;0.512068;0.062296;0.240452;-0.561064;-0.789626;0.020550;1.538275;0.527079;0.035153;0.221865;-0.580762;-0.782468;2746c083-2ca0-47c5-a755-74b0341c227a;0.169368;1.472772;0.481349;0.231998;-0.598822;-0.245615;-0.726129;0.128145;1.414699;0.467959;0.293845;-0.570922;-0.342585;-0.685813;0.148869;1.443391;0.471997;0.254942;-0.492654;-0.361948;-0.749194;0.190310;1.488969;0.486530;0.231998;-0.598822;-0.245615;-0.726129;1361;0.101857;1.370013;0.462998;0.072994;0.069633;-0.520414;-0.847934
NA;49420;34;0.047942;1.647078;0.162115;0.971889;0.233315;-0.030282;0.008927;0.095143;1.533923;0.526308;0.068390;0.085826;-0.577063;-0.809293;0.105786;1.470474;0.503939;0.083872;0.033173;-0.563669;-0.821062;0.115418;1.412229;0.474037;0.075551;0.068390;-0.524144;-0.845511;0.099593;1.508707;0.518997;0.064203;0.056622;-0.599598;-0.795710;0.089502;1.556090;0.535174;0.068390;0.085826;-0.577063;-0.809293;0.055377;1.531133;0.531664;0.072369;0.176272;-0.532436;-0.824744;0.082738;1.463072;0.507588;0.105031;0.144510;-0.561866;-0.807708;0.098555;1.406091;0.473406;0.075551;0.068390;-0.524144;-0.845511;0.066207;1.504335;0.522961;0.095271;0.156283;-0.575693;-0.796917;0.044917;1.553827;0.542863;0.072369;0.176272;-0.532436;-0.824744;0.092100;1.416371;0.485685;0.075551;0.068390;-0.524144;-0.845511;0.012662;1.486215;0.498605;0.040465;0.331930;-0.533004;-0.777234;0.046381;1.443361;0.486586;0.086912;0.313846;-0.524359;-0.786762;0.068933;1.401879;0.470080;-0.029607;0.294766;-0.498113;-0.814935;0.026690;1.469297;0.495105;0.064768;0.370281;-0.533172;-0.757908;-0.000945;1.505013;0.504951;0.040465;0.331930;-0.533004;-0.777234;2023/05/02 13:39:32.8747;0.030983;1.515171;0.519091;0.038073;0.220673;-0.584620;-0.779791;0.063387;1.454123;0.499545;0.095973;0.216467;-0.555503;-0.797087;0.077582;1.402665;0.474084;0.075551;0.068390;-0.524144;-0.845511;0.044086;1.490185;0.511898;0.065225;0.239102;-0.565064;-0.786943;0.020020;1.538383;0.526481;0.038073;0.220673;-0.584620;-0.779791;2746c083-2ca0-47c5-a755-74b0341c227a;0.168695;1.472780;0.481097;0.231803;-0.599737;-0.250045;-0.723920;0.127644;1.414467;0.468228;0.293045;-0.572178;-0.345631;-0.683576;0.148295;1.443246;0.472015;0.254867;-0.493664;-0.365583;-0.746786;0.189555;1.489136;0.486107;0.231803;-0.599737;-0.250045;-0.723920;1394;0.101462;1.369669;0.463782;0.075551;0.068390;-0.524144;-0.845511
NA;49421;35;0.047926;1.647244;0.162060;0.971917;0.233174;-0.030163;0.009880;0.095797;1.534482;0.525885;0.067095;0.085691;-0.580151;-0.807205;0.106324;1.470874;0.503921;0.082455;0.032977;-0.566113;-0.819530;0.115830;1.412572;0.474083;0.074142;0.068085;-0.524650;-0.845346;0.100199;1.509207;0.518750;0.062825;0.056445;-0.602374;-0.793734;0.090193;1.556726;0.534579;0.067095;0.085691;-0.580151;-0.807205;0.056028;1.531740;0.531383;0.071058;0.176211;-0.533758;-0.824017;0.083252;1.463539;0.507552;0.103623;0.144373;-0.563325;-0.806897;0.098951;1.406481;0.473437;0.074142;0.068085;-0.524650;-0.845346;0.066802;1.504890;0.522774;0.093893;0.156124;-0.577083;-0.796106;0.045607;1.554490;0.542507;0.071058;0.176211;-0.533758;-0.824017;0.092509;1.416792;0.485700;0.074142;0.068085;-0.524650;-0.845346;0.013223;1.486834;0.498517;0.039481;0.331658;-0.533517;-0.777048;0.046863;1.443909;0.486528;0.085946;0.313581;-0.524799;-0.786681;0.069319;1.402351;0.470083;-0.030861;0.294527;-0.498861;-0.814518;0.027220;1.469887;0.495028;0.063874;0.369990;-0.533588;-0.757833;-0.000349;1.505663;0.504846;0.039481;0.331658;-0.533517;-0.777048;2023/05/02 13:39:32.9108;0.031686;1.515798;0.519025;0.036769;0.219743;-0.584710;-0.780048;0.063885;1.454636;0.499495;0.094460;0.215639;-0.556109;-0.797070;0.077966;1.403116;0.474095;0.074142;0.068085;-0.524650;-0.845346;0.044708;1.490773;0.511822;0.063869;0.238221;-0.565285;-0.787163;0.020797;1.539040;0.526431;0.036769;0.219743;-0.584710;-0.780048;2746c083-2ca0-47c5-a755-74b0341c227a;0.169250;1.472977;0.481222;0.230622;-0.599388;-0.249679;-0.724712;0.128071;1.414768;0.468288;0.291675;-0.572051;-0.345091;-0.684541;0.148800;1.443486;0.472112;0.253591;-0.493419;-0.365392;-0.747475;0.190139;1.489286;0.486266;0.230622;-0.599388;-0.249679;-0.724712;1430;0.101766;1.370046;0.463848;0.074142;0.068085;-0.524650;-0.845346
NA;49422;36;0.047742;1.647897;0.162224;0.972533;0.230618;-0.030402;0.008347;0.095064;1.534148;0.526727;0.064769;0.088740;-0.580127;-0.807083;0.105746;1.470562;0.504773;0.080224;0.036069;-0.565933;-0.819746;0.115409;1.412403;0.474734;0.071885;0.071004;-0.523100;-0.846261;0.099515;1.508879;0.519602;0.060439;0.059433;-0.602235;-0.793806;0.089399;1.556386;0.535394;0.064769;0.088740;-0.580127;-0.807083;0.055378;1.531362;0.532185;0.068180;0.178622;-0.532533;-0.824533;0.082644;1.463228;0.508212;0.100841;0.146728;-0.561854;-0.807851;0.098531;1.406321;0.473956;0.071885;0.071004;-0.523100;-0.846261;0.066165;1.504532;0.523525;0.091026;0.158423;-0.575721;-0.796970;0.044925;1.554087;0.543329;0.068180;0.178622;-0.532533;-0.824533;0.092022;1.416569;0.486223;0.071885;0.071004;-0.523100;-0.846261;0.012676;1.486588;0.498814;0.036942;0.334303;-0.531660;-0.777313;0.046390;1.443714;0.486852;0.083306;0.316407;-0.523363;-0.786790;0.068932;1.402212;0.470383;-0.033506;0.297119;-0.497091;-0.814554;0.026696;1.469660;0.495332;0.061216;0.372637;-0.531903;-0.757941;-0.000939;1.505384;0.505150;0.036942;0.334303;-0.531660;-0.777313;2023/05/02 13:39:32.9515;0.031078;1.515447;0.519701;0.033999;0.221824;-0.582524;-0.781220;0.063328;1.454373;0.499983;0.091782;0.217960;-0.554021;-0.798205;0.077551;1.402954;0.474459;0.071885;0.071004;-0.523100;-0.846261;0.044116;1.490453;0.512421;0.061089;0.240417;-0.563183;-0.788221;0.020168;1.538654;0.527187;0.033999;0.221824;-0.582524;-0.781220;2746c083-2ca0-47c5-a755-74b0341c227a;0.168755;1.472844;0.482270;0.230669;-0.597592;-0.249039;-0.726399;0.127679;1.414633;0.469018;0.291845;-0.570060;-0.345178;-0.686084;0.148367;1.443359;0.473000;0.253628;-0.491333;-0.365261;-0.748898;0.189632;1.489127;0.487446;0.230669;-0.597592;-0.249039;-0.726399;1472;0.101400;1.369911;0.464234;0.071885;0.071004;-0.523100;-0.846261
NA;49423;37;0.047739;1.648365;0.162519;0.972967;0.228726;-0.030500;0.009523;0.095800;1.534275;0.526813;0.064537;0.087161;-0.580567;-0.806958;0.106291;1.470629;0.504939;0.079901;0.034504;-0.566660;-0.819342;0.115874;1.412318;0.475150;0.071955;0.070115;-0.524913;-0.845206;0.100178;1.508987;0.519708;0.060224;0.057850;-0.602700;-0.793586;0.090204;1.556535;0.535469;0.064537;0.087161;-0.580567;-0.806958;0.056028;1.531573;0.532223;0.068536;0.177550;-0.533775;-0.823932;0.083186;1.463330;0.508436;0.101117;0.145630;-0.563236;-0.807052;0.098989;1.406252;0.474411;0.071955;0.070115;-0.524913;-0.845206;0.066773;1.504704;0.523633;0.091354;0.157335;-0.577025;-0.796205;0.045615;1.554340;0.543317;0.068536;0.177550;-0.533775;-0.823932;0.092496;1.416569;0.486637;0.071955;0.070115;-0.524913;-0.845206;0.013225;1.486672;0.499159;0.037624;0.333169;-0.532958;-0.776878;0.046889;1.443758;0.487202;0.084330;0.315126;-0.523971;-0.786790;0.069374;1.402164;0.470887;-0.032949;0.296487;-0.499000;-0.813639;0.027223;1.469722;0.495695;0.062009;0.371481;-0.533063;-0.757628;-0.000358;1.505500;0.505467;0.037624;0.333169;-0.532958;-0.776878;2023/05/02 13:39:32.9961;0.031686;1.515617;0.519862;0.034604;0.220815;-0.583615;-0.780665;0.063852;1.454458;0.500268;0.092294;0.216875;-0.555231;-0.797600;0.077999;1.402916;0.474948;0.071955;0.070115;-0.524913;-0.845206;0.044692;1.490590;0.512631;0.061656;0.239381;-0.564390;-0.787629;0.020807;1.538851;0.527306;0.034604;0.220815;-0.583615;-0.780665;2746c083-2ca0-47c5-a755-74b0341c227a;0.169323;1.472714;0.482347;0.229085;-0.598592;-0.250754;-0.725487;0.128148;1.414500;0.469422;0.289910;-0.571447;-0.345980;-0.685346;0.148905;1.443197;0.473252;0.252261;-0.492497;-0.366904;-0.747791;0.190210;1.489017;0.487417;0.229085;-0.598592;-0.250754;-0.725487;1516;0.101805;1.369808;0.464839;0.071955;0.070115;-0.524913;-0.845206
NA;49424;38;0.047716;1.648549;0.162672;0.973125;0.228091;-0.030093;0.009802;0.095516;1.535554;0.525645;0.067640;0.085492;-0.581194;-0.806430;0.106068;1.471859;0.503939;0.082841;0.032797;-0.568027;-0.818173;0.115819;1.413316;0.474660;0.075541;0.069273;-0.528535;-0.842701;0.099927;1.510259;0.518589;0.063308;0.056278;-0.603617;-0.792762;0.089905;1.557817;0.534283;0.067640;0.085492;-0.581194;-0.806430;0.055642;1.532786;0.530955;0.072698;0.176473;-0.536071;-0.822314;0.083016;1.464478;0.507605;0.105009;0.144625;-0.566091;-0.804735;0.098962;1.407160;0.474048;0.075541;0.069273;-0.528535;-0.842701;0.066476;1.505902;0.522526;0.095350;0.156402;-0.579594;-0.794052;0.045171;1.555578;0.541942;0.072698;0.176473;-0.536071;-0.822314;0.092467;1.417561;0.486205;0.075541;0.069273;-0.528535;-0.842701;0.012893;1.487385;0.498375;0.042106;0.332873;-0.536119;-0.774596;0.046727;1.444525;0.486713;0.088978;0.314497;-0.526732;-0.784684;0.069351;1.402894;0.470690;-0.028435;0.296136;-0.502132;-0.812009;0.026959;1.470466;0.495037;0.066642;0.371093;-0.535996;-0.755353;-0.000758;1.506214;0.504535;0.042106;0.332873;-0.536119;-0.774596;2023/05/02 13:39:33.0419;0.031299;1.516646;0.518642;0.038746;0.220642;-0.587235;-0.777799;0.063692;1.455432;0.499604;0.096413;0.216287;-0.558823;-0.794759;0.077990;1.403727;0.474708;0.075541;0.069273;-0.528535;-0.842701;0.044399;1.491603;0.511648;0.065827;0.239017;-0.568115;-0.784719;0.020333;1.539907;0.525874;0.038746;0.220642;-0.587235;-0.777799;2746c083-2ca0-47c5-a755-74b0341c227a;0.168999;1.474057;0.480977;0.228518;-0.600913;-0.255614;-0.722042;0.128059;1.415503;0.468861;0.289415;-0.573807;-0.350065;-0.681498;0.148702;1.444332;0.472295;0.252655;-0.494652;-0.371597;-0.743909;0.189822;1.490525;0.485770;0.228518;-0.600913;-0.255614;-0.722042;1561;0.101919;1.370645;0.464805;0.075541;0.069273;-0.528535;-0.842701
NA;49425;39;0.047794;1.648474;0.162883;0.973007;0.228701;-0.029380;0.009537;0.096752;1.535074;0.526168;0.065917;0.083677;-0.578939;-0.808383;0.106967;1.471462;0.504062;0.081241;0.031048;-0.565565;-0.820105;0.116401;1.413048;0.474456;0.073834;0.067718;-0.526523;-0.844237;0.101032;1.509801;0.518953;0.061724;0.054406;-0.601315;-0.794764;0.091261;1.557312;0.534947;0.065917;0.083677;-0.578939;-0.808383;0.056868;1.532429;0.531610;0.070888;0.174623;-0.533292;-0.824671;0.083886;1.464165;0.507722;0.103317;0.142864;-0.563414;-0.807143;0.099517;1.406964;0.473850;0.073834;0.067718;-0.526523;-0.844237;0.067564;1.505555;0.522975;0.093629;0.154603;-0.577125;-0.796404;0.046521;1.555184;0.542791;0.070888;0.174623;-0.533292;-0.824671;0.093099;1.417315;0.486074;0.073834;0.067718;-0.526523;-0.844237;0.013879;1.487573;0.498250;0.038822;0.332571;-0.538023;-0.773577;0.047481;1.444481;0.486779;0.085882;0.314151;-0.528336;-0.784088;0.069897;1.402829;0.470517;-0.030659;0.294397;-0.500773;-0.813398;0.027844;1.470552;0.495004;0.063413;0.370735;-0.538160;-0.754266;0.000329;1.506502;0.504322;0.038822;0.332571;-0.538023;-0.773577;2023/05/02 13:39:33.0872;0.032395;1.516565;0.518870;0.036610;0.219439;-0.587073;-0.778364;0.064512;1.455246;0.499702;0.094368;0.215179;-0.558295;-0.795676;0.078545;1.403603;0.474527;0.073834;0.067718;-0.526523;-0.844237;0.045379;1.491472;0.511837;0.063658;0.237885;-0.568008;-0.785319;0.021536;1.539864;0.526138;0.036610;0.219439;-0.587073;-0.778364;2746c083-2ca0-47c5-a755-74b0341c227a;0.169703;1.473669;0.480857;0.229697;-0.601695;-0.253662;-0.721705;0.128629;1.415232;0.468632;0.290348;-0.574618;-0.347526;-0.681717;0.149349;1.443998;0.472126;0.253756;-0.495503;-0.369560;-0.743983;0.190555;1.490101;0.485648;0.229697;-0.601695;-0.253662;-0.721705;1607;0.102313;1.370465;0.464427;0.073834;0.067718;-0.526523;-0.844237
NA;49426;40;0.047824;1.648408;0.163294;0.973028;0.228604;-0.029232;0.010148;0.096332;1.536064;0.525308;0.067430;0.083425;-0.579812;-0.807658;0.106640;1.472388;0.503424;0.082614;0.030789;-0.567179;-0.818862;0.116260;1.413787;0.474246;0.075720;0.068066;-0.529475;-0.842193;0.100651;1.510777;0.518165;0.063178;0.054213;-0.602444;-0.793808;0.090811;1.558313;0.534041;0.067430;0.083425;-0.579812;-0.807658;0.056410;1.533341;0.530748;0.073022;0.174501;-0.535114;-0.823329;0.083588;1.465039;0.507154;0.105396;0.142706;-0.565099;-0.805723;0.099396;1.407641;0.473693;0.075720;0.068066;-0.529475;-0.842193;0.067169;1.506455;0.522233;0.095718;0.154509;-0.578852;-0.794918;0.046015;1.556123;0.541830;0.073022;0.174501;-0.535114;-0.823329;0.092948;1.418063;0.485844;0.075720;0.068066;-0.529475;-0.842193;0.013457;1.488138;0.497430;0.041344;0.333863;-0.541306;-0.770594;0.047237;1.445076;0.486381;0.088706;0.315131;-0.531114;-0.781500;0.069786;1.403384;0.470410;-0.028002;0.295094;-0.503257;-0.811707;0.027486;1.471136;0.494366;0.066144;0.371884;-0.541180;-0.751300;-0.000165;1.507081;0.503294;0.041344;0.333863;-0.541306;-0.770594;2023/05/02 13:39:33.1324;0.031832;1.517273;0.518017;0.039383;0.220527;-0.589011;-0.776455;0.064239;1.455995;0.499213;0.097200;0.215998;-0.560168;-0.793794;0.078433;1.404217;0.474408;0.075720;0.068066;-0.529475;-0.842193;0.044934;1.492198;0.511138;0.066492;0.238840;-0.569944;-0.783389;0.020864;1.540565;0.525142;0.039383;0.220527;-0.589011;-0.776455;2746c083-2ca0-47c5-a755-74b0341c227a;0.169399;1.474618;0.480104;0.228378;-0.602706;-0.257219;-0.720019;0.128479;1.415965;0.468401;0.289202;-0.575685;-0.350937;-0.679553;0.149120;1.444818;0.471637;0.253037;-0.496425;-0.373138;-0.741824;0.190213;1.491143;0.484738;0.228378;-0.602706;-0.257219;-0.720019;1652;0.102309;1.371087;0.464535;0.075720;0.068066;-0.529475;-0.842193
NA;49427;41;0.047810;1.648244;0.163680;0.972996;0.228742;-0.029345;0.009757;0.096035;1.538161;0.524220;0.066696;0.083317;-0.579755;-0.807772;0.106276;1.474463;0.502366;0.081846;0.030717;-0.567470;-0.818740;0.115902;1.415647;0.473622;0.075145;0.068346;-0.532551;-0.840280;0.100325;1.512869;0.517080;0.062436;0.054093;-0.602491;-0.793839;0.090538;1.560414;0.532957;0.066696;0.083317;-0.579755;-0.807772;0.056167;1.535672;0.529239;0.072363;0.174029;-0.538025;-0.821588;0.083211;1.467159;0.506105;0.104663;0.142095;-0.567990;-0.803892;0.099033;1.409512;0.473081;0.075145;0.068346;-0.532551;-0.840280;0.066873;1.508712;0.520893;0.095084;0.153875;-0.581441;-0.793226;0.045816;1.558550;0.540162;0.072363;0.174029;-0.538025;-0.821588;0.092571;1.420026;0.485146;0.075145;0.068346;-0.532551;-0.840280;0.013008;1.490054;0.496513;0.043340;0.333597;-0.540857;-0.770915;0.046881;1.447078;0.485409;0.090479;0.314876;-0.530986;-0.781486;0.069425;1.405256;0.469775;-0.027736;0.295722;-0.506223;-0.809640;0.027081;1.473094;0.493414;0.068127;0.371640;-0.540609;-0.751655;-0.000655;1.508957;0.502410;0.043340;0.333597;-0.540857;-0.770915;2023/05/02 13:39:33.1613;0.031380;1.519434;0.516587;0.039752;0.221343;-0.591363;-0.774414;0.063868;1.458074;0.498194;0.097643;0.216634;-0.562477;-0.791931;0.078066;1.406110;0.473782;0.075145;0.068346;-0.532551;-0.840280;0.044515;1.494331;0.509874;0.067004;0.239556;-0.572141;-0.781523;0.020383;1.542762;0.523548;0.039752;0.221343;-0.591363;-0.774414;2746c083-2ca0-47c5-a755-74b0341c227a;0.169166;1.476416;0.479129;0.224951;-0.603335;-0.258844;-0.719989;0.128134;1.417773;0.467785;0.286405;-0.576479;-0.353418;-0.678778;0.148801;1.446628;0.470832;0.249825;-0.497323;-0.375008;-0.741368;0.190027;1.492903;0.483684;0.224951;-0.603335;-0.258844;-0.719989;1681;0.101932;1.372893;0.464187;0.075145;0.068346;-0.532551;-0.840280
NA;49428;42;0.047746;1.648240;0.164019;0.972851;0.229146;-0.030539;0.010993;0.096185;1.538021;0.524075;0.066042;0.084243;-0.580399;-0.807266;0.106476;1.474308;0.502290;0.081211;0.031628;-0.567796;-0.818543;0.116206;1.415521;0.473524;0.074752;0.069535;-0.532308;-0.840372;0.100492;1.512722;0.516968;0.061757;0.054992;-0.602935;-0.793493;0.090667;1.560287;0.532767;0.066042;0.084243;-0.580399;-0.807266;0.056211;1.535417;0.529171;0.072221;0.175406;-0.537105;-0.821910;0.083407;1.466987;0.505969;0.104473;0.143517;-0.567226;-0.804204;0.099343;1.409375;0.472940;0.074752;0.069535;-0.532308;-0.840372;0.066975;1.508487;0.520800;0.094851;0.155291;-0.580711;-0.793513;0.045801;1.558256;0.540119;0.072221;0.175406;-0.537105;-0.821910;0.092847;1.419876;0.484997;0.074752;0.069535;-0.532308;-0.840372;0.013217;1.489907;0.495993;0.042240;0.335475;-0.542213;-0.769206;0.047139;1.446899;0.485172;0.089616;0.316660;-0.532092;-0.780112;0.069746;1.405102;0.469560;-0.028192;0.296829;-0.505798;-0.809485;0.027299;1.472932;0.493022;0.067080;0.373430;-0.542031;-0.749836;-0.000469;1.508834;0.501759;0.042240;0.335475;-0.542213;-0.769206;2023/05/02 13:39:33.2026;0.031456;1.519222;0.516255;0.039314;0.223050;-0.591563;-0.773794;0.064089;1.457896;0.498005;0.097312;0.218321;-0.562646;-0.791388;0.078377;1.405960;0.473589;0.074752;0.069535;-0.532308;-0.840372;0.044646;1.494131;0.509607;0.066604;0.241253;-0.572392;-0.780851;0.020405;1.542540;0.523161;0.039314;0.223050;-0.591563;-0.773794;2746c083-2ca0-47c5-a755-74b0341c227a;0.169393;1.476345;0.479171;0.225216;-0.602390;-0.259335;-0.720520;0.128450;1.417660;0.467717;0.286414;-0.575547;-0.353739;-0.679398;0.149091;1.446527;0.470825;0.250054;-0.496226;-0.375561;-0.741745;0.190224;1.492856;0.483775;0.225216;-0.602390;-0.259335;-0.720520;1722;0.102287;1.372764;0.464026;0.074752;0.069535;-0.532308;-0.840372
NA;49429;43;0.047718;1.648066;0.164661;0.972794;0.229349;-0.031072;0.010298;0.097369;1.538975;0.522719;0.059986;0.083280;-0.581879;-0.806774;0.107079;1.475079;0.501203;0.075003;0.030781;-0.569663;-0.817870;0.116373;1.416138;0.472602;0.068815;0.069253;-0.533628;-0.840065;0.101436;1.513609;0.515709;0.055644;0.053889;-0.604534;-0.792805;0.092049;1.561318;0.531335;0.059986;0.083280;-0.581879;-0.806774;0.057286;1.536729;0.527741;0.066451;0.175056;-0.538868;-0.821317;0.083913;1.468005;0.504754;0.098788;0.142889;-0.568494;-0.804138;0.099451;1.410168;0.471923;0.068815;0.069253;-0.533628;-0.840065;0.067822;1.509680;0.519466;0.089135;0.154596;-0.582264;-0.793174;0.047048;1.559693;0.538591;0.066451;0.175056;-0.538868;-0.821317;0.092989;1.420760;0.483922;0.068815;0.069253;-0.533628;-0.840065;0.013965;1.491595;0.494271;0.037012;0.335632;-0.545066;-0.767388;0.047565;1.448258;0.483771;0.084729;0.316764;-0.534417;-0.779025;0.069830;1.406200;0.468370;-0.033685;0.296678;-0.507962;-0.807974;0.027904;1.474477;0.491450;0.062019;0.373479;-0.545087;-0.748030;0.000420;1.510669;0.499883;0.037012;0.335632;-0.545066;-0.767388;2023/05/02 13:39:33.2432;0.032270;1.520682;0.514701;0.034446;0.223299;-0.592810;-0.772999;0.064551;1.459101;0.496688;0.092529;0.218709;-0.563904;-0.790960;0.078445;1.406975;0.472449;0.068815;0.069253;-0.533628;-0.840065;0.045309;1.495486;0.508154;0.061789;0.241588;-0.573771;-0.780131;0.021354;1.544090;0.521519;0.034446;0.223299;-0.592810;-0.772999;2746c083-2ca0-47c5-a755-74b0341c227a;0.170220;1.476366;0.478475;0.219340;-0.602021;-0.256499;-0.723650;0.128676;1.418136;0.466868;0.281123;-0.575667;-0.352167;-0.682317;0.149607;1.446786;0.470045;0.244021;-0.496409;-0.373822;-0.744506;0.191237;1.492609;0.483186;0.219340;-0.602021;-0.256499;-0.723650;1763;0.102065;1.373515;0.463090;0.068815;0.069253;-0.533628;-0.840065
NA;49430;44;0.047793;1.647618;0.164902;0.972209;0.231812;-0.031098;0.010296;0.097765;1.538740;0.523306;0.058488;0.083711;-0.581179;-0.807343;0.107405;1.474883;0.501641;0.073596;0.031241;-0.568670;-0.818671;0.116696;1.415995;0.472921;0.067551;0.070006;-0.532706;-0.840691;0.101801;1.513385;0.516238;0.054189;0.054267;-0.603622;-0.793574;0.092467;1.561075;0.531956;0.058488;0.083711;-0.581179;-0.807343;0.057530;1.536529;0.528107;0.065437;0.176395;-0.538293;-0.821489;0.084221;1.467830;0.505119;0.097691;0.144230;-0.568052;-0.804346;0.099768;1.410050;0.472183;0.067551;0.070006;-0.532706;-0.840691;0.068088;1.509485;0.519842;0.087961;0.155937;-0.582046;-0.793202;0.047259;1.559475;0.538963;0.065437;0.176395;-0.538293;-0.821489;0.093287;1.420625;0.484191;0.067551;0.070006;-0.532706;-0.840691;0.014223;1.491521;0.494241;0.035381;0.338081;-0.546176;-0.765599;0.047898;1.448182;0.484000;0.083596;0.319112;-0.534878;-0.777872;0.070146;1.406134;0.468547;-0.035182;0.297280;-0.507102;-0.808230;0.028177;1.474395;0.491545;0.060526;0.375823;-0.546063;-0.746263;0.000648;1.510614;0.499715;0.035381;0.338081;-0.546176;-0.765599;2023/05/02 13:39:33.2885;0.032623;1.520587;0.514940;0.032660;0.224154;-0.593113;-0.772597;0.064867;1.458971;0.496984;0.090987;0.219583;-0.563723;-0.791025;0.078752;1.406888;0.472649;0.067551;0.070006;-0.532706;-0.840691;0.045641;1.495369;0.508435;0.060071;0.242463;-0.574026;-0.779806;0.021725;1.544016;0.521716;0.032660;0.224154;-0.593113;-0.772597;2746c083-2ca0-47c5-a755-74b0341c227a;0.170597;1.476104;0.479262;0.219303;-0.600293;-0.254664;-0.725742;0.129020;1.417984;0.467229;0.281052;-0.573867;-0.350840;-0.684542;0.149983;1.446587;0.470619;0.243776;-0.494535;-0.372466;-0.746510;0.191631;1.492277;0.484134;0.219303;-0.600293;-0.254664;-0.725742;1808;0.102352;1.373421;0.463262;0.067551;0.070006;-0.532706;-0.840691
NA;49431;45;0.047954;1.647509;0.165521;0.972267;0.231615;-0.030795;0.010139;0.098671;1.539355;0.523037;0.052374;0.087107;-0.585025;-0.804622;0.108197;1.475300;0.501925;0.067402;0.034660;-0.571637;-0.816999;0.117384;1.416357;0.473265;0.061129;0.072961;-0.532920;-0.840795;0.102642;1.513921;0.516223;0.047855;0.057515;-0.607239;-0.790989;0.093398;1.561791;0.531438;0.052374;0.087107;-0.585025;-0.804622;0.058469;1.537339;0.527727;0.058884;0.179517;-0.540044;-0.820158;0.084921;1.468422;0.505121;0.091127;0.147057;-0.569395;-0.803654;0.100420;1.410547;0.472313;0.061129;0.072961;-0.532920;-0.840795;0.068923;1.510206;0.519623;0.081311;0.158666;-0.583595;-0.792231;0.048240;1.560383;0.538415;0.058884;0.179517;-0.540044;-0.820158;0.093870;1.421170;0.484250;0.061129;0.072961;-0.532920;-0.840795;0.015155;1.492648;0.493207;0.029008;0.342003;-0.548720;-0.762299;0.048700;1.449075;0.483553;0.077577;0.323048;-0.537161;-0.775294;0.070806;1.406873;0.468318;-0.041444;0.300082;-0.507601;-0.806582;0.029034;1.475424;0.490763;0.054383;0.379549;-0.548662;-0.742937;0.001632;1.511851;0.498417;0.029008;0.342003;-0.548720;-0.762299;2023/05/02 13:39:33.3196;0.033568;1.521556;0.514330;0.025998;0.226914;-0.594460;-0.771007;0.065596;1.459720;0.496749;0.084684;0.222513;-0.564766;-0.790162;0.079368;1.407556;0.472522;0.061129;0.072961;-0.532920;-0.840795;0.046485;1.496245;0.507988;0.053635;0.245303;-0.575262;-0.778475;0.022760;1.545072;0.520946;0.025998;0.226914;-0.594460;-0.771007;2746c083-2ca0-47c5-a755-74b0341c227a;0.171683;1.475979;0.480518;0.215776;-0.595724;-0.253359;-0.731002;0.129797;1.418243;0.467734;0.276445;-0.570122;-0.349318;-0.690301;0.150956;1.446652;0.471505;0.238809;-0.490434;-0.371168;-0.751451;0.192754;1.492000;0.485726;0.215776;-0.595724;-0.253359;-0.731002;1839;0.102819;1.373918;0.463379;0.061129;0.072961;-0.532920;-0.840795
NA;49432;46;0.048121;1.647392;0.165980;0.972257;0.231759;-0.030150;0.009772;0.098485;1.539247;0.523362;0.052484;0.087603;-0.585851;-0.803959;0.108074;1.475173;0.502338;0.067519;0.035125;-0.572067;-0.816668;0.117300;1.416318;0.473505;0.061198;0.073277;-0.531622;-0.841584;0.102480;1.513804;0.516592;0.047944;0.058008;-0.607883;-0.790453;0.093190;1.561697;0.531712;0.052484;0.087603;-0.585851;-0.803959;0.058323;1.537168;0.528148;0.058547;0.179972;-0.540061;-0.820071;0.084800;1.468273;0.505509;0.090890;0.147456;-0.568950;-0.803923;0.100340;1.410503;0.472529;0.061198;0.073277;-0.531622;-0.841584;0.068785;1.510038;0.520048;0.080984;0.159096;-0.583532;-0.792225;0.048082;1.560212;0.538825;0.058547;0.179972;-0.540061;-0.820071;0.093779;1.421089;0.484496;0.061198;0.073277;-0.531622;-0.841584;0.015015;1.492523;0.493496;0.028133;0.342957;-0.548905;-0.761770;0.048594;1.448972;0.483875;0.077181;0.323942;-0.536634;-0.775325;0.070726;1.406829;0.468515;-0.041729;0.300231;-0.506284;-0.807339;0.028898;1.475298;0.491084;0.053606;0.380467;-0.548686;-0.742506;0.001484;1.511733;0.498664;0.028133;0.342957;-0.548905;-0.761770;2023/05/02 13:39:33.3581;0.033446;1.521396;0.514759;0.025400;0.227251;-0.594309;-0.771044;0.065482;1.459586;0.497107;0.084339;0.222847;-0.563979;-0.790667;0.079287;1.407503;0.472724;0.061198;0.073277;-0.531622;-0.841584;0.046361;1.496086;0.508409;0.053091;0.245646;-0.574984;-0.778609;0.022641;1.544913;0.521377;0.025400;0.227251;-0.594309;-0.771044;2746c083-2ca0-47c5-a755-74b0341c227a;0.171592;1.475906;0.481043;0.216817;-0.594878;-0.252022;-0.731844;0.129716;1.418224;0.467985;0.277448;-0.569174;-0.348228;-0.691231;0.150863;1.446624;0.471887;0.239459;-0.489601;-0.369666;-0.752527;0.192656;1.491906;0.486339;0.216817;-0.594878;-0.252022;-0.731844;1877;0.102758;1.373906;0.463482;0.061198;0.073277;-0.531622;-0.841584
NA;49433;47;0.048398;1.647237;0.166596;0.972144;0.232202;-0.030312;0.010003;0.097419;1.539829;0.522313;0.055366;0.088365;-0.588916;-0.801439;0.107316;1.475639;0.501792;0.070221;0.035779;-0.575256;-0.814168;0.116841;1.416777;0.473034;0.064202;0.073934;-0.531862;-0.841151;0.101538;1.514356;0.515738;0.050704;0.058847;-0.610804;-0.787962;0.092016;1.562320;0.530483;0.055366;0.088365;-0.588916;-0.801439;0.057286;1.537484;0.527331;0.061145;0.180906;-0.542135;-0.818305;0.084089;1.468608;0.505018;0.093530;0.148308;-0.570465;-0.802388;0.099912;1.410870;0.472085;0.064202;0.073934;-0.531862;-0.841151;0.067876;1.510362;0.519370;0.083576;0.160041;-0.585254;-0.790494;0.046941;1.560544;0.537870;0.061145;0.180906;-0.542135;-0.818305;0.093299;1.421452;0.484043;0.064202;0.073934;-0.531862;-0.841151;0.014099;1.492439;0.492957;0.030564;0.344756;-0.550040;-0.760043;0.047952;1.449072;0.483479;0.080394;0.325469;-0.536545;-0.774420;0.070296;1.407039;0.468127;-0.038709;0.300911;-0.505951;-0.807445;0.028081;1.475283;0.490628;0.056313;0.382168;-0.549190;-0.741059;0.000465;1.511608;0.498008;0.030564;0.344756;-0.550040;-0.760043;2023/05/02 13:39:33.3983;0.032436;1.521470;0.514197;0.028080;0.228496;-0.595162;-0.769925;0.064805;1.459800;0.496664;0.087299;0.223855;-0.564176;-0.789920;0.078862;1.407768;0.472317;0.064202;0.073934;-0.531862;-0.841151;0.045486;1.496213;0.507909;0.055941;0.246759;-0.575440;-0.777721;0.021512;1.544954;0.520733;0.028080;0.228496;-0.595162;-0.769925;2746c083-2ca0-47c5-a755-74b0341c227a;0.170936;1.476514;0.480683;0.218158;-0.593937;-0.252563;-0.732023;0.129250;1.418721;0.467510;0.278815;-0.568041;-0.349090;-0.691178;0.150289;1.447196;0.471462;0.240522;-0.488562;-0.369841;-0.752777;0.191946;1.492570;0.486024;0.218158;-0.593937;-0.252563;-0.732023;1918;0.102508;1.374296;0.463069;0.064202;0.073934;-0.531862;-0.841151
NA;49434;48;0.048514;1.647071;0.167268;0.972049;0.232632;-0.030349;0.009047;0.097761;1.539264;0.523596;0.059117;0.085599;-0.587655;-0.802397;0.107653;1.475150;0.502834;0.073994;0.032949;-0.573915;-0.814899;0.117221;1.416440;0.473772;0.068382;0.071753;-0.529761;-0.842336;0.101892;1.513818;0.516925;0.054574;0.056167;-0.609575;-0.788850;0.092369;1.561721;0.531865;0.059117;0.085599;-0.587655;-0.802397;0.057670;1.536798;0.528743;0.064373;0.178475;-0.541937;-0.818723;0.084489;1.467994;0.506231;0.096915;0.145934;-0.569879;-0.802838;0.100313;1.410456;0.472940;0.068382;0.071753;-0.529761;-0.842336;0.068273;1.509701;0.520712;0.086964;0.157756;-0.584880;-0.790864;0.047344;1.559838;0.539346;0.064373;0.178475;-0.541937;-0.818723;0.093747;1.420965;0.484994;0.068382;0.071753;-0.529761;-0.842336;0.014171;1.491426;0.494920;0.034671;0.343629;-0.547185;-0.762434;0.048264;1.448365;0.484926;0.084943;0.324273;-0.532826;-0.776999;0.070679;1.406501;0.469218;-0.035163;0.298607;-0.503803;-0.809802;0.028255;1.474382;0.492395;0.060392;0.381155;-0.545879;-0.743700;0.000449;1.510480;0.500158;0.034671;0.343629;-0.547185;-0.762434;2023/05/02 13:39:33.4426;0.032655;1.520601;0.515923;0.031708;0.227041;-0.594233;-0.770931;0.065177;1.459124;0.498008;0.091169;0.222234;-0.562176;-0.791365;0.079277;1.407256;0.473338;0.068382;0.071753;-0.529761;-0.842336;0.045769;1.495410;0.509508;0.059569;0.245232;-0.574188;-0.778859;0.021678;1.544034;0.522557;0.031708;0.227041;-0.594233;-0.770931;2746c083-2ca0-47c5-a755-74b0341c227a;0.171146;1.476359;0.481228;0.221682;-0.596028;-0.251092;-0.729768;0.129578;1.418459;0.468157;0.282812;-0.569574;-0.347744;-0.688968;0.150530;1.447005;0.472051;0.244415;-0.490445;-0.368154;-0.751124;0.192146;1.492463;0.486467;0.221682;-0.596028;-0.251092;-0.729768;1962;0.103005;1.373936;0.463757;0.068382;0.071753;-0.529761;-0.842336
