Gesture,Participant,Row,Temporality,Handedness,FrameCount,Timestamp,Dist.ThumbTip.PinkyTip,Dist.ThumbTip.IndexTip,Dist.IndexTip.MiddleTip,Dist.MiddleTip.RingTip,Dist.RingTip.PinkyTip,Dist.ThumbProximalJoint.ThumbTip,Dist.IndexKnuckle.IndexTip,Dist.MiddleKnuckle.MiddleTip,Dist.RingKnuckle.RingTip,Dist.PinkyKnuckle.PinkyTip,Dist.Palm.ThumbDistalJoint,Dist.Palm.IndexMiddleJoint,Dist.Palm.MiddleMiddleJoint,Dist.Palm.RingMiddleJoint,Dist.Palm.PinkyMiddleJoint
Nummer3,35,0,Static,Right,1,10,0.1200535037181339,0.10374427697468429,0.04994514039423653,0.12635422219300768,0.013463184355864742,0.06005212746439545,0.08811486097134816,0.0993360671105918,0.04904395218576902,0.04914114924378546,0.08380361866888561,0.09337761203843237,0.09151392306638374,0.07309458747403931,0.06579751482388974
Nummer3,35,1,Static,Right,2,21,0.12009358770975248,0.10377193738675207,0.050009164540112054,0.12634672888919612,0.013466913120682069,0.060052131652423534,0.08811529807019897,0.09933630553830768,0.04904069322511666,0.04913974690614512,0.08380707942053585,0.0933777536140166,0.09149762143356517,0.07306839055980355,0.06579612886789
Nummer3,35,2,Static,Right,3,33,0.12013585269185878,0.10379919705373446,0.05007098651914099,0.1263389957574463,0.013471341173023479,0.0600529775198532,0.08811446640024563,0.09933516728732085,0.04903846264923077,0.04913999953194953,0.0838113493209602,0.09338005727670129,0.09148379292530455,0.07304408462017985,0.0657972581951558
Nummer3,35,3,Static,Right,4,45,0.12016186611816577,0.10388363837005325,0.05023518251186115,0.12630374775120495,0.01346066536245512,0.0600483578043563,0.0881143834399355,0.09933406307002654,0.049029721220908484,0.04910149206490569,0.0838255534667084,0.09337526789252054,0.09143719458732315,0.07295842483222893,0.06576274290204137
Nummer3,35,4,Static,Right,5,55,0.12015391330705795,0.1038450109875289,0.05027689436510572,0.12626598844502812,0.013451425091788654,0.06005075127756516,0.0881134734362458,0.09933468756179784,0.04906511327817349,0.04916490619334079,0.08384788189930617,0.09338874532833175,0.09142906646685163,0.07295481984762897,0.06577568847226146
Nummer3,35,5,Static,Right,6,66,0.12014190482092421,0.10379298261925032,0.050304518395468234,0.12622689922912628,0.01344322234436376,0.06005334098116442,0.08811162412531048,0.09933505855436936,0.04910525846587102,0.04923945820173085,0.08387253478344381,0.0934053033719178,0.09142451292186367,0.07295991360329322,0.06579290403227392
Nummer3,35,6,Static,Right,7,77,0.12020962308401104,0.10386799496476282,0.050487948433264755,0.12626354477045226,0.01345717537226891,0.06005229402778887,0.08811405294276262,0.09933338928577846,0.04901719046416265,0.049187227142826445,0.08390354358428505,0.0934161179347548,0.09140635766181698,0.07290644815103821,0.0657686132513071
Nummer3,35,7,Static,Right,8,88,0.12022357395286495,0.10383418767920326,0.05050586130341704,0.1263196433061778,0.013483502734823783,0.06005477386519736,0.0881163051029717,0.09933001943521404,0.048980586133691786,0.04918252611446468,0.0839295580114658,0.09343129581676583,0.09141103547165412,0.07290756938068911,0.06577578160691062
Nummer3,35,8,Static,Right,9,100,0.12022973919126664,0.10378641204415927,0.05050438452253431,0.12637847396609914,0.013511439634620794,0.06005700542817616,0.08811717654918358,0.09932652241974443,0.04894682393169141,0.04918475809638592,0.08395516482623339,0.09344708548692152,0.09141881314587287,0.07291624094809064,0.06578788054041568
Nummer3,35,9,Static,Right,10,110,0.12023155478492323,0.10372851648413758,0.05048803780104747,0.1264423241561147,0.013541056716519536,0.060059302809806245,0.08811958865655253,0.09932289958010693,0.04891688257646845,0.04918976781811435,0.08398021739671796,0.09346358827907257,0.0914299996609428,0.07293038657514438,0.06580257950111071
Nummer3,35,10,Static,Right,11,122,0.12023087711149737,0.10366322422151457,0.05046036604108222,0.126507648646238,0.013572426754269108,0.06006281952256312,0.08812154191796683,0.09931898040656686,0.04888930994604033,0.04919867622202857,0.08400624653559981,0.09348004683888425,0.09144290905258862,0.07294850673591603,0.06581991197958258
Nummer3,35,11,Static,Right,12,133,0.12023884636006787,0.10357705735345064,0.05070183595295143,0.12651961320680674,0.013562083505125637,0.06006501439273949,0.08812014168168361,0.09931966003767834,0.048873711737497466,0.0491730203058547,0.0839745140980287,0.0934782272243116,0.09141939810565372,0.07288354550925746,0.0657976340380109
Nummer3,35,12,Static,Right,13,144,0.12021706699549779,0.10354901008218283,0.050790104488965156,0.1265159947397955,0.013524928280771072,0.060064094299339905,0.08811991802651652,0.09932075618419345,0.04893098202570637,0.04919467630750303,0.08399000448862955,0.0934862640659045,0.09142239089522888,0.07288938726591138,0.06581945479111785
Nummer3,35,13,Static,Right,14,155,0.1201907668417171,0.10352072705502023,0.05085531112873069,0.1265151154526606,0.013488277651353346,0.060062963738064065,0.08811969597087828,0.09932129029065224,0.04899225552064329,0.04922254064958452,0.08401026726537648,0.09349483462737386,0.09142965755705319,0.07290440498351242,0.06584653410013312
Nummer3,35,14,Static,Right,15,166,0.12018748004680023,0.10345560365683439,0.05109179998786497,0.1265375290852481,0.013425812042479932,0.060065305726350875,0.0881194927357167,0.09931979932521012,0.049077469433539495,0.04923350002792812,0.08401861109897028,0.0935026458128326,0.09143349363335079,0.07291353226939427,0.06584422042973852
Nummer3,35,15,Static,Right,16,177,0.12014674656435771,0.10340515019088756,0.05099643433613765,0.12659458281458968,0.013446012457230606,0.060068106570791716,0.08811885685822302,0.09931873712950634,0.0490681746654591,0.04925654512854106,0.08402273163852754,0.09350437334691895,0.09145339588008752,0.07292837695986397,0.06584416161665363
Nummer3,35,16,Static,Right,17,188,0.1201014553658697,0.10335467061531377,0.050879510797569596,0.12665446447322729,0.013468710814328143,0.06007115867868708,0.08811826562637291,0.09931690556496418,0.049055360542962084,0.049280949270483806,0.08402665542552556,0.09350539118681887,0.09147484816057362,0.07294667118518852,0.06584683003759563
Nummer3,35,17,Static,Right,18,200,0.12005419557016739,0.10330429111126023,0.050745785894003054,0.12671741600111644,0.013494118348376867,0.060074066900785046,0.08811830663942645,0.09931503568946656,0.04904214997326279,0.04930799007260385,0.08403275061545956,0.09350588099686578,0.09149679122242492,0.07296652252917105,0.06584935099907982
Nummer3,35,18,Static,Right,19,210,0.12004877913165125,0.1032578153168079,0.05084205468900718,0.12664416658101543,0.013458699379954937,0.060076761305849394,0.08811699280502043,0.0993185559399651,0.04913620794281949,0.049338660845223606,0.08401082503463461,0.0935008840867293,0.09147878043568344,0.07294982278936656,0.06584513316107721
Nummer3,35,19,Static,Right,20,222,0.12004037399975061,0.10321202604832448,0.05092048929458549,0.12657721176420333,0.013428368515944204,0.060078297454238885,0.0881166671407856,0.09932288778020901,0.04922405293146836,0.049371726888979686,0.08399020102964379,0.09349620775732026,0.09146200582755655,0.07293594133895841,0.06584209964756589
Nummer3,35,20,Static,Right,21,233,0.12013261424775537,0.10332559631572419,0.050944452200411404,0.12655736244091062,0.01338583183817874,0.060073570211866045,0.08811542773544251,0.09932170313682719,0.04928881862045386,0.04942497867475516,0.08399427145942749,0.09350164695875665,0.09145943118126192,0.07294442855352286,0.06584270013448718
Nummer3,35,21,Static,Right,22,244,0.12010112354178873,0.10322613061139123,0.05108395625830086,0.1265333478020716,0.013360344381788935,0.060076493947300184,0.08811501498609642,0.09932254330714664,0.049331277319769454,0.049442397605698706,0.08397575224432338,0.09350353587966602,0.09143902731875471,0.07291425656207422,0.06583263375408875
Nummer3,35,22,Static,Right,23,255,0.12006406671023599,0.10311854814241712,0.051222147192401084,0.1265108625652359,0.013337351161306313,0.060079211878985135,0.08811606030117318,0.09932190943090044,0.049370112153002015,0.04945861029183898,0.08395455480794348,0.09350451670908741,0.09141720141198811,0.0728830402631503,0.06582030778566741
Nummer3,35,23,Static,Right,24,266,0.12002220154621399,0.1030042739841411,0.05136087182865959,0.12649058032122393,0.013314769768944587,0.06008227096240616,0.08811496468251004,0.09932122682488362,0.04940620190826252,0.049474717381709214,0.08393583518378776,0.0935070680216206,0.09139700827160585,0.07285165336490305,0.06580847646010347
Nummer3,35,24,Static,Right,25,278,0.12004680127766834,0.10307309548567951,0.051500149135706386,0.126413908415965,0.013273036050580193,0.06008119047588845,0.0881144319450566,0.09932542682012493,0.04951415051275745,0.04952387127436625,0.08394633472046306,0.09350453731771531,0.09137458851343735,0.07283362496127735,0.06581536323686145
Nummer3,35,25,Static,Right,26,289,0.12006545129220143,0.10313089367401027,0.051637891523570144,0.1263381509125411,0.013232435641256635,0.06008020852993097,0.08811387680155734,0.09932671381858957,0.049617618866688896,0.04957121726365008,0.08395743062409665,0.09350418684743488,0.09135351271845005,0.07281392852332579,0.06582109903366859
Nummer3,35,26,Static,Right,27,300,0.12013155969186445,0.10323799047831181,0.05176339496207723,0.12635485494431942,0.01320552634316409,0.06007664212487243,0.08811365334611874,0.09932688233303207,0.04972036020585528,0.04965151555592238,0.08394388289804093,0.09349318670897896,0.09132680873106219,0.07274524217431691,0.06578484067017268
Nummer3,35,27,Static,Right,28,311,0.12017351090402574,0.10327519065583957,0.05161800673214724,0.12633798811125663,0.013247536412480637,0.060077395824053484,0.0881107027551138,0.09932743544962794,0.049743733816431566,0.049724572657791656,0.08393556820561819,0.09348641705616918,0.09130405652543594,0.07270357797935384,0.06575692716360768
Nummer3,35,28,Static,Right,29,322,0.12021213237439879,0.10330718815261603,0.05145773264534687,0.12632020730666965,0.013293385911798346,0.06007766558380897,0.08810798235687839,0.0993249338333533,0.04976093093984475,0.049798022239844024,0.08392664708541625,0.09348001141420552,0.0912805996091173,0.07266248399965411,0.06572712971825258
Nummer3,35,29,Static,Right,30,333,0.12027154247784476,0.1033771341545121,0.05134615625341393,0.1263544556792517,0.013306776168554147,0.060081059561229604,0.08810774647555109,0.09932641046569632,0.04983167886997184,0.04986298477829016,0.0839205722930915,0.09347041518041956,0.09127935103296915,0.07264160136588399,0.06569371397630064
Nummer3,35,30,Static,Right,31,344,0.12032365016903367,0.10343751879274757,0.051242855824007276,0.12638394455388707,0.01331912827477835,0.06008437469092937,0.0881083393272171,0.09932566087874779,0.04989179852440676,0.04991833860416429,0.08391440868527879,0.09346158103199396,0.09127819312957501,0.07262343144605592,0.06566305197750102
Nummer3,35,31,Static,Right,32,355,0.12037662970028688,0.10349827927555126,0.051132119474944525,0.12641504953920643,0.013334566847108296,0.060087753069989217,0.08810840764648972,0.09932482621177856,0.049953367914486055,0.049976304325149955,0.08390844573700548,0.09345337945200281,0.09127832343442774,0.07260694652028832,0.06563342737508084
Nummer3,35,32,Static,Right,33,367,0.12038350926933476,0.10357374996590593,0.05141057027499306,0.12632163672942176,0.013295713519777708,0.06008392142661802,0.08810701040212407,0.09932522268286124,0.05001256730062957,0.04999132743786664,0.08391926934858274,0.09344714275995807,0.09121263295180113,0.07251275753962189,0.06558721083412528
Nummer3,35,33,Static,Right,34,378,0.12033070652580743,0.10349525466416316,0.05121521675244574,0.1262995688116154,0.013271292099867271,0.060084630780258726,0.08810461511748394,0.09932593091937256,0.050110243623434934,0.050074215450668806,0.08390514220832947,0.09344395152710529,0.0912008061696825,0.07249806666387733,0.06555649796930889
Nummer3,35,34,Static,Right,35,389,0.1202723646188101,0.10340345946824024,0.05098637538597938,0.12627938910606118,0.013248337971232453,0.06008556224252224,0.08810117310229199,0.09932773738488163,0.05021103563958825,0.050160115320840325,0.08388957206351684,0.09344086534273949,0.09119359546590966,0.07248864354504089,0.06552579218139976
Nummer3,35,35,Static,Right,36,400,0.12035826726070795,0.10348980558006668,0.0509212217547851,0.12632068715772565,0.013277914218731835,0.06008545121741199,0.0881010415715955,0.09932739052748736,0.0502439731410644,0.050267591269126874,0.0839250671968751,0.093454299296501,0.0911912603049217,0.07247303522000428,0.06550692215331137
Nummer3,35,36,Static,Right,37,411,0.12036626611721404,0.10347953123685866,0.05071647530142447,0.12633258081745966,0.01331148169814317,0.060084949504846885,0.08809994829737422,0.09932807740513244,0.0502380714797055,0.050336278904980644,0.08392721594929749,0.09345603935006032,0.09118834218254006,0.07245489312668964,0.06549467265358305
Nummer3,35,37,Static,Right,38,422,0.1203714291599132,0.10346443982354515,0.050508516351205526,0.12634462098957747,0.01334560350827195,0.06008530353588975,0.08809950811440424,0.09932885639631615,0.0502301176088609,0.05040022511854485,0.08392805763271292,0.09345719885594689,0.09118660323205367,0.0724412728905283,0.0654844242854741
Nummer3,35,38,Static,Right,39,433,0.12037372555919329,0.10344439558526118,0.05028868463183345,0.1263571116676857,0.013383230028658984,0.06008489937579993,0.08809782511503908,0.09932913078246476,0.05021875702364602,0.05046264450066008,0.0839274229379171,0.09345855819024815,0.09118595026099134,0.07242581720629734,0.0654757746345929
Nummer3,35,39,Static,Right,40,445,0.12022887783723173,0.10318074270424694,0.05018148595846879,0.1263313542633023,0.013414060757280036,0.060087790756525546,0.08809816979370247,0.09932885301361334,0.050164041125092776,0.050471232955020984,0.08389739548996739,0.09346375443988962,0.09117659404693736,0.07242840120422375,0.06549872616318576
Nummer3,35,40,Static,Right,41,456,0.12006756285525233,0.10289010410141496,0.050077776987402324,0.1263036707661342,0.013447393836725321,0.06008992825757067,0.0880988951406316,0.09932918791070426,0.05010436088805045,0.050475330608129726,0.08386378001258936,0.09346990346630293,0.09116677071718618,0.07243256904873668,0.06552402733349043
Nummer3,35,41,Static,Right,42,467,0.12020988701849786,0.10312881483853094,0.04977535280638398,0.1263502344833598,0.013492275790243868,0.06008559561159398,0.08809797316624261,0.09932815454341219,0.05012138216370333,0.050577053166431116,0.08391900095330015,0.0934801213788257,0.09121369612070318,0.07251141021246232,0.06555015747502059
Nummer3,35,42,Static,Right,43,478,0.12022177082791623,0.10311042772193313,0.049856617785405365,0.1263957418586559,0.013467718477901198,0.06008582589097034,0.08809990205442912,0.09932747761823016,0.05022088370389355,0.05062007407145902,0.08392155832680889,0.09348284345803769,0.09120686646300259,0.07248964183936892,0.0655407415124363
Nummer3,35,43,Static,Right,44,489,0.12022534520224928,0.10307654168141267,0.04996374386492668,0.126442532994242,0.013437101956895335,0.06008547736350264,0.08810052613917808,0.09932697382886482,0.05032730109990005,0.050659321787801276,0.08392177115623804,0.09348609317968103,0.09119865833442947,0.07246308705127034,0.06552839029001097
Nummer3,35,44,Static,Right,45,500,0.12020293644083736,0.10302757606582813,0.04990319920606295,0.12648178610772376,0.013428372537280896,0.06008690268269767,0.08810062411243179,0.09932666293095731,0.050340097755169316,0.05067793991472027,0.08392129866130524,0.09349072636898277,0.09121953548445648,0.07248813908495656,0.06552831157598986
Nummer3,35,45,Static,Right,46,511,0.12016862978747819,0.10295291615588165,0.049755393406142434,0.1265094222617429,0.01342466871099621,0.060086643890302174,0.08810011415429601,0.09932576748256201,0.050347694495378875,0.05071153234718903,0.08391573770753612,0.09349610479052059,0.09122974318718655,0.07249521538005117,0.06551549083995334
Nummer3,35,46,Static,Right,47,523,0.12013167500705216,0.10287022307742896,0.049581369182385454,0.12652813834479676,0.013423983425198308,0.060086981385321744,0.08809939120675014,0.0993254995909913,0.050351356257801044,0.05074765126584678,0.0839068317897894,0.09350039676386401,0.09123386551604626,0.07249418957406183,0.06549708374424014
Nummer3,35,47,Static,Right,48,534,0.120089108760953,0.1027775669346186,0.04937521901723576,0.12654202395251932,0.013423595680740688,0.06008593186428911,0.08809758256047669,0.09932445384194152,0.05035284061500407,0.05078921544973894,0.08389559276267135,0.09350294867542949,0.09123371405900335,0.07248473711064966,0.06547202730937843
Nummer3,35,48,Static,Right,49,545,0.1200572074887635,0.10274959555638165,0.04953209167802223,0.1265808262692261,0.013386428201727288,0.060084281921314514,0.08809868821384347,0.09932179471797704,0.050370284900921485,0.050736916983592936,0.08389215965154305,0.09350524039325285,0.09123280813939684,0.07247423145504886,0.06546235318104605
Nummer3,35,49,Static,Right,50,556,0.1200245374454741,0.1027231620035131,0.049704027895131356,0.12661963611936336,0.013348099977150269,0.060082247078484086,0.08810245005106267,0.09932035266751717,0.05038652024103273,0.05068095670959655,0.08388879016292933,0.09350583992992077,0.09123006518686697,0.07245943900555658,0.06545002935064276
Nummer3,35,50,Static,Right,51,567,0.12009230320882353,0.10274534642503277,0.0495993707016531,0.1265825202190255,0.013345951108856958,0.060082962659975536,0.08810180631519428,0.0993225566022141,0.05047103442569807,0.05071522575124754,0.08391070528841961,0.09351737594693307,0.09124152059780677,0.07250131934661605,0.0654612772637382
Nummer3,35,51,Static,Right,52,578,0.12006427412432048,0.10266347964587993,0.04947603584564955,0.1265960061455336,0.013374261661863774,0.060084788207998216,0.08810206289298797,0.09932195322787403,0.050466338147323514,0.05073865954082745,0.08391419633172917,0.09352185569694393,0.09124793828355797,0.07250818024195602,0.06544815919489257
Nummer3,35,52,Static,Right,53,589,0.12003149272586758,0.10257804816821195,0.04935556274625994,0.1266111520878,0.013401528606841842,0.06008666354524926,0.08810070025828393,0.09932213657589124,0.05045840968560149,0.050761377926529926,0.08391569698810819,0.09352571016036179,0.09125427769151434,0.07251151363059521,0.0654344769521389
Nummer3,35,53,Static,Right,54,600,0.11999536745641472,0.1024877168445078,0.049230365771543876,0.12662784928284931,0.013433233304011357,0.06008879316478226,0.0881013011651928,0.09932218364997812,0.05044725277951215,0.050783404484142224,0.08391778142920601,0.09353024129125308,0.091259553724528,0.0725136566034288,0.06541949055900696
Nummer3,35,54,Static,Right,55,612,0.11999009813313762,0.10247236939292463,0.04923721359906548,0.12663061505418033,0.013434672046611312,0.06009229909896925,0.08810051342642669,0.09932296309514727,0.050486740734573085,0.05081766234292954,0.08392719670047367,0.0935336146473556,0.09125248820169224,0.07249513598856126,0.06541145962291309
Nummer3,35,55,Static,Right,56,623,0.11998447750438389,0.10246121639430208,0.04925408858155843,0.12663332260507118,0.013435148566353859,0.0600934493018997,0.08810097709446812,0.09932357052583245,0.05052940116407476,0.050852656685762235,0.08393513849991553,0.09353607999590317,0.09124448536761003,0.0724737101230508,0.06540341327484368
Nummer3,35,56,Static,Right,57,634,0.11988756444685997,0.10238415545874274,0.04910622190720847,0.12661479260734104,0.013431676775443945,0.0600999039849484,0.08809998418274546,0.09932546886876505,0.05055678207718526,0.05088296251202362,0.08395859661761851,0.09353784754312014,0.09125687622310978,0.07250256432706358,0.06540802897198475
Nummer3,35,57,Static,Right,58,645,0.11982880025269388,0.10230696968437682,0.04928549921630095,0.1266449292352442,0.013426838272653768,0.06010345724665095,0.08810239127855722,0.09932446091975547,0.05059017986724303,0.05091260541359084,0.08396171242894,0.09354067189196377,0.09125031093645661,0.07248446219018254,0.06539747461485047
Nummer3,35,58,Static,Right,59,656,0.1197697647655701,0.10222879799743324,0.049489228191597366,0.12667765067287912,0.013419336608044362,0.06010757607822828,0.08810465806641567,0.09932198718310044,0.050624034420421314,0.05094080055319117,0.08396244063270202,0.09354440892431784,0.09124274349777083,0.07246215960071861,0.06538650002867571
Nummer3,35,59,Static,Right,60,667,0.11972419827670601,0.10219364352541693,0.04942731222714826,0.12668798247663438,0.013402109759287878,0.060108774816993324,0.08810385182272108,0.09932119803445782,0.05061341347903732,0.050922032746150266,0.08395667764984503,0.09354076829383012,0.09124003650262319,0.07245712263815055,0.06538477028330066
Nummer3,35,60,Static,Right,61,678,0.11968657229196596,0.10217024319242858,0.049351576671875466,0.1266631641954362,0.013399067766079817,0.06010869776496574,0.08810261903598549,0.0993219987968426,0.05062886414882327,0.05094900070658893,0.083963267903292,0.0935414988868576,0.09123665174698153,0.07245921913738788,0.06539461912114784
Nummer3,35,61,Static,Right,62,690,0.1196525631025094,0.1021529389249276,0.049268903387430917,0.1266248534688194,0.013403734442311228,0.060108059742433786,0.08810238410508527,0.09932335214339069,0.05065455533315832,0.05099147216937356,0.08397208309313278,0.09354288132188344,0.0912320975205546,0.07246436202713714,0.06541178746219972
Nummer3,35,62,Static,Right,63,701,0.119621050300522,0.10213866852960246,0.04918364023737975,0.12657646885183668,0.013412594603580687,0.060106843612021385,0.0881026718437075,0.09932493339036276,0.050687246897025286,0.05104650480689152,0.08398564511272148,0.09354588585822468,0.09122598292153394,0.072469949599817,0.06543208573780916
Nummer3,35,63,Static,Right,64,712,0.11957483223906275,0.10213911712953071,0.0492218529720286,0.12656155721229093,0.013382487549032113,0.06011022389743706,0.08810313393404351,0.09932469761343353,0.050683045380087416,0.05100209400603079,0.08397319534827757,0.09353147441904251,0.09122758789971379,0.07248075312108716,0.06542090137715925
Nummer3,35,64,Static,Right,65,723,0.11953043870914219,0.10214280592875843,0.04926482576849327,0.12654464427228831,0.0133540855546159,0.06011493742822994,0.08810367373725124,0.09932485663719835,0.05068116309833466,0.05095910614404457,0.08396030301279285,0.09351821832135167,0.09122900506965959,0.07249316837468203,0.06541113126983812
Nummer3,35,65,Static,Right,66,734,0.1195454929388808,0.10219952323274313,0.04929921024722402,0.12656814609134473,0.013319340411597009,0.06011758226176428,0.0881033896510231,0.0993264430602445,0.05068827108907937,0.050967099848824034,0.08398535237170823,0.09352634547014001,0.09123440248612365,0.07248555511962365,0.06541785228819418
Nummer3,35,66,Static,Right,67,746,0.11954982087815937,0.10224734991186817,0.049364448685263386,0.1265506492239372,0.013308017320397547,0.06011890080498799,0.08810291346487929,0.09932654202175767,0.050680811812756084,0.050938432455268974,0.08398780757348044,0.09352130311324788,0.0912226312326057,0.07246932988513123,0.06541065218295858
Nummer3,35,67,Static,Right,68,756,0.11955464680638732,0.10229722111572727,0.04943277335938173,0.12653260041981282,0.013298160775084701,0.060119663181026,0.0881025760009321,0.0993262188447743,0.050673753650188585,0.05091116017142015,0.08398844679478237,0.09351527891205787,0.09120997316631542,0.07245301713524419,0.06540362354640605
Nummer3,35,68,Static,Right,69,768,0.11955938792917936,0.10234918238071077,0.0495038551731075,0.12651034166027697,0.013288266102091667,0.06012080489314827,0.08810287806309162,0.09932553484376516,0.05066621158128957,0.05088397670190489,0.08398979839242389,0.09350888847590916,0.09119759631152562,0.07243629201581203,0.06539605280901899
Nummer3,35,69,Static,Right,70,779,0.11947588714883015,0.10232075176619852,0.04960749545179637,0.12647796378421022,0.013269810699478753,0.060120423667835154,0.08810244461421048,0.09932580060085085,0.050642528748078966,0.050815511126033164,0.08398050214781999,0.09350000807486593,0.09117424601826989,0.07240591322537128,0.0654006160444991
Nummer3,35,70,Static,Right,71,790,0.11938864482855986,0.1022902662182477,0.04971521321487016,0.12644375876254224,0.013251414490536484,0.0601199309214507,0.08810266700276433,0.09932552128229678,0.050617362416467325,0.05074428793470257,0.08397145406624798,0.09349092735661572,0.09114970733359483,0.07237329077774471,0.06540422997023965
Nummer3,35,71,Static,Right,72,801,0.11942967042992285,0.1024800833186625,0.04950416714782704,0.1263726137499735,0.013273450380364562,0.06011737636490798,0.0880994481537768,0.09932777249088001,0.05049565267426494,0.050691462792071776,0.08400465938267948,0.09348272209879208,0.09113983308082148,0.07237026774166308,0.06541816221050543
Nummer3,35,72,Static,Right,73,812,0.11942584816529465,0.1024588522334698,0.04978787017939211,0.12635506986662629,0.013302331637724304,0.06012152165406331,0.08810058912969887,0.09932787715943603,0.05044957876930193,0.05067141390369919,0.08401855447459208,0.09349041523600168,0.09114182280928991,0.07237974488073307,0.06543116708419623
Nummer3,35,73,Static,Right,74,823,0.11942123090975074,0.10242946090847102,0.05009369133932934,0.12633838930823843,0.013333954739686153,0.06012604197018141,0.08810329417223854,0.0993288234954991,0.05040591661700041,0.05065267526992035,0.08403330312441605,0.0935003234807238,0.09114491019250612,0.07239104379686759,0.06544460106838448
Nummer3,35,74,Static,Right,75,834,0.11948206257844736,0.10251846141061613,0.05009482134911754,0.1263401353846039,0.013324204929375675,0.06012651332814835,0.08810180494178298,0.09932866745809085,0.05040443588614005,0.050608734562326334,0.08404286452162371,0.0934959843950529,0.09113908450275318,0.07237491782378745,0.06542037336334913
Nummer3,35,75,Static,Right,76,845,0.11954382102810668,0.1026047014614828,0.05010089346508699,0.1263431578202792,0.013315347160325964,0.06012826474296428,0.08810120871475043,0.09932864060783254,0.05040530143744805,0.05056314729128321,0.08405331649613837,0.09349283919637905,0.09113517488873316,0.07235876503921271,0.06539499193363359
Nummer3,35,76,Static,Right,77,857,0.1196047844862403,0.10268878491831519,0.05011185075408809,0.12634740846174888,0.013306315079690474,0.060129135342194974,0.0881001415379113,0.09932876692076666,0.050408050805402095,0.05051906106609663,0.08406233428831238,0.09348891332131298,0.09112993828594405,0.07234229938977592,0.06536950551289186
Nummer3,35,77,Static,Right,78,868,0.11950585074380252,0.10260244396212014,0.05017761506887307,0.1262930596905466,0.01326188316190429,0.0601234803550161,0.08809869604596882,0.09933031992800578,0.050391503996209557,0.050443117052775384,0.08403903774437209,0.09348461998639138,0.09110829739381589,0.07231460243961782,0.06536711413241356
Nummer3,35,78,Static,Right,79,879,0.11948524449905941,0.10251543798862688,0.05018775516996153,0.12630041026853406,0.013266307474199449,0.060126618273440305,0.08809785025186484,0.09932932137591614,0.05034848447570193,0.050347541002515726,0.0840180123366413,0.0934808423421612,0.09110082272405667,0.07229270912754625,0.06533654363371239
Nummer3,35,79,Static,Right,80,890,0.11946688398882768,0.10242245322193759,0.05019706136817178,0.12631154444863704,0.013273076696832569,0.060130315224518796,0.08809551585637027,0.09932911962259601,0.05030451092098996,0.05025229728082088,0.08399561182585664,0.09347610073703334,0.09109240135708346,0.07226987428382589,0.06530480597168938
Nummer3,35,80,Static,Right,81,901,0.11947510584636448,0.102390097372744,0.0502279793143224,0.12630429760305054,0.013270081160264223,0.060128301123514256,0.08809517050894447,0.09932920523692902,0.0502950537727121,0.050203069926051315,0.08397838742795669,0.09347558103590482,0.09108177948964322,0.07224549804659103,0.06527686669104153
Nummer3,35,81,Static,Right,82,912,0.11948440899548358,0.10237424147215937,0.0502481880469336,0.12628496181652044,0.013271630306785964,0.06012759819750006,0.08809374441468577,0.09933059376647267,0.05028807935286452,0.050176261080315684,0.08396438608719764,0.09347591314344025,0.09107358091126093,0.07222598557998357,0.0652596871429828
Nummer3,35,82,Static,Right,83,923,0.11949553155243926,0.1023637593926679,0.050264155797148324,0.12625989111748834,0.013274683160060783,0.06012648675084885,0.08809207304860077,0.09933178718819072,0.05028049797883868,0.050155605359720266,0.08395108295906611,0.09347592090479774,0.09106679149942631,0.07220768477800675,0.06524523672269104
Nummer3,35,83,Static,Right,84,935,0.11950607394605509,0.10235900817221705,0.050277269585768065,0.12623257427859103,0.013277023310968408,0.06012540755787015,0.08809070757463572,0.09933378474617774,0.05027455906320811,0.05014210941912996,0.0839372055050679,0.09347374376796941,0.09105935243565039,0.0721890356840982,0.06523209555885807
Nummer3,35,84,Static,Right,85,946,0.11949406249266119,0.10231365708447722,0.05027131522051122,0.12621194027904029,0.013281922827663176,0.060127111073125745,0.08808894253537158,0.09933586821485994,0.05022722597356934,0.0501233413291652,0.08392316562785275,0.09347585739109321,0.09105768649048795,0.07217835008504975,0.06521183488447474
Nummer3,35,85,Static,Right,86,957,0.11948123568577616,0.10226988594889508,0.05026135846751456,0.126191487311942,0.013287143109035853,0.0601294843816242,0.08808779915516113,0.0993372151512212,0.05017860082744435,0.050106231837966045,0.08390800137054868,0.09347700965478084,0.09105695820748677,0.0721681540986049,0.06519293547616951
Nummer3,35,86,Static,Right,87,968,0.11943096393314431,0.10214802651544472,0.04990365431508999,0.12614903346835432,0.0133036561140162,0.060135954686028,0.08808412834898237,0.09933788697672193,0.05015540119468687,0.05011748718760747,0.08387727077104978,0.09347311343910611,0.09106939110919769,0.07221039399560164,0.06521258981209073
Nummer3,35,87,Static,Right,88,979,0.11946409155055751,0.1021615142507197,0.049888220062455566,0.1261613059856309,0.013298224054361506,0.060137653213274,0.08808391648876666,0.09933895647730555,0.05015316298101249,0.05011662266154816,0.08388625852307409,0.09348062730320118,0.09108251585238535,0.07222850936437784,0.06521914408362013
Nummer3,35,88,Static,Right,89,990,0.11950081895535268,0.10218231831877768,0.04988385989475954,0.12617527173737325,0.013292430402300376,0.06013854974140953,0.08808338842256237,0.09933895890837585,0.05014993513455428,0.05011654519218178,0.08389757365979061,0.09349074776682449,0.0910948411876325,0.07224584767998783,0.06522553490773378
Nummer3,35,89,Static,Right,90,1002,0.1195648917282996,0.10224385775683545,0.04991345185418454,0.1261774927790214,0.013294758553655608,0.06013759687583146,0.08808360386587294,0.09933933773687043,0.050119925149584965,0.050083005840304735,0.08390218143767185,0.0934946811214413,0.09109535869625858,0.07224878789986736,0.06523035266653092
Nummer3,35,90,Static,Right,91,1013,0.11963773841476617,0.10231534237835499,0.049953320149915964,0.1261779473996943,0.013299594993833503,0.06013728538103465,0.08808381214502471,0.09933777310771584,0.050083928130688786,0.050043644611478866,0.08390567315146219,0.09349957468887217,0.09109450440613845,0.0722504454588343,0.06523612052383239
Nummer3,35,91,Static,Right,92,1024,0.11971458717299231,0.10239452894564241,0.050000803843538326,0.1261778794638742,0.013304746408706911,0.06013649051116955,0.0880851691830128,0.09933800829491184,0.05004513357959992,0.04999928418487608,0.08390845899550298,0.09350340337121418,0.09109170283291446,0.07224968319653721,0.06524196407221351
Nummer3,35,92,Static,Right,93,1035,0.11973469177310309,0.10244786766448581,0.04989831902980297,0.12604557319477744,0.013280080157890615,0.06013726988315985,0.08808420140411115,0.09934006476744413,0.05006791251889774,0.050029074686625964,0.08391353207915869,0.0935087236465132,0.0911201098934806,0.07235914063889916,0.06533093816102752
Nummer3,35,93,Static,Right,94,1046,0.11973442793532696,0.10240688682408035,0.04997920312489989,0.12601978705346234,0.013249942113081122,0.06014037982919629,0.08808219555619622,0.09934141184823175,0.05001393066936451,0.04994651116945008,0.0839070317255949,0.09351065060729709,0.09110647905061414,0.07234050423517925,0.06532067312114896
Nummer3,35,94,Static,Right,95,1057,0.11973418865971414,0.10236569601678089,0.05006917232189883,0.12599617743804759,0.013218041042454097,0.0601445280387169,0.08808121291172138,0.09934207538601154,0.04995419855227386,0.04985706375229086,0.08389791115993282,0.09351208250274398,0.09108894095882332,0.07231602052104351,0.06530567107074242
Nummer3,35,95,Static,Right,96,1068,0.1197568541754501,0.10238539609729505,0.05006081858100208,0.12597197685596587,0.01321267293169709,0.060145160387183344,0.08808163305139154,0.09934244090015097,0.0499535665793745,0.04985267100166247,0.0839024313652472,0.09351864151066348,0.09110231580481362,0.07235393110260155,0.06534348104440107
Nummer3,35,96,Static,Right,97,1079,0.11973836623655756,0.10230372379341819,0.050139305898665915,0.12596347115731601,0.01321636844976707,0.060147220800299585,0.08808131712798126,0.09934321479094572,0.04990042056936998,0.0497890179557701,0.08388181203336034,0.09352213900996924,0.09110192898616362,0.0723552963092544,0.06536585333337269
Nummer3,35,97,Static,Right,98,1091,0.11970325999320154,0.1021831521778419,0.050251949912416334,0.12596041237627004,0.01322293620948086,0.060151302271854376,0.08808009902355915,0.09934181550082512,0.04982796845146307,0.049702017866481006,0.08385136018574771,0.09352513066550622,0.09109551324845812,0.07234408145107646,0.06538336294501831
Nummer3,35,98,Static,Right,99,1102,0.11965551228422361,0.10203364657797935,0.05039293785839443,0.12596322737211835,0.013231183469365039,0.06015529869429621,0.08807915736994766,0.09934162573664668,0.04974022587403479,0.049596083010657176,0.08381472860422565,0.09352546922095598,0.09108558657109243,0.07232359182175624,0.06539548703847989
Nummer3,35,99,Static,Right,100,1113,0.11972335824307634,0.10209333389599932,0.05041008246372938,0.12597949624045968,0.013229597953074776,0.06015390482753379,0.08808087184514003,0.09934143421553752,0.049738547284777015,0.049600686497265324,0.08382312680281022,0.0935356644173762,0.0911160288313752,0.07236573895152322,0.06541162130692063
Nummer3,35,100,Static,Right,101,1124,0.11979130320269502,0.10214920876835024,0.050434290220047716,0.12600066345857072,0.013230335332107102,0.06015118536654124,0.08808032357456452,0.09934401126389064,0.04973346480992452,0.049603017307417924,0.08382918058170433,0.09354584143081925,0.09114800529358826,0.07240763349951437,0.0654263956748345
Nummer3,35,101,Static,Right,102,1135,0.11980940090827598,0.10224672656373894,0.05041702488247395,0.12594511081419546,0.013215059023704737,0.06015316172072753,0.08807839120351825,0.09934212782601344,0.0496259940152336,0.04947152575977417,0.08383009112484614,0.09353441820527891,0.09111214890452313,0.07237331044660039,0.06543902892005661
Nummer3,35,102,Static,Right,103,1147,0.11982847535122858,0.10224299677239515,0.05038153518899557,0.12593547221096993,0.013226522936887069,0.060155422149628365,0.08807796099479154,0.0993420709166061,0.049575913244235846,0.049413168072893254,0.08382745195340242,0.09353558290832413,0.09111584035720667,0.07238275503875206,0.0654446492388796
Nummer3,35,103,Static,Right,104,1157,0.11984765800798945,0.10223485126413596,0.05034777418118897,0.12592826101395987,0.013240466683618059,0.0601575432593453,0.08807844205025432,0.09934256208191942,0.049526572433391716,0.04935543294309149,0.08382501445272773,0.09353898739563099,0.09112126751752299,0.07239280860693276,0.06544676720816694
Nummer3,35,104,Static,Right,105,1169,0.11986550713612314,0.10221983154456873,0.050315568823178405,0.12592152896943407,0.013255458875497245,0.060158947181612056,0.08807809078879948,0.09934139280783212,0.04947609697621667,0.04929856990826409,0.08382148343950978,0.09354086639538893,0.09112610617161254,0.07240300359101137,0.06544938528359145
Nummer3,35,105,Static,Right,106,1180,0.11992681687595984,0.10224897068430569,0.05017685372759035,0.12591272284403981,0.013286303549144141,0.06015888428154237,0.08807649689900261,0.09934111982457217,0.049419586046424935,0.049239044537846215,0.08380273798629746,0.09353762007876835,0.09112639271912402,0.07241501535593294,0.06546141938577257
Nummer3,35,106,Static,Right,107,1190,0.11999211964958366,0.10227781814743608,0.05003514967500345,0.12590353447381838,0.01331885621966096,0.060158388949505565,0.08807461801222866,0.09934004894804503,0.04936246932640223,0.0491795832841231,0.08378417082599789,0.09353326279992577,0.091125684507717,0.07242735050379795,0.06547291319316714
Nummer3,35,107,Static,Right,108,1202,0.11993550448887101,0.10226384128322191,0.04991969552190799,0.12581917248972824,0.013340017466255436,0.06015811016812275,0.08807379763584632,0.09934187534469041,0.04924652748164078,0.04912057021248835,0.0837676934265233,0.09352257560076063,0.09112090031381374,0.07244369378351717,0.06551875296432313
Nummer3,35,108,Static,Right,109,1213,0.11995782603065136,0.10230957566621025,0.04995286684465667,0.12577631845065274,0.013315061922499663,0.06015541004764237,0.08807038749772828,0.09934321283811999,0.04920230865518405,0.04904626865521983,0.08376152293863819,0.09351985167332122,0.09110795982788779,0.07242700614411739,0.06550845872862524
Nummer3,35,109,Static,Right,110,1224,0.11998342210072188,0.1023584516100161,0.04999190711505209,0.12573577055873958,0.013288121612929278,0.060153478818768355,0.08806875467496983,0.09934477548920212,0.049160050101683186,0.04896959277960153,0.0837558177203232,0.09351713883561677,0.09109536102897896,0.07240768258272053,0.06549722162809661
Nummer3,35,110,Static,Right,111,1235,0.11995094034229165,0.10234491159310265,0.049905039505044005,0.12571586014103386,0.013298892923848967,0.060154247281467926,0.08806802211926858,0.09934510763495091,0.049102785562531996,0.04891973128503465,0.08375276610357421,0.09351277284414153,0.09109857180548994,0.07242086017854256,0.06550847775669952
Nummer3,35,111,Static,Right,112,1247,0.11992013973057235,0.10233173109549158,0.04981832682858791,0.1256980327013911,0.013308773985608173,0.060154597729516854,0.08806807602076913,0.0993445212832594,0.0490482953934181,0.0488696809893414,0.08375195754727179,0.09350932311272504,0.09110350408189587,0.07243395985309653,0.06551927407259646
Nummer3,35,112,Static,Right,113,1257,0.11988837942436285,0.10231950251540518,0.04973207128202082,0.12568097665915873,0.013318143188898344,0.06015598588669287,0.08806849520685585,0.09934440475436937,0.04899350843734298,0.04881909714445772,0.08375009512830414,0.09350529750768119,0.0911064154930924,0.07244653213232498,0.06553003853195877
Nummer3,35,113,Static,Right,114,1269,0.11992660365406839,0.10238105591856334,0.0498386650102107,0.1256700132808142,0.013349571566158921,0.06015932411521923,0.0880696919831108,0.09934341029479501,0.048911311104896806,0.048731816711466855,0.08376770519717018,0.09350779799567527,0.09110533376811714,0.07245735334664113,0.06556614795761609
Nummer3,35,114,Static,Right,115,1280,0.11988591267117252,0.10233549184422774,0.04994724006389141,0.12573016829703196,0.013346689701944851,0.06016106343807433,0.08806954714315271,0.0993420683547508,0.048858039604552296,0.04867367487667227,0.08377822638967711,0.09351035298831882,0.09111895118470147,0.07246363330664553,0.06556367584264933
Nummer3,35,115,Static,Right,116,1291,0.1198423144761482,0.10228883000601775,0.05006058299700475,0.12579432189888373,0.013343583963838234,0.06016396873544835,0.0880705375139722,0.09934045391984073,0.048804649788724036,0.048618083929747785,0.08378845431800243,0.09351334132625143,0.09113515463310513,0.07247079497977096,0.065559426522812
Nummer3,35,116,Static,Right,117,1302,0.11981363423667603,0.1022719123317835,0.05010976895775912,0.12579207426940706,0.013350646239040212,0.060164372979363695,0.0880699663335918,0.09934128312539549,0.048743451057552345,0.04858816202533293,0.08379029974286999,0.09351427012493871,0.09113953059457777,0.0724735628764033,0.06557173587758669
Nummer3,35,117,Static,Right,118,1313,0.11980390069609591,0.10223708544848092,0.05020996093406172,0.12575406484881518,0.013337123752893672,0.060165695117733016,0.08806926922031315,0.0993434070182819,0.04875332892223874,0.04857642856365626,0.08377471965336562,0.09351419789529294,0.09112918970889627,0.07246348350031208,0.06558349465376179
Nummer3,35,118,Static,Right,119,1325,0.11980046683131075,0.10219590525065086,0.05032896681832442,0.12569963745771107,0.013316953442886281,0.06016763256934736,0.08806992520151256,0.09934499663797881,0.04878931840064997,0.0485739592065543,0.08375117055301372,0.09351307490934076,0.09111105064151097,0.07244703292751188,0.06559437660348637
Nummer3,35,119,Static,Right,120,1335,0.11980249149746428,0.10214722225298149,0.05046511528769156,0.1256338887442397,0.01329170812950691,0.060169649442222875,0.08806821058134422,0.09934662276091717,0.04884269670073507,0.048577496147907816,0.08372124486054892,0.09351105167839788,0.09108934148406171,0.07242757834554453,0.06560563942985394
Nummer3,35,120,Static,Right,121,1347,0.11978312242549034,0.10215539089543932,0.05049971394968488,0.1255914867895114,0.013308223923574457,0.060167817253079785,0.08806737632063306,0.09934663993311507,0.048758476657910506,0.04850929632554983,0.08372003656234274,0.09350976767161816,0.0910786527842831,0.07240803865593932,0.06559812074289935
Nummer3,35,121,Static,Right,122,1358,0.11976511477888711,0.1021628610846427,0.05053849266648148,0.12554500447648254,0.013324053324720664,0.060166339102524835,0.08806662697072037,0.09934801971353027,0.04867782979961207,0.048440321726842414,0.08371760944389178,0.09350693053458654,0.09106534057477617,0.07238510136070808,0.06558899289514962
Nummer3,35,122,Static,Right,123,1369,0.119748634438978,0.10209765604067512,0.050482832933582474,0.12553299019381328,0.013333009750240163,0.060172058673440665,0.08806425736358654,0.09934960725136269,0.04868540721817985,0.04846049176391011,0.08371108652980214,0.09350786271218052,0.09106949092314073,0.07239272978690608,0.06558909859115312
Nummer3,35,123,Static,Right,124,1380,0.11971373966258013,0.1020092114517116,0.050367674921520854,0.1255488756779606,0.01335426830642553,0.060173128496032145,0.08806342110660932,0.09934961006969288,0.048657582266281994,0.04846445325184224,0.08369091067135065,0.09350722002604939,0.09107109496980925,0.07238613912207224,0.065583891779918
Nummer3,35,124,Static,Right,125,1391,0.11967903133799172,0.10191939894347887,0.05025050353976564,0.12556288726769552,0.01337496841117763,0.06017495488157848,0.08806274867956376,0.0993497440359059,0.04862707485547529,0.04846780545888168,0.08367113770590189,0.09350924939812104,0.09107495693658053,0.07237901830641255,0.06557734228374919
Nummer3,35,125,Static,Right,126,1402,0.11969745974330451,0.10191087595050885,0.050207223125761515,0.12557343492156298,0.013405680959951302,0.060174748798810886,0.0880615780122068,0.09934942259016909,0.04858552361557916,0.04845879912874442,0.0836546626255823,0.09350803172455294,0.09106121491063025,0.07234517884420498,0.06555654919228139
Nummer3,35,126,Static,Right,127,1413,0.11963413301395212,0.10176360941417127,0.050245180385784266,0.1255806868989018,0.013420649052858764,0.0601754109582975,0.08806134921178543,0.09934923018322792,0.048521528603291154,0.04842325628249299,0.08362483213735007,0.09351080354162283,0.09104917694301241,0.0723140358782442,0.06554342469691368
Nummer3,35,127,Static,Right,128,1425,0.11954385662592615,0.10156733444863068,0.05031769400519068,0.1255857301607153,0.01342927615324069,0.06017606173554398,0.08806106080442135,0.09934837711809881,0.048449160787365546,0.048375489713283544,0.08359098306037568,0.09351534254334966,0.09103798829609537,0.07227971923714155,0.06553253279097347
Nummer3,35,128,Static,Right,129,1436,0.1194338958294503,0.10133710049631375,0.05041529611139858,0.12558994277011204,0.013435092295924059,0.06017762446291809,0.0880613833981729,0.09934902013608396,0.048369692742460155,0.048320838506797435,0.08355362307524443,0.09352105524426052,0.09102667853437262,0.07224595239181233,0.06552312526123891
Nummer3,35,129,Static,Right,130,1447,0.11948145664495388,0.10141051407028764,0.05042254536415231,0.1256344679377439,0.013490024203091656,0.06017729605922816,0.08806178815468162,0.09934705901031998,0.04832213608689091,0.04831145422154047,0.08358229033114596,0.09352439791305783,0.09102074515735402,0.07221703575334547,0.06550844056302968
Nummer3,35,130,Static,Right,131,1458,0.11952733600729173,0.10148113339434083,0.05043884421752746,0.12567927021589528,0.013546009227813183,0.06017641136691363,0.08806263481182022,0.09934409827463338,0.04827257162198844,0.048298401360707593,0.08361211970163171,0.09352768170440234,0.09101527316884792,0.07218809789709091,0.06549423345608373
Nummer3,35,131,Static,Right,132,1469,0.11961475203753086,0.10153289106984005,0.050431878578930577,0.12570298118183187,0.013579088076892334,0.06017951592527148,0.08806166355457982,0.09934340514598834,0.04824914409603554,0.0483330477520299,0.083638803542375,0.09354294584307264,0.09102774851659245,0.0722055423011281,0.06549411388056187
Nummer3,35,132,Static,Right,133,1480,0.11961092583873759,0.10150637458307733,0.05045641602412921,0.12569467857073355,0.01358366334977417,0.060182479194529584,0.08806203528763124,0.09934321462485511,0.048245152025877175,0.04834190515484468,0.08363974940780246,0.09354550998310919,0.09102163354939306,0.07219798709797944,0.06549998823664013
Nummer3,35,133,Static,Right,134,1491,0.11960201679319621,0.10147355947733379,0.050485385865614636,0.12568470647616592,0.013587767145487895,0.06018357311592592,0.08806009558250534,0.09934409378518674,0.04823974560463602,0.048349032834173626,0.08364160568162238,0.0935497368889941,0.09101624301738676,0.07219138938266816,0.06550588222442326
Nummer3,35,134,Static,Right,135,1503,0.11958246787886585,0.10142586023790974,0.0503026641342186,0.1256502464183816,0.013589933075626183,0.06018715792426143,0.08806070519817566,0.0993432187217628,0.048176237991358374,0.048305599271720026,0.0836344849568645,0.09355178445117968,0.09102391216597963,0.07222414666162558,0.06551401274536608
Nummer3,35,135,Static,Right,136,1513,0.11957411241987115,0.10140003461537872,0.05021609452157742,0.12563284391034044,0.013591683376241523,0.06018882974439689,0.08805989487275133,0.09934421168341916,0.04814462265923369,0.048284523296808046,0.08363209455705396,0.09355434686854487,0.09102746761829655,0.07223933710244033,0.06551779175918562
Nummer3,35,136,Static,Right,137,1525,0.1195676057341619,0.10138155657712111,0.05015194622345175,0.1256200720187661,0.013593335536210437,0.06019062300724252,0.08805930196180305,0.09934411963473223,0.04812093188000413,0.04827107237259188,0.08363014295097196,0.09355490183843926,0.09102972134967785,0.07224958237941591,0.0655204309051764
Nummer3,35,137,Static,Right,138,1536,0.11960687958892668,0.10146196542054566,0.05040398011070152,0.12558792232535726,0.013590769257109869,0.06018748315887607,0.08806243302339543,0.09934462113773443,0.04815230783669667,0.048264729244034923,0.08365774690965572,0.0935623797581058,0.09100741967004682,0.07221973584831236,0.06554257386615213
Nummer3,35,138,Static,Right,139,1547,0.1195678147663492,0.10132070267225747,0.05037918761750726,0.12556389953326544,0.013604129483359094,0.06019117993526949,0.0880630657937821,0.0993462379861462,0.04808707570647234,0.048210787807294764,0.08363787971965822,0.09357003531045621,0.09100348051036303,0.07223245113520664,0.06555356960532358
Nummer3,35,139,Static,Right,140,1558,0.1195252302193976,0.10117271316911494,0.05035312813520132,0.12554126288197037,0.01361744711757674,0.06019492953729573,0.08806446134508511,0.09934571266541903,0.04802175516367555,0.048157636621827676,0.08361712251088282,0.09357796936245204,0.09100087249032285,0.07224512132317304,0.0655625905299661
Nummer3,35,140,Static,Right,141,1569,0.11957346038732851,0.10126864227884164,0.05045205108813713,0.12554255938525383,0.013615119536750339,0.060192639508498166,0.08806612834115059,0.09934583174950014,0.04803566210639759,0.048141261491572905,0.08364346801155478,0.09358189472862784,0.09099058218299295,0.0722262486427199,0.06556362416004777
Nummer3,35,141,Static,Right,142,1581,0.11962168172618214,0.10136324293352103,0.05055292151794988,0.1255453998400578,0.01361338429634607,0.06019017120759838,0.08806678095059467,0.09934515848797067,0.04805000301768981,0.048126566779690426,0.08366950782692584,0.09358560042015011,0.09098067099115069,0.07220544443461308,0.0655637015275984
Nummer3,35,142,Static,Right,143,1591,0.11967056000955283,0.1014602012465972,0.050654667238073936,0.12554904498641153,0.013611631863961053,0.06018850249840084,0.08806771975020133,0.09934421445660527,0.04806467848638959,0.04811233685864781,0.08369492059856438,0.09358882681175149,0.09097143607748526,0.07218527409382047,0.06556414644453175
Nummer3,35,143,Static,Right,144,1603,0.11972132385669651,0.10151602052878152,0.05058992485663526,0.12559259663292252,0.013657230685611223,0.060189079981338926,0.08806928448670395,0.0993440447384743,0.04803960374524335,0.048188944489374295,0.08371911297308399,0.09359929686701712,0.09100157649733315,0.0722307271595683,0.0655888535423512
Nummer3,35,144,Static,Right,145,1614,0.11962970108213095,0.10128536839544003,0.05058921431491106,0.12563961907774163,0.013679683512420859,0.06019296477994753,0.08806964090422989,0.09934351755902356,0.04799522103293202,0.048180519880964334,0.08368723638644063,0.09360273130630316,0.09101047417742635,0.07222284528457742,0.06556439620708789
Nummer3,35,145,Static,Right,146,1625,0.11953120377959886,0.10103994915378775,0.05058945729102059,0.12568769248816675,0.013702687546609253,0.06019757628011283,0.08807062095273317,0.09934386379641166,0.04794959896599761,0.048168434062153216,0.08365412909115727,0.09360705952544394,0.0910199178476888,0.07221228145544223,0.06553701773043995
Nummer3,35,146,Static,Right,147,1636,0.11951873969800726,0.10101583625353004,0.05055960512108454,0.12571852391751992,0.01371261510434826,0.0601961081300113,0.08807100642663285,0.09934354369560205,0.04791973116577344,0.048174117303797025,0.0836483244900935,0.09361031259962754,0.09103536425477723,0.07222768022025897,0.06555388931253418
Nummer3,35,147,Static,Right,148,1647,0.11944039148462302,0.10088554051993776,0.05045477880240876,0.1257018995998071,0.013724176077273297,0.06019771160102348,0.08807157124180316,0.09934390715589952,0.04789368653590991,0.04818697162096827,0.08363050338243821,0.09361101048487842,0.09104552425023445,0.07225482709134394,0.0655722290455343
Nummer3,35,148,Static,Right,149,1658,0.11933577945444528,0.10071370049303119,0.050320985662047645,0.12566867837293436,0.013738387569143579,0.060199177436240835,0.08806974678628292,0.09934427485265569,0.04786888811117302,0.04820180571306434,0.08360812235662266,0.09361122643144881,0.09105355554287818,0.0722872291210556,0.06559230807038265
Nummer3,35,149,Static,Right,150,1670,0.11930445468212826,0.10070775007912745,0.0503406266647526,0.1256718536546668,0.013727591886416238,0.060198960298330745,0.08807189931527537,0.0993438300550166,0.04785349447010113,0.04818736715156786,0.08360534191066989,0.0936072229317803,0.09105864460884545,0.07229742079770213,0.06560561226754914
Nummer3,35,150,Static,Right,151,1681,0.11927425819932809,0.1007155266778663,0.050377946097474084,0.12567363136712492,0.013713520372245786,0.060196914364442196,0.0880723109439056,0.09934405790483905,0.047840532030904465,0.04816833334256022,0.08360435618435205,0.09360315849905919,0.09106246531365166,0.07230504539795271,0.06561841536489588
Nummer3,35,151,Static,Right,152,1692,0.11924785019865143,0.10073435558437842,0.050427908275081174,0.12567672676752845,0.013696050890676456,0.0601959684613513,0.08807408200486674,0.09934482832538394,0.047830273624557065,0.04814610702850232,0.0836054333521452,0.09359885878577803,0.09106572150375798,0.07231107369552738,0.06563030911095878
Nummer3,35,152,Static,Right,153,1703,0.11924275280703639,0.10063154080605151,0.050356610151994954,0.12573819597878771,0.01370939130669188,0.0601957189258505,0.08807467196646258,0.0993435308009535,0.0478211836428167,0.048146033232240405,0.08360098040094972,0.09361044456149105,0.09109882156757007,0.07234320939106852,0.06563936571143864
Nummer3,35,153,Static,Right,154,1714,0.11923431969445711,0.10060231902893693,0.050232052486435363,0.12573072005679434,0.013727197601841422,0.06019846040390068,0.08807402207802262,0.09934465131550864,0.04779334813548847,0.04814571659036765,0.0835920896377162,0.09360878943240308,0.0911060754285904,0.07236388360225,0.06565890412579237
Nummer3,35,154,Static,Right,155,1725,0.11922603627563907,0.10057777999637887,0.05010710702086087,0.12571798667255216,0.01374570674792677,0.06019880664099592,0.08807391712079116,0.09934324530636192,0.047764905359479144,0.04814477497091453,0.08358537863167208,0.0936076353402861,0.09111265580587576,0.07238485447246545,0.06567937561365811
Nummer3,35,155,Static,Right,156,1736,0.11927460502973805,0.1006742514598445,0.049981849295519264,0.12566349188606857,0.013726637170115632,0.06019651528950829,0.08807337644260044,0.09934410497860453,0.04776248199162183,0.04809509557117026,0.08358465466818656,0.09360116899376845,0.09111156649953954,0.07241525268201446,0.06569240550474613
Nummer3,35,156,Static,Right,157,1748,0.11928894083694433,0.10074033508977435,0.049801841220983,0.12564681352903473,0.013699728646947728,0.06019731093661906,0.0880746379498663,0.09934430405916593,0.047801184022992584,0.048102426768303466,0.08360209619381558,0.09360291501336923,0.09114416763018911,0.0725031807440199,0.0657448979617431
Nummer3,35,157,Static,Right,158,1758,0.11929378983836501,0.10080641425028473,0.04960024626954989,0.1256420725473756,0.013666814771555201,0.06019855455905899,0.08807584609868935,0.09934493037895784,0.04785803749632865,0.048126785203252455,0.08362696144186982,0.09360677689676099,0.09118929600013367,0.07261352340989924,0.06581144704380841
Nummer3,35,158,Static,Right,159,1770,0.11929083282884731,0.10087040534765392,0.04938101551203658,0.12564476868536956,0.013630996625338848,0.06019948548783448,0.08807745846696528,0.0993457588677041,0.04792754891500295,0.04816530920693855,0.0836569129062267,0.09361186091516385,0.09124337211545826,0.07274034521501807,0.06588806955739411
Nummer3,35,159,Static,Right,160,1781,0.11932739999681548,0.10085421270824535,0.04947168474996582,0.12566347858069182,0.013678285930627428,0.060203440142569994,0.08807752763333002,0.0993446397648106,0.04786734509036404,0.048099833450855126,0.08364274410849987,0.09360701128120685,0.09120294340644924,0.07265025844413757,0.06586112344167833
Nummer3,35,160,Static,Right,161,1792,0.11936338223676475,0.10083423592213119,0.04956323466038105,0.12568612529233283,0.01372807874394671,0.06020775021539989,0.08807723255189166,0.09934297358142642,0.04780761258418997,0.04803631638666726,0.0836296185989151,0.09360341235232833,0.09116380125905242,0.0725602752475485,0.06583449914748345
Nummer3,35,161,Static,Right,162,1803,0.11930634701054256,0.1007688460487665,0.049521715650813224,0.1256788818775851,0.01371382659945793,0.06020324518661768,0.08807769530363514,0.09934316272899699,0.04779038870944662,0.04800061622521109,0.08360860475453465,0.09360011369117015,0.09116668360755478,0.0725672192866723,0.06583586294718098
Nummer3,35,162,Static,Right,163,1814,0.1193094590969216,0.10080165959943319,0.04942904669321468,0.12568108556978658,0.013708884309089526,0.060199414573565424,0.08807801549194891,0.09934295266399135,0.04775823861911159,0.04796113162760026,0.08360088823690819,0.09359750680974359,0.09116964034699267,0.07257104539001757,0.06583778694640331
Nummer3,35,163,Static,Right,164,1826,0.11933438678771516,0.10086808617694695,0.049316364363160455,0.12568782644711468,0.013709758932964474,0.060194486533236675,0.08807730024813437,0.09934230576144297,0.04771904643850294,0.04791837026652721,0.08359844801190978,0.09359400184306683,0.09117353941248521,0.07257193733806473,0.0658386592056673
Nummer3,35,164,Static,Right,165,1836,0.11932609083934669,0.1008586832107181,0.04938666528527719,0.1256599348599226,0.013677236453319069,0.06019442769060953,0.08807746526779692,0.09934172301203553,0.0477398183071532,0.047909370189974314,0.08359152818916514,0.0935954948969232,0.09117652444023067,0.07259016405133674,0.06584294684322689
Nummer3,35,165,Static,Right,166,1848,0.11931953798938381,0.10084798489310531,0.04948355437920764,0.12562797523242977,0.013639168742998965,0.060195551405398826,0.08807860049978092,0.09934312299298817,0.04776807390925446,0.047904555221815796,0.0835860357296601,0.09359712861514494,0.09118025810448233,0.07261263709575622,0.06584912769353901
Nummer3,35,166,Static,Right,167,1859,0.11931494891672205,0.10083779872646967,0.0496006801767879,0.12559140791073242,0.013599232698942972,0.06019732661007468,0.08807915136966298,0.09934314191226279,0.04780320432774355,0.04790498623316787,0.08358145642425718,0.09360127570711833,0.09118464582921831,0.07263700451560479,0.06585646146734572
Nummer3,35,167,Static,Right,168,1870,0.11929256468447652,0.100810883752698,0.04962211431408379,0.12563118834509204,0.013601691218374318,0.06019855069683997,0.08807874715276101,0.09934270297812522,0.04781123320936201,0.047883358173795576,0.08358461259107441,0.09360073770008427,0.09118426887352864,0.07261975310478545,0.06584903848197013
Nummer3,35,168,Static,Right,169,1881,0.1193123939454741,0.10081906498277,0.04955073183112433,0.1256424821388053,0.013611783645062759,0.06019887459080958,0.08807927561577708,0.09934293586360327,0.04779228809128105,0.047867358345745376,0.08358673206316895,0.09360220933824158,0.09119199230743888,0.07262447727178488,0.065844187017534
Nummer3,35,169,Static,Right,170,1892,0.1193354999696235,0.10082748365897067,0.049481929388414114,0.12565148541103674,0.01362254565050166,0.060199601767785854,0.08807768969495054,0.09934428330809979,0.04777252764926719,0.04785365325656968,0.0835882798303686,0.09360425363732146,0.09120106879307932,0.07263141379596019,0.06584089605252959
Nummer3,35,170,Static,Right,171,1903,0.11936069405377968,0.10082165673108134,0.04948524345701456,0.12568650685336122,0.013642462607608631,0.060198788692132216,0.08807924299175145,0.09934258375440015,0.04776290437148895,0.04784622624617326,0.08358924580351232,0.09360927621234982,0.09121084498567043,0.07263395961256691,0.06583662255158598
Nummer3,35,171,Static,Right,172,1914,0.11937825087091877,0.10081020579286602,0.04937121494352755,0.12567394212007524,0.013665736935855278,0.060200748450496944,0.08807609832979656,0.09934296086789449,0.04774249408022166,0.04783137859188251,0.08358308754167919,0.09360801292090327,0.09120798203008335,0.07263251151516109,0.06583304851668356
Nummer3,35,172,Static,Right,173,1926,0.11939271584146158,0.10079664531124045,0.049217069122409134,0.12564470904896885,0.013690040503957576,0.060202526242675164,0.08807469681469252,0.09934331988110733,0.04771810568327289,0.04781422803936083,0.08357362044927823,0.09360442337304374,0.0912008235215013,0.07263043396538406,0.0658282686541276
Nummer3,35,173,Static,Right,174,1937,0.11940562151339444,0.10078174956310294,0.04903139795070093,0.12560254778466876,0.01371517571888889,0.06020435986703946,0.08807127515824896,0.09934264040179322,0.04769232506389261,0.04779516725569642,0.08356298162464047,0.0935992182766501,0.09118978386858917,0.0726257919061817,0.06582419662251865
Nummer3,35,174,Static,Right,175,1948,0.11942224577941918,0.10076535158972055,0.048970091423235045,0.12560531441782236,0.013721204903360328,0.060203917630001436,0.08807067199698214,0.09934235884052688,0.04766773990866359,0.04772826626853318,0.0835746457126802,0.09360539815630299,0.09118213173094836,0.07260273120895669,0.06579936882676013
Nummer3,35,175,Static,Right,176,1959,0.11943938580300888,0.10074999113151323,0.04889892141959778,0.12560381895467987,0.013727535248543261,0.06020219824890123,0.08807116028530561,0.09934255271030625,0.047641471450827415,0.04765663362009531,0.08358622399055957,0.09361129684498551,0.09117166711758652,0.07257779909173326,0.06577371144309857
Nummer3,35,176,Static,Right,177,1970,0.11942660147136393,0.10078736048235414,0.04893583722590227,0.12559843686129207,0.013701520536057322,0.060199309439560755,0.08807210497087029,0.0993424590696244,0.04763504385428862,0.04762256762292431,0.08358602891632076,0.09360636139707611,0.0911643403804361,0.07257056319197198,0.06577552579037288
Nummer3,35,177,Static,Right,178,1981,0.11942143679423721,0.10080213205582504,0.04899580045269186,0.12558558033866776,0.013684628383701143,0.06019745790313755,0.08807404572857999,0.09934136507014578,0.04762631342020923,0.04758843445628359,0.08358474122709242,0.09360361796960624,0.09115108143077628,0.07255966416680831,0.0657696044309224
Nummer3,35,178,Static,Right,179,1992,0.11941715865402248,0.10080908899995082,0.0490650285335696,0.1255687796747265,0.013670012801749619,0.06019557328408795,0.0880758520026914,0.09934075734561325,0.04761542057989196,0.047554737724016534,0.08358514935082673,0.09360368063276148,0.09113907895628529,0.07254935223694287,0.06576222753222397
