,A,Ã†,B,C,D,E,F,G,Gesture,H,I,K,L,M,N,Nummer0,Nummer1,Nummer2,Nummer3,Nummer4,Nummer5,Nummer6,Nummer7,Nummer8,Nummer9,O,P,Q,R,S,Success,T,Time,U,V,W,X,Y,Participant
0,0.0,0.0,0.0,0.0,0.0,0.0,0.0,0.0,I,0.0,1.0,0.0,0.0,0.0,0.0,0.0,0.0,0.0,0.0,0.0,0.0,0.0,0.0,0.0,0.0,0.0,0.0,0.0,0.0,0.0,True,0.0,15,0.0,0.0,0.0,0.0,0.0,5
1,0.0,0.0,0.0,0.0,0.0,0.0,0.0,0.0,I,0.0,1.0,0.0,0.0,0.0,0.0,0.0,0.0,0.0,0.0,0.0,0.0,0.0,0.0,0.0,0.0,0.0,0.0,0.0,0.0,0.0,True,0.0,26,0.0,0.0,0.0,0.0,0.0,5
2,0.0,0.0,0.0,0.0,0.0,0.0,0.0,0.0,I,0.0,1.0,0.0,0.0,0.0,0.0,0.0,0.0,0.0,0.0,0.0,0.0,0.0,0.0,0.0,0.0,0.0,0.0,0.0,0.0,0.0,True,0.0,37,0.0,0.0,0.0,0.0,0.0,5
3,0.0,0.0,0.0,0.0,0.0,0.0,0.0,0.0,I,0.0,1.0,0.0,0.0,0.0,0.0,0.0,0.0,0.0,0.0,0.0,0.0,0.0,0.0,0.0,0.0,0.0,0.0,0.0,0.0,0.0,True,0.0,48,0.0,0.0,0.0,0.0,0.0,5
4,0.0,0.0,0.0,0.0,0.0,0.0,0.0,0.0,I,0.0,1.0,0.0,0.0,0.0,0.0,0.0,0.0,0.0,0.0,0.0,0.0,0.0,0.0,0.0,0.0,0.0,0.0,0.0,0.0,0.0,True,0.0,60,0.0,0.0,0.0,0.0,0.0,5
5,0.0,0.0,0.0,0.0,0.0,0.0,0.0,0.0,I,0.0,1.0,0.0,0.0,0.0,0.0,0.0,0.0,0.0,0.0,0.0,0.0,0.0,0.0,0.0,0.0,0.0,0.0,0.0,0.0,0.0,True,0.0,71,0.0,0.0,0.0,0.0,0.0,5
6,0.0,0.0,0.0,0.0,0.0,0.0,0.0,0.0,I,0.0,1.0,0.0,0.0,0.0,0.0,0.0,0.0,0.0,0.0,0.0,0.0,0.0,0.0,0.0,0.0,0.0,0.0,0.0,0.0,0.0,True,0.0,82,0.0,0.0,0.0,0.0,0.0,5
7,0.0,0.0,0.0,0.0,0.0,0.0,0.0,0.0,I,0.0,1.0,0.0,0.0,0.0,0.0,0.0,0.0,0.0,0.0,0.0,0.0,0.0,0.0,0.0,0.0,0.0,0.0,0.0,0.0,0.0,True,0.0,93,0.0,0.0,0.0,0.0,0.0,5
8,0.0,0.0,0.0,0.0,0.0,0.0,0.0,0.0,I,0.0,1.0,0.0,0.0,0.0,0.0,0.0,0.0,0.0,0.0,0.0,0.0,0.0,0.0,0.0,0.0,0.0,0.0,0.0,0.0,0.0,True,0.0,104,0.0,0.0,0.0,0.0,0.0,5
9,0.0,0.0,0.0,0.0,0.0,0.0,0.0,0.0,I,0.0,1.0,0.0,0.0,0.0,0.0,0.0,0.0,0.0,0.0,0.0,0.0,0.0,0.0,0.0,0.0,0.0,0.0,0.0,0.0,0.0,True,0.0,115,0.0,0.0,0.0,0.0,0.0,5
10,0.0,0.0,0.0,0.0,0.0,0.0,0.0,0.0,I,0.0,1.0,0.0,0.0,0.0,0.0,0.0,0.0,0.0,0.0,0.0,0.0,0.0,0.0,0.0,0.0,0.0,0.0,0.0,0.0,0.0,True,0.0,126,0.0,0.0,0.0,0.0,0.0,5
11,0.0,0.0,0.0,0.0,0.0,0.0,0.0,0.0,I,0.0,1.0,0.0,0.0,0.0,0.0,0.0,0.0,0.0,0.0,0.0,0.0,0.0,0.0,0.0,0.0,0.0,0.0,0.0,0.0,0.0,True,0.0,138,0.0,0.0,0.0,0.0,0.0,5
12,0.0,0.0,0.0,0.0,0.0,0.0,0.0,0.0,I,0.0,1.0,0.0,0.0,0.0,0.0,0.0,0.0,0.0,0.0,0.0,0.0,0.0,0.0,0.0,0.0,0.0,0.0,0.0,0.0,0.0,True,0.0,149,0.0,0.0,0.0,0.0,0.0,5
13,0.0,0.0,0.0,0.0,0.0,0.0,0.0,0.0,I,0.0,1.0,0.0,0.0,0.0,0.0,0.0,0.0,0.0,0.0,0.0,0.0,0.0,0.0,0.0,0.0,0.0,0.0,0.0,0.0,0.0,True,0.0,160,0.0,0.0,0.0,0.0,0.0,5
14,0.0,0.0,0.0,0.0,0.0,0.0,0.0,0.0,I,0.0,1.0,0.0,0.0,0.0,0.0,0.0,0.0,0.0,0.0,0.0,0.0,0.0,0.0,0.0,0.0,0.0,0.0,0.0,0.0,0.0,True,0.0,171,0.0,0.0,0.0,0.0,0.0,5
15,0.0,0.0,0.0,0.0,0.0,0.0,0.0,0.0,I,0.0,1.0,0.0,0.0,0.0,0.0,0.0,0.0,0.0,0.0,0.0,0.0,0.0,0.0,0.0,0.0,0.0,0.0,0.0,0.0,0.0,True,0.0,182,0.0,0.0,0.0,0.0,0.0,5
16,0.0,0.0,0.0,0.0,0.0,0.0,0.0,0.0,I,0.0,1.0,0.0,0.0,0.0,0.0,0.0,0.0,0.0,0.0,0.0,0.0,0.0,0.0,0.0,0.0,0.0,0.0,0.0,0.0,0.0,True,0.0,193,0.0,0.0,0.0,0.0,0.0,5
17,0.0,0.0,0.0,0.0,0.0,0.0,0.0,0.0,I,0.0,1.0,0.0,0.0,0.0,0.0,0.0,0.0,0.0,0.0,0.0,0.0,0.0,0.0,0.0,0.0,0.0,0.0,0.0,0.0,0.0,True,0.0,204,0.0,0.0,0.0,0.0,0.0,5
18,0.0,0.0,0.0,0.0,0.0,0.0,0.0,0.0,I,0.0,1.0,0.0,0.0,0.0,0.0,0.0,0.0,0.0,0.0,0.0,0.0,0.0,0.0,0.0,0.0,0.0,0.0,0.0,0.0,0.0,True,0.0,215,0.0,0.0,0.0,0.0,0.0,5
19,0.0,0.0,0.0,0.0,0.0,0.0,0.0,0.0,I,0.0,1.0,0.0,0.0,0.0,0.0,0.0,0.0,0.0,0.0,0.0,0.0,0.0,0.0,0.0,0.0,0.0,0.0,0.0,0.0,0.0,True,0.0,227,0.0,0.0,0.0,0.0,0.0,5
20,0.0,0.0,0.0,0.0,0.0,0.0,0.0,0.0,I,0.0,1.0,0.0,0.0,0.0,0.0,0.0,0.0,0.0,0.0,0.0,0.0,0.0,0.0,0.0,0.0,0.0,0.0,0.0,0.0,0.0,True,0.0,238,0.0,0.0,0.0,0.0,0.0,5
21,0.0,0.0,0.0,0.0,0.0,0.0,0.0,0.0,I,0.0,1.0,0.0,0.0,0.0,0.0,0.0,0.0,0.0,0.0,0.0,0.0,0.0,0.0,0.0,0.0,0.0,0.0,0.0,0.0,0.0,True,0.0,249,0.0,0.0,0.0,0.0,0.0,5
22,0.0,0.0,0.0,0.0,0.0,0.0,0.0,0.0,I,0.0,1.0,0.0,0.0,0.0,0.0,0.0,0.0,0.0,0.0,0.0,0.0,0.0,0.0,0.0,0.0,0.0,0.0,0.0,0.0,0.0,True,0.0,260,0.0,0.0,0.0,0.0,0.0,5
23,0.0,0.0,0.0,0.0,0.0,0.0,0.0,0.0,I,0.0,1.0,0.0,0.0,0.0,0.0,0.0,0.0,0.0,0.0,0.0,0.0,0.0,0.0,0.0,0.0,0.0,0.0,0.0,0.0,0.0,True,0.0,271,0.0,0.0,0.0,0.0,0.0,5
24,0.0,0.0,0.0,0.0,0.0,0.0,0.0,0.0,I,0.0,1.0,0.0,0.0,0.0,0.0,0.0,0.0,0.0,0.0,0.0,0.0,0.0,0.0,0.0,0.0,0.0,0.0,0.0,0.0,0.0,True,0.0,282,0.0,0.0,0.0,0.0,0.0,5
25,0.0,0.0,0.0,0.0,0.0,0.0,0.0,0.0,I,0.0,1.0,0.0,0.0,0.0,0.0,0.0,0.0,0.0,0.0,0.0,0.0,0.0,0.0,0.0,0.0,0.0,0.0,0.0,0.0,0.0,True,0.0,293,0.0,0.0,0.0,0.0,0.0,5
26,0.0,0.0,0.0,0.0,0.0,0.0,0.0,0.0,I,0.0,1.0,0.0,0.0,0.0,0.0,0.0,0.0,0.0,0.0,0.0,0.0,0.0,0.0,0.0,0.0,0.0,0.0,0.0,0.0,0.0,True,0.0,305,0.0,0.0,0.0,0.0,0.0,5
27,0.0,0.0,0.0,0.0,0.0,0.0,0.0,0.0,I,0.0,1.0,0.0,0.0,0.0,0.0,0.0,0.0,0.0,0.0,0.0,0.0,0.0,0.0,0.0,0.0,0.0,0.0,0.0,0.0,0.0,True,0.0,316,0.0,0.0,0.0,0.0,0.0,5
28,0.0,0.0,0.0,0.0,0.0,0.0,0.0,0.0,I,0.0,1.0,0.0,0.0,0.0,0.0,0.0,0.0,0.0,0.0,0.0,0.0,0.0,0.0,0.0,0.0,0.0,0.0,0.0,0.0,0.0,True,0.0,327,0.0,0.0,0.0,0.0,0.0,5
29,0.0,0.0,0.0,0.0,0.0,0.0,0.0,0.0,I,0.0,1.0,0.0,0.0,0.0,0.0,0.0,0.0,0.0,0.0,0.0,0.0,0.0,0.0,0.0,0.0,0.0,0.0,0.0,0.0,0.0,True,0.0,338,0.0,0.0,0.0,0.0,0.0,5
30,0.0,0.0,0.0,0.0,0.0,0.0,0.0,0.0,I,0.0,1.0,0.0,0.0,0.0,0.0,0.0,0.0,0.0,0.0,0.0,0.0,0.0,0.0,0.0,0.0,0.0,0.0,0.0,0.0,0.0,True,0.0,349,0.0,0.0,0.0,0.0,0.0,5
31,0.0,0.0,0.0,0.0,0.0,0.0,0.0,0.0,I,0.0,1.0,0.0,0.0,0.0,0.0,0.0,0.0,0.0,0.0,0.0,0.0,0.0,0.0,0.0,0.0,0.0,0.0,0.0,0.0,0.0,True,0.0,360,0.0,0.0,0.0,0.0,0.0,5
32,0.0,0.0,0.0,0.0,0.0,0.0,0.0,0.0,I,0.0,1.0,0.0,0.0,0.0,0.0,0.0,0.0,0.0,0.0,0.0,0.0,0.0,0.0,0.0,0.0,0.0,0.0,0.0,0.0,0.0,True,0.0,371,0.0,0.0,0.0,0.0,0.0,5
33,0.0,0.0,0.0,0.0,0.0,0.0,0.0,0.0,I,0.0,1.0,0.0,0.0,0.0,0.0,0.0,0.0,0.0,0.0,0.0,0.0,0.0,0.0,0.0,0.0,0.0,0.0,0.0,0.0,0.0,True,0.0,382,0.0,0.0,0.0,0.0,0.0,5
34,0.0,0.0,0.0,0.0,0.0,0.0,0.0,0.0,I,0.0,1.0,0.0,0.0,0.0,0.0,0.0,0.0,0.0,0.0,0.0,0.0,0.0,0.0,0.0,0.0,0.0,0.0,0.0,0.0,0.0,True,0.0,394,0.0,0.0,0.0,0.0,0.0,5
35,0.0,0.0,0.0,0.0,0.0,0.0,0.0,0.0,I,0.0,1.0,0.0,0.0,0.0,0.0,0.0,0.0,0.0,0.0,0.0,0.0,0.0,0.0,0.0,0.0,0.0,0.0,0.0,0.0,0.0,True,0.0,405,0.0,0.0,0.0,0.0,0.0,5
36,0.0,0.0,0.0,0.0,0.0,0.0,0.0,0.0,I,0.0,1.0,0.0,0.0,0.0,0.0,0.0,0.0,0.0,0.0,0.0,0.0,0.0,0.0,0.0,0.0,0.0,0.0,0.0,0.0,0.0,True,0.0,416,0.0,0.0,0.0,0.0,0.0,5
37,0.0,0.0,0.0,0.0,0.0,0.0,0.0,0.0,I,0.0,1.0,0.0,0.0,0.0,0.0,0.0,0.0,0.0,0.0,0.0,0.0,0.0,0.0,0.0,0.0,0.0,0.0,0.0,0.0,0.0,True,0.0,427,0.0,0.0,0.0,0.0,0.0,5
38,0.0,0.0,0.0,0.0,0.0,0.0,0.0,0.0,I,0.0,1.0,0.0,0.0,0.0,0.0,0.0,0.0,0.0,0.0,0.0,0.0,0.0,0.0,0.0,0.0,0.0,0.0,0.0,0.0,0.0,True,0.0,439,0.0,0.0,0.0,0.0,0.0,5
39,0.0,0.0,0.0,0.0,0.0,0.0,0.0,0.0,I,0.0,1.0,0.0,0.0,0.0,0.0,0.0,0.0,0.0,0.0,0.0,0.0,0.0,0.0,0.0,0.0,0.0,0.0,0.0,0.0,0.0,True,0.0,449,0.0,0.0,0.0,0.0,0.0,5
40,0.0,0.0,0.0,0.0,0.0,0.0,0.0,0.0,I,0.0,1.0,0.0,0.0,0.0,0.0,0.0,0.0,0.0,0.0,0.0,0.0,0.0,0.0,0.0,0.0,0.0,0.0,0.0,0.0,0.0,True,0.0,460,0.0,0.0,0.0,0.0,0.0,5
41,0.0,0.0,0.0,0.0,0.0,0.0,0.0,0.0,I,0.0,1.0,0.0,0.0,0.0,0.0,0.0,0.0,0.0,0.0,0.0,0.0,0.0,0.0,0.0,0.0,0.0,0.0,0.0,0.0,0.0,True,0.0,472,0.0,0.0,0.0,0.0,0.0,5
42,0.0,0.0,0.0,0.0,0.0,0.0,0.0,0.0,I,0.0,1.0,0.0,0.0,0.0,0.0,0.0,0.0,0.0,0.0,0.0,0.0,0.0,0.0,0.0,0.0,0.0,0.0,0.0,0.0,0.0,True,0.0,483,0.0,0.0,0.0,0.0,0.0,5
43,0.0,0.0,0.0,0.0,0.0,0.0,0.0,0.0,I,0.0,1.0,0.0,0.0,0.0,0.0,0.0,0.0,0.0,0.0,0.0,0.0,0.0,0.0,0.0,0.0,0.0,0.0,0.0,0.0,0.0,True,0.0,494,0.0,0.0,0.0,0.0,0.0,5
44,0.0,0.0,0.0,0.0,0.0,0.0,0.0,0.0,I,0.0,1.0,0.0,0.0,0.0,0.0,0.0,0.0,0.0,0.0,0.0,0.0,0.0,0.0,0.0,0.0,0.0,0.0,0.0,0.0,0.0,True,0.0,505,0.0,0.0,0.0,0.0,0.0,5
45,0.0,0.0,0.0,0.0,0.0,0.0,0.0,0.0,I,0.0,1.0,0.0,0.0,0.0,0.0,0.0,0.0,0.0,0.0,0.0,0.0,0.0,0.0,0.0,0.0,0.0,0.0,0.0,0.0,0.0,True,0.0,516,0.0,0.0,0.0,0.0,0.0,5
46,0.0,0.0,0.0,0.0,0.0,0.0,0.0,0.0,I,0.0,1.0,0.0,0.0,0.0,0.0,0.0,0.0,0.0,0.0,0.0,0.0,0.0,0.0,0.0,0.0,0.0,0.0,0.0,0.0,0.0,True,0.0,528,0.0,0.0,0.0,0.0,0.0,5
47,0.0,0.0,0.0,0.0,0.0,0.0,0.0,0.0,I,0.0,1.0,0.0,0.0,0.0,0.0,0.0,0.0,0.0,0.0,0.0,0.0,0.0,0.0,0.0,0.0,0.0,0.0,0.0,0.0,0.0,True,0.0,539,0.0,0.0,0.0,0.0,0.0,5
48,0.0,0.0,0.0,0.0,0.0,0.0,0.0,0.0,I,0.0,1.0,0.0,0.0,0.0,0.0,0.0,0.0,0.0,0.0,0.0,0.0,0.0,0.0,0.0,0.0,0.0,0.0,0.0,0.0,0.0,True,0.0,550,0.0,0.0,0.0,0.0,0.0,5
49,0.0,0.0,0.0,0.0,0.0,0.0,0.0,0.0,I,0.0,1.0,0.0,0.0,0.0,0.0,0.0,0.0,0.0,0.0,0.0,0.0,0.0,0.0,0.0,0.0,0.0,0.0,0.0,0.0,0.0,True,0.0,561,0.0,0.0,0.0,0.0,0.0,5
50,0.0,0.0,0.0,0.0,0.0,0.0,0.0,0.0,I,0.0,1.0,0.0,0.0,0.0,0.0,0.0,0.0,0.0,0.0,0.0,0.0,0.0,0.0,0.0,0.0,0.0,0.0,0.0,0.0,0.0,True,0.0,572,0.0,0.0,0.0,0.0,0.0,5
51,0.0,0.0,0.0,0.0,0.0,0.0,0.0,0.0,I,0.0,1.0,0.0,0.0,0.0,0.0,0.0,0.0,0.0,0.0,0.0,0.0,0.0,0.0,0.0,0.0,0.0,0.0,0.0,0.0,0.0,True,0.0,583,0.0,0.0,0.0,0.0,0.0,5
52,0.0,0.0,0.0,0.0,0.0,0.0,0.0,0.0,I,0.0,1.0,0.0,0.0,0.0,0.0,0.0,0.0,0.0,0.0,0.0,0.0,0.0,0.0,0.0,0.0,0.0,0.0,0.0,0.0,0.0,True,0.0,594,0.0,0.0,0.0,0.0,0.0,5
53,0.0,0.0,0.0,0.0,0.0,0.0,0.0,0.0,I,0.0,1.0,0.0,0.0,0.0,0.0,0.0,0.0,0.0,0.0,0.0,0.0,0.0,0.0,0.0,0.0,0.0,0.0,0.0,0.0,0.0,True,0.0,605,0.0,0.0,0.0,0.0,0.0,5
54,0.0,0.0,0.0,0.0,0.0,0.0,0.0,0.0,I,0.0,1.0,0.0,0.0,0.0,0.0,0.0,0.0,0.0,0.0,0.0,0.0,0.0,0.0,0.0,0.0,0.0,0.0,0.0,0.0,0.0,True,0.0,616,0.0,0.0,0.0,0.0,0.0,5
55,0.0,0.0,0.0,0.0,0.0,0.0,0.0,0.0,I,0.0,1.0,0.0,0.0,0.0,0.0,0.0,0.0,0.0,0.0,0.0,0.0,0.0,0.0,0.0,0.0,0.0,0.0,0.0,0.0,0.0,True,0.0,628,0.0,0.0,0.0,0.0,0.0,5
56,0.0,0.0,0.0,0.0,0.0,0.0,0.0,0.0,I,0.0,1.0,0.0,0.0,0.0,0.0,0.0,0.0,0.0,0.0,0.0,0.0,0.0,0.0,0.0,0.0,0.0,0.0,0.0,0.0,0.0,True,0.0,639,0.0,0.0,0.0,0.0,0.0,5
57,0.0,0.0,0.0,0.0,0.0,0.0,0.0,0.0,I,0.0,1.0,0.0,0.0,0.0,0.0,0.0,0.0,0.0,0.0,0.0,0.0,0.0,0.0,0.0,0.0,0.0,0.0,0.0,0.0,0.0,True,0.0,650,0.0,0.0,0.0,0.0,0.0,5
58,0.0,0.0,0.0,0.0,0.0,0.0,0.0,0.0,I,0.0,1.0,0.0,0.0,0.0,0.0,0.0,0.0,0.0,0.0,0.0,0.0,0.0,0.0,0.0,0.0,0.0,0.0,0.0,0.0,0.0,True,0.0,661,0.0,0.0,0.0,0.0,0.0,5
59,0.0,0.0,0.0,0.0,0.0,0.0,0.0,0.0,I,0.0,1.0,0.0,0.0,0.0,0.0,0.0,0.0,0.0,0.0,0.0,0.0,0.0,0.0,0.0,0.0,0.0,0.0,0.0,0.0,0.0,True,0.0,672,0.0,0.0,0.0,0.0,0.0,5
60,0.0,0.0,0.0,0.0,0.0,0.0,0.0,0.0,I,0.0,1.0,0.0,0.0,0.0,0.0,0.0,0.0,0.0,0.0,0.0,0.0,0.0,0.0,0.0,0.0,0.0,0.0,0.0,0.0,0.0,True,0.0,683,0.0,0.0,0.0,0.0,0.0,5
61,0.0,0.0,0.0,0.0,0.0,0.0,0.0,0.0,I,0.0,1.0,0.0,0.0,0.0,0.0,0.0,0.0,0.0,0.0,0.0,0.0,0.0,0.0,0.0,0.0,0.0,0.0,0.0,0.0,0.0,True,0.0,694,0.0,0.0,0.0,0.0,0.0,5
62,0.0,0.0,0.0,0.0,0.0,0.0,0.0,0.0,I,0.0,1.0,0.0,0.0,0.0,0.0,0.0,0.0,0.0,0.0,0.0,0.0,0.0,0.0,0.0,0.0,0.0,0.0,0.0,0.0,0.0,True,0.0,706,0.0,0.0,0.0,0.0,0.0,5
63,0.0,0.0,0.0,0.0,0.0,0.0,0.0,0.0,I,0.0,1.0,0.0,0.0,0.0,0.0,0.0,0.0,0.0,0.0,0.0,0.0,0.0,0.0,0.0,0.0,0.0,0.0,0.0,0.0,0.0,True,0.0,717,0.0,0.0,0.0,0.0,0.0,5
64,0.0,0.0,0.0,0.0,0.0,0.0,0.0,0.0,I,0.0,1.0,0.0,0.0,0.0,0.0,0.0,0.0,0.0,0.0,0.0,0.0,0.0,0.0,0.0,0.0,0.0,0.0,0.0,0.0,0.0,True,0.0,728,0.0,0.0,0.0,0.0,0.0,5
65,0.0,0.0,0.0,0.0,0.0,0.0,0.0,0.0,I,0.0,1.0,0.0,0.0,0.0,0.0,0.0,0.0,0.0,0.0,0.0,0.0,0.0,0.0,0.0,0.0,0.0,0.0,0.0,0.0,0.0,True,0.0,739,0.0,0.0,0.0,0.0,0.0,5
66,0.0,0.0,0.0,0.0,0.0,0.0,0.0,0.0,I,0.0,1.0,0.0,0.0,0.0,0.0,0.0,0.0,0.0,0.0,0.0,0.0,0.0,0.0,0.0,0.0,0.0,0.0,0.0,0.0,0.0,True,0.0,750,0.0,0.0,0.0,0.0,0.0,5
67,0.0,0.0,0.0,0.0,0.0,0.0,0.0,0.0,I,0.0,1.0,0.0,0.0,0.0,0.0,0.0,0.0,0.0,0.0,0.0,0.0,0.0,0.0,0.0,0.0,0.0,0.0,0.0,0.0,0.0,True,0.0,761,0.0,0.0,0.0,0.0,0.0,5
68,0.0,0.0,0.0,0.0,0.0,0.0,0.0,0.0,I,0.0,1.0,0.0,0.0,0.0,0.0,0.0,0.0,0.0,0.0,0.0,0.0,0.0,0.0,0.0,0.0,0.0,0.0,0.0,0.0,0.0,True,0.0,772,0.0,0.0,0.0,0.0,0.0,5
69,0.0,0.0,0.0,0.0,0.0,0.0,0.0,0.0,I,0.0,1.0,0.0,0.0,0.0,0.0,0.0,0.0,0.0,0.0,0.0,0.0,0.0,0.0,0.0,0.0,0.0,0.0,0.0,0.0,0.0,True,0.0,783,0.0,0.0,0.0,0.0,0.0,5
70,0.0,0.0,0.0,0.0,0.0,0.0,0.0,0.0,I,0.0,1.0,0.0,0.0,0.0,0.0,0.0,0.0,0.0,0.0,0.0,0.0,0.0,0.0,0.0,0.0,0.0,0.0,0.0,0.0,0.0,True,0.0,795,0.0,0.0,0.0,0.0,0.0,5
71,0.0,0.0,0.0,0.0,0.0,0.0,0.0,0.0,I,0.0,1.0,0.0,0.0,0.0,0.0,0.0,0.0,0.0,0.0,0.0,0.0,0.0,0.0,0.0,0.0,0.0,0.0,0.0,0.0,0.0,True,0.0,806,0.0,0.0,0.0,0.0,0.0,5
72,0.0,0.0,0.0,0.0,0.0,0.0,0.0,0.0,I,0.0,1.0,0.0,0.0,0.0,0.0,0.0,0.0,0.0,0.0,0.0,0.0,0.0,0.0,0.0,0.0,0.0,0.0,0.0,0.0,0.0,True,0.0,817,0.0,0.0,0.0,0.0,0.0,5
73,0.0,0.0,0.0,0.0,0.0,0.0,0.0,0.0,I,0.0,1.0,0.0,0.0,0.0,0.0,0.0,0.0,0.0,0.0,0.0,0.0,0.0,0.0,0.0,0.0,0.0,0.0,0.0,0.0,0.0,True,0.0,828,0.0,0.0,0.0,0.0,0.0,5
74,0.0,0.0,0.0,0.0,0.0,0.0,0.0,0.0,I,0.0,1.0,0.0,0.0,0.0,0.0,0.0,0.0,0.0,0.0,0.0,0.0,0.0,0.0,0.0,0.0,0.0,0.0,0.0,0.0,0.0,True,0.0,839,0.0,0.0,0.0,0.0,0.0,5
75,0.0,0.0,0.0,0.0,0.0,0.0,0.0,0.0,I,0.0,1.0,0.0,0.0,0.0,0.0,0.0,0.0,0.0,0.0,0.0,0.0,0.0,0.0,0.0,0.0,0.0,0.0,0.0,0.0,0.0,True,0.0,850,0.0,0.0,0.0,0.0,0.0,5
76,0.0,0.0,0.0,0.0,0.0,0.0,0.0,0.0,I,0.0,1.0,0.0,0.0,0.0,0.0,0.0,0.0,0.0,0.0,0.0,0.0,0.0,0.0,0.0,0.0,0.0,0.0,0.0,0.0,0.0,True,0.0,861,0.0,0.0,0.0,0.0,0.0,5
77,0.0,0.0,0.0,0.0,0.0,0.0,0.0,0.0,I,0.0,1.0,0.0,0.0,0.0,0.0,0.0,0.0,0.0,0.0,0.0,0.0,0.0,0.0,0.0,0.0,0.0,0.0,0.0,0.0,0.0,True,0.0,873,0.0,0.0,0.0,0.0,0.0,5
78,0.0,0.0,0.0,0.0,0.0,0.0,0.0,0.0,I,0.0,1.0,0.0,0.0,0.0,0.0,0.0,0.0,0.0,0.0,0.0,0.0,0.0,0.0,0.0,0.0,0.0,0.0,0.0,0.0,0.0,True,0.0,884,0.0,0.0,0.0,0.0,0.0,5
79,0.0,0.0,0.0,0.0,0.0,0.0,0.0,0.0,I,0.0,1.0,0.0,0.0,0.0,0.0,0.0,0.0,0.0,0.0,0.0,0.0,0.0,0.0,0.0,0.0,0.0,0.0,0.0,0.0,0.0,True,0.0,895,0.0,0.0,0.0,0.0,0.0,5
80,0.0,0.0,0.0,0.0,0.0,0.0,0.0,0.0,I,0.0,1.0,0.0,0.0,0.0,0.0,0.0,0.0,0.0,0.0,0.0,0.0,0.0,0.0,0.0,0.0,0.0,0.0,0.0,0.0,0.0,True,0.0,906,0.0,0.0,0.0,0.0,0.0,5
81,0.0,0.0,0.0,0.0,0.0,0.0,0.0,0.0,I,0.0,1.0,0.0,0.0,0.0,0.0,0.0,0.0,0.0,0.0,0.0,0.0,0.0,0.0,0.0,0.0,0.0,0.0,0.0,0.0,0.0,True,0.0,917,0.0,0.0,0.0,0.0,0.0,5
82,0.0,0.0,0.0,0.0,0.0,0.0,0.0,0.0,I,0.0,1.0,0.0,0.0,0.0,0.0,0.0,0.0,0.0,0.0,0.0,0.0,0.0,0.0,0.0,0.0,0.0,0.0,0.0,0.0,0.0,True,0.0,928,0.0,0.0,0.0,0.0,0.0,5
83,0.0,0.0,0.0,0.0,0.0,0.0,0.0,0.0,I,0.0,1.0,0.0,0.0,0.0,0.0,0.0,0.0,0.0,0.0,0.0,0.0,0.0,0.0,0.0,0.0,0.0,0.0,0.0,0.0,0.0,True,0.0,939,0.0,0.0,0.0,0.0,0.0,5
84,0.0,0.0,0.0,0.0,0.0,0.0,0.0,0.0,I,0.0,1.0,0.0,0.0,0.0,0.0,0.0,0.0,0.0,0.0,0.0,0.0,0.0,0.0,0.0,0.0,0.0,0.0,0.0,0.0,0.0,True,0.0,951,0.0,0.0,0.0,0.0,0.0,5
85,0.0,0.0,0.0,0.0,0.0,0.0,0.0,0.0,I,0.0,1.0,0.0,0.0,0.0,0.0,0.0,0.0,0.0,0.0,0.0,0.0,0.0,0.0,0.0,0.0,0.0,0.0,0.0,0.0,0.0,True,0.0,962,0.0,0.0,0.0,0.0,0.0,5
86,0.0,0.0,0.0,0.0,0.0,0.0,0.0,0.0,I,0.0,1.0,0.0,0.0,0.0,0.0,0.0,0.0,0.0,0.0,0.0,0.0,0.0,0.0,0.0,0.0,0.0,0.0,0.0,0.0,0.0,True,0.0,973,0.0,0.0,0.0,0.0,0.0,5
87,0.0,0.0,0.0,0.0,0.0,0.0,0.0,0.0,I,0.0,1.0,0.0,0.0,0.0,0.0,0.0,0.0,0.0,0.0,0.0,0.0,0.0,0.0,0.0,0.0,0.0,0.0,0.0,0.0,0.0,True,0.0,984,0.0,0.0,0.0,0.0,0.0,5
88,0.0,0.0,0.0,0.0,0.0,0.0,0.0,0.0,I,0.0,1.0,0.0,0.0,0.0,0.0,0.0,0.0,0.0,0.0,0.0,0.0,0.0,0.0,0.0,0.0,0.0,0.0,0.0,0.0,0.0,True,0.0,995,0.0,0.0,0.0,0.0,0.0,5
89,0.0,0.0,0.0,0.0,0.0,0.0,0.0,0.0,I,0.0,1.0,0.0,0.0,0.0,0.0,0.0,0.0,0.0,0.0,0.0,0.0,0.0,0.0,0.0,0.0,0.0,0.0,0.0,0.0,0.0,True,0.0,1007,0.0,0.0,0.0,0.0,0.0,5
90,0.0,0.0,0.0,0.0,0.0,0.0,0.0,0.0,I,0.0,1.0,0.0,0.0,0.0,0.0,0.0,0.0,0.0,0.0,0.0,0.0,0.0,0.0,0.0,0.0,0.0,0.0,0.0,0.0,0.0,True,0.0,1018,0.0,0.0,0.0,0.0,0.0,5
91,0.0,0.0,0.0,0.0,0.0,0.0,0.0,0.0,I,0.0,1.0,0.0,0.0,0.0,0.0,0.0,0.0,0.0,0.0,0.0,0.0,0.0,0.0,0.0,0.0,0.0,0.0,0.0,0.0,0.0,True,0.0,1029,0.0,0.0,0.0,0.0,0.0,5
92,0.0,0.0,0.0,0.0,0.0,0.0,0.0,0.0,I,0.0,1.0,0.0,0.0,0.0,0.0,0.0,0.0,0.0,0.0,0.0,0.0,0.0,0.0,0.0,0.0,0.0,0.0,0.0,0.0,0.0,True,0.0,1040,0.0,0.0,0.0,0.0,0.0,5
93,0.0,0.0,0.0,0.0,0.0,0.0,0.0,0.0,I,0.0,1.0,0.0,0.0,0.0,0.0,0.0,0.0,0.0,0.0,0.0,0.0,0.0,0.0,0.0,0.0,0.0,0.0,0.0,0.0,0.0,True,0.0,1051,0.0,0.0,0.0,0.0,0.0,5
94,0.0,0.0,0.0,0.0,0.0,0.0,0.0,0.0,I,0.0,1.0,0.0,0.0,0.0,0.0,0.0,0.0,0.0,0.0,0.0,0.0,0.0,0.0,0.0,0.0,0.0,0.0,0.0,0.0,0.0,True,0.0,1062,0.0,0.0,0.0,0.0,0.0,5
95,0.0,0.0,0.0,0.0,0.0,0.0,0.0,0.0,I,0.0,1.0,0.0,0.0,0.0,0.0,0.0,0.0,0.0,0.0,0.0,0.0,0.0,0.0,0.0,0.0,0.0,0.0,0.0,0.0,0.0,True,0.0,1073,0.0,0.0,0.0,0.0,0.0,5
96,0.0,0.0,0.0,0.0,0.0,0.0,0.0,0.0,I,0.0,1.0,0.0,0.0,0.0,0.0,0.0,0.0,0.0,0.0,0.0,0.0,0.0,0.0,0.0,0.0,0.0,0.0,0.0,0.0,0.0,True,0.0,1084,0.0,0.0,0.0,0.0,0.0,5
97,0.0,0.0,0.0,0.0,0.0,0.0,0.0,0.0,I,0.0,1.0,0.0,0.0,0.0,0.0,0.0,0.0,0.0,0.0,0.0,0.0,0.0,0.0,0.0,0.0,0.0,0.0,0.0,0.0,0.0,True,0.0,1095,0.0,0.0,0.0,0.0,0.0,5
98,0.0,0.0,0.0,0.0,0.0,0.0,0.0,0.0,I,0.0,1.0,0.0,0.0,0.0,0.0,0.0,0.0,0.0,0.0,0.0,0.0,0.0,0.0,0.0,0.0,0.0,0.0,0.0,0.0,0.0,True,0.0,1107,0.0,0.0,0.0,0.0,0.0,5
99,0.0,0.0,0.0,0.0,0.0,0.0,0.0,0.0,I,0.0,1.0,0.0,0.0,0.0,0.0,0.0,0.0,0.0,0.0,0.0,0.0,0.0,0.0,0.0,0.0,0.0,0.0,0.0,0.0,0.0,True,0.0,1118,0.0,0.0,0.0,0.0,0.0,5
100,0.0,0.0,0.0,0.0,0.0,0.0,0.0,0.0,I,0.0,1.0,0.0,0.0,0.0,0.0,0.0,0.0,0.0,0.0,0.0,0.0,0.0,0.0,0.0,0.0,0.0,0.0,0.0,0.0,0.0,True,0.0,1129,0.0,0.0,0.0,0.0,0.0,5
101,0.0,0.0,0.0,0.0,0.0,0.0,0.0,0.0,I,0.0,1.0,0.0,0.0,0.0,0.0,0.0,0.0,0.0,0.0,0.0,0.0,0.0,0.0,0.0,0.0,0.0,0.0,0.0,0.0,0.0,True,0.0,1140,0.0,0.0,0.0,0.0,0.0,5
102,0.0,0.0,0.0,0.0,0.0,0.0,0.0,0.0,I,0.0,1.0,0.0,0.0,0.0,0.0,0.0,0.0,0.0,0.0,0.0,0.0,0.0,0.0,0.0,0.0,0.0,0.0,0.0,0.0,0.0,True,0.0,1151,0.0,0.0,0.0,0.0,0.0,5
103,0.0,0.0,0.0,0.0,0.0,0.0,0.0,0.0,I,0.0,1.0,0.0,0.0,0.0,0.0,0.0,0.0,0.0,0.0,0.0,0.0,0.0,0.0,0.0,0.0,0.0,0.0,0.0,0.0,0.0,True,0.0,1162,0.0,0.0,0.0,0.0,0.0,5
104,0.0,0.0,0.0,0.0,0.0,0.0,0.0,0.0,I,0.0,1.0,0.0,0.0,0.0,0.0,0.0,0.0,0.0,0.0,0.0,0.0,0.0,0.0,0.0,0.0,0.0,0.0,0.0,0.0,0.0,True,0.0,1173,0.0,0.0,0.0,0.0,0.0,5
105,0.0,0.0,0.0,0.0,0.0,0.0,0.0,0.0,I,0.0,1.0,0.0,0.0,0.0,0.0,0.0,0.0,0.0,0.0,0.0,0.0,0.0,0.0,0.0,0.0,0.0,0.0,0.0,0.0,0.0,True,0.0,1184,0.0,0.0,0.0,0.0,0.0,5
106,0.0,0.0,0.0,0.0,0.0,0.0,0.0,0.0,I,0.0,1.0,0.0,0.0,0.0,0.0,0.0,0.0,0.0,0.0,0.0,0.0,0.0,0.0,0.0,0.0,0.0,0.0,0.0,0.0,0.0,True,0.0,1196,0.0,0.0,0.0,0.0,0.0,5
107,0.0,0.0,0.0,0.0,0.0,0.0,0.0,0.0,I,0.0,1.0,0.0,0.0,0.0,0.0,0.0,0.0,0.0,0.0,0.0,0.0,0.0,0.0,0.0,0.0,0.0,0.0,0.0,0.0,0.0,True,0.0,1207,0.0,0.0,0.0,0.0,0.0,5
108,0.0,0.0,0.0,0.0,0.0,0.0,0.0,0.0,I,0.0,1.0,0.0,0.0,0.0,0.0,0.0,0.0,0.0,0.0,0.0,0.0,0.0,0.0,0.0,0.0,0.0,0.0,0.0,0.0,0.0,True,0.0,1218,0.0,0.0,0.0,0.0,0.0,5
109,0.0,0.0,0.0,0.0,0.0,0.0,0.0,0.0,I,0.0,1.0,0.0,0.0,0.0,0.0,0.0,0.0,0.0,0.0,0.0,0.0,0.0,0.0,0.0,0.0,0.0,0.0,0.0,0.0,0.0,True,0.0,1229,0.0,0.0,0.0,0.0,0.0,5
110,0.0,0.0,0.0,0.0,0.0,0.0,0.0,0.0,I,0.0,1.0,0.0,0.0,0.0,0.0,0.0,0.0,0.0,0.0,0.0,0.0,0.0,0.0,0.0,0.0,0.0,0.0,0.0,0.0,0.0,True,0.0,1240,0.0,0.0,0.0,0.0,0.0,5
111,0.0,0.0,0.0,0.0,0.0,0.0,0.0,0.0,I,0.0,1.0,0.0,0.0,0.0,0.0,0.0,0.0,0.0,0.0,0.0,0.0,0.0,0.0,0.0,0.0,0.0,0.0,0.0,0.0,0.0,True,0.0,1251,0.0,0.0,0.0,0.0,0.0,5
112,0.0,0.0,0.0,0.0,0.0,0.0,0.0,0.0,I,0.0,1.0,0.0,0.0,0.0,0.0,0.0,0.0,0.0,0.0,0.0,0.0,0.0,0.0,0.0,0.0,0.0,0.0,0.0,0.0,0.0,True,0.0,1262,0.0,0.0,0.0,0.0,0.0,5
113,0.0,0.0,0.0,0.0,0.0,0.0,0.0,0.0,I,0.0,1.0,0.0,0.0,0.0,0.0,0.0,0.0,0.0,0.0,0.0,0.0,0.0,0.0,0.0,0.0,0.0,0.0,0.0,0.0,0.0,True,0.0,1274,0.0,0.0,0.0,0.0,0.0,5
114,0.0,0.0,0.0,0.0,0.0,0.0,0.0,0.0,I,0.0,1.0,0.0,0.0,0.0,0.0,0.0,0.0,0.0,0.0,0.0,0.0,0.0,0.0,0.0,0.0,0.0,0.0,0.0,0.0,0.0,True,0.0,1285,0.0,0.0,0.0,0.0,0.0,5
115,0.0,0.0,0.0,0.0,0.0,0.0,0.0,0.0,I,0.0,1.0,0.0,0.0,0.0,0.0,0.0,0.0,0.0,0.0,0.0,0.0,0.0,0.0,0.0,0.0,0.0,0.0,0.0,0.0,0.0,True,0.0,1296,0.0,0.0,0.0,0.0,0.0,5
116,0.0,0.0,0.0,0.0,0.0,0.0,0.0,0.0,I,0.0,1.0,0.0,0.0,0.0,0.0,0.0,0.0,0.0,0.0,0.0,0.0,0.0,0.0,0.0,0.0,0.0,0.0,0.0,0.0,0.0,True,0.0,1307,0.0,0.0,0.0,0.0,0.0,5
117,0.0,0.0,0.0,0.0,0.0,0.0,0.0,0.0,I,0.0,1.0,0.0,0.0,0.0,0.0,0.0,0.0,0.0,0.0,0.0,0.0,0.0,0.0,0.0,0.0,0.0,0.0,0.0,0.0,0.0,True,0.0,1318,0.0,0.0,0.0,0.0,0.0,5
118,0.0,0.0,0.0,0.0,0.0,0.0,0.0,0.0,I,0.0,1.0,0.0,0.0,0.0,0.0,0.0,0.0,0.0,0.0,0.0,0.0,0.0,0.0,0.0,0.0,0.0,0.0,0.0,0.0,0.0,True,0.0,1329,0.0,0.0,0.0,0.0,0.0,5
119,0.0,0.0,0.0,0.0,0.0,0.0,0.0,0.0,I,0.0,1.0,0.0,0.0,0.0,0.0,0.0,0.0,0.0,0.0,0.0,0.0,0.0,0.0,0.0,0.0,0.0,0.0,0.0,0.0,0.0,True,0.0,1341,0.0,0.0,0.0,0.0,0.0,5
120,0.0,0.0,0.0,0.0,0.0,0.0,0.0,0.0,I,0.0,1.0,0.0,0.0,0.0,0.0,0.0,0.0,0.0,0.0,0.0,0.0,0.0,0.0,0.0,0.0,0.0,0.0,0.0,0.0,0.0,True,0.0,1352,0.0,0.0,0.0,0.0,0.0,5
121,0.0,0.0,0.0,0.0,0.0,0.0,0.0,0.0,I,0.0,1.0,0.0,0.0,0.0,0.0,0.0,0.0,0.0,0.0,0.0,0.0,0.0,0.0,0.0,0.0,0.0,0.0,0.0,0.0,0.0,True,0.0,1363,0.0,0.0,0.0,0.0,0.0,5
122,0.0,0.0,0.0,0.0,0.0,0.0,0.0,0.0,I,0.0,1.0,0.0,0.0,0.0,0.0,0.0,0.0,0.0,0.0,0.0,0.0,0.0,0.0,0.0,0.0,0.0,0.0,0.0,0.0,0.0,True,0.0,1374,0.0,0.0,0.0,0.0,0.0,5
123,0.0,0.0,0.0,0.0,0.0,0.0,0.0,0.0,I,0.0,1.0,0.0,0.0,0.0,0.0,0.0,0.0,0.0,0.0,0.0,0.0,0.0,0.0,0.0,0.0,0.0,0.0,0.0,0.0,0.0,True,0.0,1385,0.0,0.0,0.0,0.0,0.0,5
124,0.0,0.0,0.0,0.0,0.0,0.0,0.0,0.0,I,0.0,1.0,0.0,0.0,0.0,0.0,0.0,0.0,0.0,0.0,0.0,0.0,0.0,0.0,0.0,0.0,0.0,0.0,0.0,0.0,0.0,True,0.0,1397,0.0,0.0,0.0,0.0,0.0,5
125,0.0,0.0,0.0,0.0,0.0,0.0,0.0,0.0,I,0.0,1.0,0.0,0.0,0.0,0.0,0.0,0.0,0.0,0.0,0.0,0.0,0.0,0.0,0.0,0.0,0.0,0.0,0.0,0.0,0.0,True,0.0,1407,0.0,0.0,0.0,0.0,0.0,5
126,0.0,0.0,0.0,0.0,0.0,0.0,0.0,0.0,I,0.0,1.0,0.0,0.0,0.0,0.0,0.0,0.0,0.0,0.0,0.0,0.0,0.0,0.0,0.0,0.0,0.0,0.0,0.0,0.0,0.0,True,0.0,1419,0.0,0.0,0.0,0.0,0.0,5
127,0.0,0.0,0.0,0.0,0.0,0.0,0.0,0.0,I,0.0,1.0,0.0,0.0,0.0,0.0,0.0,0.0,0.0,0.0,0.0,0.0,0.0,0.0,0.0,0.0,0.0,0.0,0.0,0.0,0.0,True,0.0,1431,0.0,0.0,0.0,0.0,0.0,5
128,0.0,0.0,0.0,0.0,0.0,0.0,0.0,0.0,I,0.0,1.0,0.0,0.0,0.0,0.0,0.0,0.0,0.0,0.0,0.0,0.0,0.0,0.0,0.0,0.0,0.0,0.0,0.0,0.0,0.0,True,0.0,1441,0.0,0.0,0.0,0.0,0.0,5
129,0.0,0.0,0.0,0.0,0.0,0.0,0.0,0.0,I,0.0,1.0,0.0,0.0,0.0,0.0,0.0,0.0,0.0,0.0,0.0,0.0,0.0,0.0,0.0,0.0,0.0,0.0,0.0,0.0,0.0,True,0.0,1452,0.0,0.0,0.0,0.0,0.0,5
130,0.0,0.0,0.0,0.0,0.0,0.0,0.0,0.0,I,0.0,1.0,0.0,0.0,0.0,0.0,0.0,0.0,0.0,0.0,0.0,0.0,0.0,0.0,0.0,0.0,0.0,0.0,0.0,0.0,0.0,True,0.0,1463,0.0,0.0,0.0,0.0,0.0,5
131,0.0,0.0,0.0,0.0,0.0,0.0,0.0,0.0,I,0.0,1.0,0.0,0.0,0.0,0.0,0.0,0.0,0.0,0.0,0.0,0.0,0.0,0.0,0.0,0.0,0.0,0.0,0.0,0.0,0.0,True,0.0,1474,0.0,0.0,0.0,0.0,0.0,5
132,0.0,0.0,0.0,0.0,0.0,0.0,0.0,0.0,I,0.0,1.0,0.0,0.0,0.0,0.0,0.0,0.0,0.0,0.0,0.0,0.0,0.0,0.0,0.0,0.0,0.0,0.0,0.0,0.0,0.0,True,0.0,1486,0.0,0.0,0.0,0.0,0.0,5
133,0.0,0.0,0.0,0.0,0.0,0.0,0.0,0.0,I,0.0,1.0,0.0,0.0,0.0,0.0,0.0,0.0,0.0,0.0,0.0,0.0,0.0,0.0,0.0,0.0,0.0,0.0,0.0,0.0,0.0,True,0.0,1497,0.0,0.0,0.0,0.0,0.0,5
134,0.0,0.0,0.0,0.0,0.0,0.0,0.0,0.0,I,0.0,1.0,0.0,0.0,0.0,0.0,0.0,0.0,0.0,0.0,0.0,0.0,0.0,0.0,0.0,0.0,0.0,0.0,0.0,0.0,0.0,True,0.0,1508,0.0,0.0,0.0,0.0,0.0,5
135,0.0,0.0,0.0,0.0,0.0,0.0,0.0,0.0,I,0.0,1.0,0.0,0.0,0.0,0.0,0.0,0.0,0.0,0.0,0.0,0.0,0.0,0.0,0.0,0.0,0.0,0.0,0.0,0.0,0.0,True,0.0,1519,0.0,0.0,0.0,0.0,0.0,5
136,0.0,0.0,0.0,0.0,0.0,0.0,0.0,0.0,I,0.0,1.0,0.0,0.0,0.0,0.0,0.0,0.0,0.0,0.0,0.0,0.0,0.0,0.0,0.0,0.0,0.0,0.0,0.0,0.0,0.0,True,0.0,1531,0.0,0.0,0.0,0.0,0.0,5
137,0.0,0.0,0.0,0.0,0.0,0.0,0.0,0.0,I,0.0,1.0,0.0,0.0,0.0,0.0,0.0,0.0,0.0,0.0,0.0,0.0,0.0,0.0,0.0,0.0,0.0,0.0,0.0,0.0,0.0,True,0.0,1541,0.0,0.0,0.0,0.0,0.0,5
138,0.0,0.0,0.0,0.0,0.0,0.0,0.0,0.0,I,0.0,1.0,0.0,0.0,0.0,0.0,0.0,0.0,0.0,0.0,0.0,0.0,0.0,0.0,0.0,0.0,0.0,0.0,0.0,0.0,0.0,True,0.0,1552,0.0,0.0,0.0,0.0,0.0,5
139,0.0,0.0,0.0,0.0,0.0,0.0,0.0,0.0,I,0.0,1.0,0.0,0.0,0.0,0.0,0.0,0.0,0.0,0.0,0.0,0.0,0.0,0.0,0.0,0.0,0.0,0.0,0.0,0.0,0.0,True,0.0,1563,0.0,0.0,0.0,0.0,0.0,5
140,0.0,0.0,0.0,0.0,0.0,0.0,0.0,0.0,I,0.0,1.0,0.0,0.0,0.0,0.0,0.0,0.0,0.0,0.0,0.0,0.0,0.0,0.0,0.0,0.0,0.0,0.0,0.0,0.0,0.0,True,0.0,1574,0.0,0.0,0.0,0.0,0.0,5
141,0.0,0.0,0.0,0.0,0.0,0.0,0.0,0.0,I,0.0,1.0,0.0,0.0,0.0,0.0,0.0,0.0,0.0,0.0,0.0,0.0,0.0,0.0,0.0,0.0,0.0,0.0,0.0,0.0,0.0,True,0.0,1585,0.0,0.0,0.0,0.0,0.0,5
142,0.0,0.0,0.0,0.0,0.0,0.0,0.0,0.0,I,0.0,1.0,0.0,0.0,0.0,0.0,0.0,0.0,0.0,0.0,0.0,0.0,0.0,0.0,0.0,0.0,0.0,0.0,0.0,0.0,0.0,True,0.0,1597,0.0,0.0,0.0,0.0,0.0,5
143,0.0,0.0,0.0,0.0,0.0,0.0,0.0,0.0,I,0.0,1.0,0.0,0.0,0.0,0.0,0.0,0.0,0.0,0.0,0.0,0.0,0.0,0.0,0.0,0.0,0.0,0.0,0.0,0.0,0.0,True,0.0,1608,0.0,0.0,0.0,0.0,0.0,5
144,0.0,0.0,0.0,0.0,0.0,0.0,0.0,0.0,I,0.0,1.0,0.0,0.0,0.0,0.0,0.0,0.0,0.0,0.0,0.0,0.0,0.0,0.0,0.0,0.0,0.0,0.0,0.0,0.0,0.0,True,0.0,1619,0.0,0.0,0.0,0.0,0.0,5
145,0.0,0.0,0.0,0.0,0.0,0.0,0.0,0.0,I,0.0,1.0,0.0,0.0,0.0,0.0,0.0,0.0,0.0,0.0,0.0,0.0,0.0,0.0,0.0,0.0,0.0,0.0,0.0,0.0,0.0,True,0.0,1630,0.0,0.0,0.0,0.0,0.0,5
146,0.0,0.0,0.0,0.0,0.0,0.0,0.0,0.0,I,0.0,1.0,0.0,0.0,0.0,0.0,0.0,0.0,0.0,0.0,0.0,0.0,0.0,0.0,0.0,0.0,0.0,0.0,0.0,0.0,0.0,True,0.0,1641,0.0,0.0,0.0,0.0,0.0,5
147,0.0,0.0,0.0,0.0,0.0,0.0,0.0,0.0,I,0.0,1.0,0.0,0.0,0.0,0.0,0.0,0.0,0.0,0.0,0.0,0.0,0.0,0.0,0.0,0.0,0.0,0.0,0.0,0.0,0.0,True,0.0,1652,0.0,0.0,0.0,0.0,0.0,5
148,0.0,0.0,0.0,0.0,0.0,0.0,0.0,0.0,I,0.0,1.0,0.0,0.0,0.0,0.0,0.0,0.0,0.0,0.0,0.0,0.0,0.0,0.0,0.0,0.0,0.0,0.0,0.0,0.0,0.0,True,0.0,1663,0.0,0.0,0.0,0.0,0.0,5
149,0.0,0.0,0.0,0.0,0.0,0.0,0.0,0.0,I,0.0,1.0,0.0,0.0,0.0,0.0,0.0,0.0,0.0,0.0,0.0,0.0,0.0,0.0,0.0,0.0,0.0,0.0,0.0,0.0,0.0,True,0.0,1674,0.0,0.0,0.0,0.0,0.0,5
150,0.0,0.0,0.0,0.0,0.0,0.0,0.0,0.0,I,0.0,1.0,0.0,0.0,0.0,0.0,0.0,0.0,0.0,0.0,0.0,0.0,0.0,0.0,0.0,0.0,0.0,0.0,0.0,0.0,0.0,True,0.0,1685,0.0,0.0,0.0,0.0,0.0,5
151,0.0,0.0,0.0,0.0,0.0,0.0,0.0,0.0,I,0.0,1.0,0.0,0.0,0.0,0.0,0.0,0.0,0.0,0.0,0.0,0.0,0.0,0.0,0.0,0.0,0.0,0.0,0.0,0.0,0.0,True,0.0,1697,0.0,0.0,0.0,0.0,0.0,5
152,0.0,0.0,0.0,0.0,0.0,0.0,0.0,0.0,I,0.0,1.0,0.0,0.0,0.0,0.0,0.0,0.0,0.0,0.0,0.0,0.0,0.0,0.0,0.0,0.0,0.0,0.0,0.0,0.0,0.0,True,0.0,1708,0.0,0.0,0.0,0.0,0.0,5
153,0.0,0.0,0.0,0.0,0.0,0.0,0.0,0.0,I,0.0,1.0,0.0,0.0,0.0,0.0,0.0,0.0,0.0,0.0,0.0,0.0,0.0,0.0,0.0,0.0,0.0,0.0,0.0,0.0,0.0,True,0.0,1719,0.0,0.0,0.0,0.0,0.0,5
154,0.0,0.0,0.0,0.0,0.0,0.0,0.0,0.0,I,0.0,1.0,0.0,0.0,0.0,0.0,0.0,0.0,0.0,0.0,0.0,0.0,0.0,0.0,0.0,0.0,0.0,0.0,0.0,0.0,0.0,True,0.0,1731,0.0,0.0,0.0,0.0,0.0,5
155,0.0,0.0,0.0,0.0,0.0,0.0,0.0,0.0,I,0.0,1.0,0.0,0.0,0.0,0.0,0.0,0.0,0.0,0.0,0.0,0.0,0.0,0.0,0.0,0.0,0.0,0.0,0.0,0.0,0.0,True,0.0,1741,0.0,0.0,0.0,0.0,0.0,5
156,0.0,0.0,0.0,0.0,0.0,0.0,0.0,0.0,I,0.0,1.0,0.0,0.0,0.0,0.0,0.0,0.0,0.0,0.0,0.0,0.0,0.0,0.0,0.0,0.0,0.0,0.0,0.0,0.0,0.0,True,0.0,1753,0.0,0.0,0.0,0.0,0.0,5
157,0.0,0.0,0.0,0.0,0.0,0.0,0.0,0.0,I,0.0,1.0,0.0,0.0,0.0,0.0,0.0,0.0,0.0,0.0,0.0,0.0,0.0,0.0,0.0,0.0,0.0,0.0,0.0,0.0,0.0,True,0.0,1764,0.0,0.0,0.0,0.0,0.0,5
158,0.0,0.0,0.0,0.0,0.0,0.0,0.0,0.0,I,0.0,1.0,0.0,0.0,0.0,0.0,0.0,0.0,0.0,0.0,0.0,0.0,0.0,0.0,0.0,0.0,0.0,0.0,0.0,0.0,0.0,True,0.0,1775,0.0,0.0,0.0,0.0,0.0,5
159,0.0,0.0,0.0,0.0,0.0,0.0,0.0,0.0,I,0.0,1.0,0.0,0.0,0.0,0.0,0.0,0.0,0.0,0.0,0.0,0.0,0.0,0.0,0.0,0.0,0.0,0.0,0.0,0.0,0.0,True,0.0,1786,0.0,0.0,0.0,0.0,0.0,5
160,0.0,0.0,0.0,0.0,0.0,0.0,0.0,0.0,I,0.0,1.0,0.0,0.0,0.0,0.0,0.0,0.0,0.0,0.0,0.0,0.0,0.0,0.0,0.0,0.0,0.0,0.0,0.0,0.0,0.0,True,0.0,1797,0.0,0.0,0.0,0.0,0.0,5
161,0.0,0.0,0.0,0.0,0.0,0.0,0.0,0.0,I,0.0,1.0,0.0,0.0,0.0,0.0,0.0,0.0,0.0,0.0,0.0,0.0,0.0,0.0,0.0,0.0,0.0,0.0,0.0,0.0,0.0,True,0.0,1808,0.0,0.0,0.0,0.0,0.0,5
162,0.0,0.0,0.0,0.0,0.0,0.0,0.0,0.0,I,0.0,1.0,0.0,0.0,0.0,0.0,0.0,0.0,0.0,0.0,0.0,0.0,0.0,0.0,0.0,0.0,0.0,0.0,0.0,0.0,0.0,True,0.0,1819,0.0,0.0,0.0,0.0,0.0,5
163,0.0,0.0,0.0,0.0,0.0,0.0,0.0,0.0,I,0.0,1.0,0.0,0.0,0.0,0.0,0.0,0.0,0.0,0.0,0.0,0.0,0.0,0.0,0.0,0.0,0.0,0.0,0.0,0.0,0.0,True,0.0,1830,0.0,0.0,0.0,0.0,0.0,5
164,0.0,0.0,0.0,0.0,0.0,0.0,0.0,0.0,I,0.0,1.0,0.0,0.0,0.0,0.0,0.0,0.0,0.0,0.0,0.0,0.0,0.0,0.0,0.0,0.0,0.0,0.0,0.0,0.0,0.0,True,0.0,1841,0.0,0.0,0.0,0.0,0.0,5
165,0.0,0.0,0.0,0.0,0.0,0.0,0.0,0.0,I,0.0,1.0,0.0,0.0,0.0,0.0,0.0,0.0,0.0,0.0,0.0,0.0,0.0,0.0,0.0,0.0,0.0,0.0,0.0,0.0,0.0,True,0.0,1853,0.0,0.0,0.0,0.0,0.0,5
166,0.0,0.0,0.0,0.0,0.0,0.0,0.0,0.0,I,0.0,1.0,0.0,0.0,0.0,0.0,0.0,0.0,0.0,0.0,0.0,0.0,0.0,0.0,0.0,0.0,0.0,0.0,0.0,0.0,0.0,True,0.0,1864,0.0,0.0,0.0,0.0,0.0,5
167,0.0,0.0,0.0,0.0,0.0,0.0,0.0,0.0,I,0.0,1.0,0.0,0.0,0.0,0.0,0.0,0.0,0.0,0.0,0.0,0.0,0.0,0.0,0.0,0.0,0.0,0.0,0.0,0.0,0.0,True,0.0,1875,0.0,0.0,0.0,0.0,0.0,5
168,0.0,0.0,0.0,0.0,0.0,0.0,0.0,0.0,I,0.0,1.0,0.0,0.0,0.0,0.0,0.0,0.0,0.0,0.0,0.0,0.0,0.0,0.0,0.0,0.0,0.0,0.0,0.0,0.0,0.0,True,0.0,1886,0.0,0.0,0.0,0.0,0.0,5
169,0.0,0.0,0.0,0.0,0.0,0.0,0.0,0.0,I,0.0,1.0,0.0,0.0,0.0,0.0,0.0,0.0,0.0,0.0,0.0,0.0,0.0,0.0,0.0,0.0,0.0,0.0,0.0,0.0,0.0,True,0.0,1897,0.0,0.0,0.0,0.0,0.0,5
170,0.0,0.0,0.0,0.0,0.0,0.0,0.0,0.0,I,0.0,1.0,0.0,0.0,0.0,0.0,0.0,0.0,0.0,0.0,0.0,0.0,0.0,0.0,0.0,0.0,0.0,0.0,0.0,0.0,0.0,True,0.0,1908,0.0,0.0,0.0,0.0,0.0,5
171,0.0,0.0,0.0,0.0,0.0,0.0,0.0,0.0,I,0.0,1.0,0.0,0.0,0.0,0.0,0.0,0.0,0.0,0.0,0.0,0.0,0.0,0.0,0.0,0.0,0.0,0.0,0.0,0.0,0.0,True,0.0,1919,0.0,0.0,0.0,0.0,0.0,5
172,0.0,0.0,0.0,0.0,0.0,0.0,0.0,0.0,I,0.0,1.0,0.0,0.0,0.0,0.0,0.0,0.0,0.0,0.0,0.0,0.0,0.0,0.0,0.0,0.0,0.0,0.0,0.0,0.0,0.0,True,0.0,1931,0.0,0.0,0.0,0.0,0.0,5
173,0.0,0.0,0.0,0.0,0.0,0.0,0.0,0.0,I,0.0,1.0,0.0,0.0,0.0,0.0,0.0,0.0,0.0,0.0,0.0,0.0,0.0,0.0,0.0,0.0,0.0,0.0,0.0,0.0,0.0,True,0.0,1942,0.0,0.0,0.0,0.0,0.0,5
174,0.0,0.0,0.0,0.0,0.0,0.0,0.0,0.0,I,0.0,1.0,0.0,0.0,0.0,0.0,0.0,0.0,0.0,0.0,0.0,0.0,0.0,0.0,0.0,0.0,0.0,0.0,0.0,0.0,0.0,True,0.0,1953,0.0,0.0,0.0,0.0,0.0,5
175,0.0,0.0,0.0,0.0,0.0,0.0,0.0,0.0,I,0.0,1.0,0.0,0.0,0.0,0.0,0.0,0.0,0.0,0.0,0.0,0.0,0.0,0.0,0.0,0.0,0.0,0.0,0.0,0.0,0.0,True,0.0,1964,0.0,0.0,0.0,0.0,0.0,5
176,0.0,0.0,0.0,0.0,0.0,0.0,0.0,0.0,I,0.0,1.0,0.0,0.0,0.0,0.0,0.0,0.0,0.0,0.0,0.0,0.0,0.0,0.0,0.0,0.0,0.0,0.0,0.0,0.0,0.0,True,0.0,1975,0.0,0.0,0.0,0.0,0.0,5
177,0.0,0.0,0.0,0.0,0.0,0.0,0.0,0.0,I,0.0,1.0,0.0,0.0,0.0,0.0,0.0,0.0,0.0,0.0,0.0,0.0,0.0,0.0,0.0,0.0,0.0,0.0,0.0,0.0,0.0,True,0.0,1986,0.0,0.0,0.0,0.0,0.0,5
178,0.0,0.0,0.0,0.0,0.0,0.0,0.0,0.0,I,0.0,1.0,0.0,0.0,0.0,0.0,0.0,0.0,0.0,0.0,0.0,0.0,0.0,0.0,0.0,0.0,0.0,0.0,0.0,0.0,0.0,True,0.0,1997,0.0,0.0,0.0,0.0,0.0,5
