A;Ã†;B;C;D;E;Email;F;Framecount;FrameCount;G;Gesture;H;I;K;L;M;N;Nummer0;Nummer1;Nummer2;Nummer3;Nummer4;Nummer5;Nummer6;Nummer7;Nummer8;Nummer9;O;P;Q;R;S;SessionID;Success;T;Time;Timestamp;U;V;W;X;Y
0.000000;0.000000;0.000000;0.000000;0.000000;0.000000;NA;0.000000;9444;1;0.000000;Nummer2;0.000000;0.000000;0.000000;0.000000;0.000000;0.000000;0.000000;0.000000;1.000000;0.000000;0.000000;0.000000;0.000000;0.000000;0.000000;0.000000;0.000000;0.000000;0.000000;0.000000;0.000000;4332d372-f249-41c5-903d-404cd93a7529;TRUE;0.000000;19;2023-05-18 10:38:02.4877;0.000000;0.000000;0.000000;0.000000;0.000000
0.000000;0.000000;0.000000;0.000000;0.000000;0.000000;NA;0.000000;9445;2;0.000000;Nummer2;0.000000;0.000000;0.000000;0.000000;0.000000;0.000000;0.000000;0.000000;1.000000;0.000000;0.000000;0.000000;0.000000;0.000000;0.000000;0.000000;0.000000;0.000000;0.000000;0.000000;0.000000;4332d372-f249-41c5-903d-404cd93a7529;TRUE;0.000000;28;2023-05-18 10:38:02.4968;0.000000;0.000000;0.000000;0.000000;0.000000
0.000000;0.000000;0.000000;0.000000;0.000000;0.000000;NA;0.000000;9446;3;0.000000;Nummer2;0.000000;0.000000;0.000000;0.000000;0.000000;0.000000;0.000000;0.000000;1.000000;0.000000;0.000000;0.000000;0.000000;0.000000;0.000000;0.000000;0.000000;0.000000;0.000000;0.000000;0.000000;4332d372-f249-41c5-903d-404cd93a7529;TRUE;0.000000;39;2023-05-18 10:38:02.5086;0.000000;0.000000;0.000000;0.000000;0.000000
0.000000;0.000000;0.000000;0.000000;0.000000;0.000000;NA;0.000000;9447;4;0.000000;Nummer2;0.000000;0.000000;0.000000;0.000000;0.000000;0.000000;0.000000;0.000000;1.000000;0.000000;0.000000;0.000000;0.000000;0.000000;0.000000;0.000000;0.000000;0.000000;0.000000;0.000000;0.000000;4332d372-f249-41c5-903d-404cd93a7529;TRUE;0.000000;52;2023-05-18 10:38:02.5211;0.000000;0.000000;0.000000;0.000000;0.000000
0.000000;0.000000;0.000000;0.000000;0.000000;0.000000;NA;0.000000;9448;5;0.000000;Nummer2;0.000000;0.000000;0.000000;0.000000;0.000000;0.000000;0.000000;0.000000;1.000000;0.000000;0.000000;0.000000;0.000000;0.000000;0.000000;0.000000;0.000000;0.000000;0.000000;0.000000;0.000000;4332d372-f249-41c5-903d-404cd93a7529;TRUE;0.000000;62;2023-05-18 10:38:02.5319;0.000000;0.000000;0.000000;0.000000;0.000000
0.000000;0.000000;0.000000;0.000000;0.000000;0.000000;NA;0.000000;9449;6;0.000000;Nummer2;0.000000;0.000000;0.000000;0.000000;0.000000;0.000000;0.000000;0.000000;1.000000;0.000000;0.000000;0.000000;0.000000;0.000000;0.000000;0.000000;0.000000;0.000000;0.000000;0.000000;0.000000;4332d372-f249-41c5-903d-404cd93a7529;TRUE;0.000000;75;2023-05-18 10:38:02.5435;0.000000;0.000000;0.000000;0.000000;0.000000
0.000000;0.000000;0.000000;0.000000;0.000000;0.000000;NA;0.000000;9450;7;0.000000;Nummer2;0.000000;0.000000;0.000000;0.000000;0.000000;0.000000;0.000000;0.000000;1.000000;0.000000;0.000000;0.000000;0.000000;0.000000;0.000000;0.000000;0.000000;0.000000;0.000000;0.000000;0.000000;4332d372-f249-41c5-903d-404cd93a7529;TRUE;0.000000;84;2023-05-18 10:38:02.5539;0.000000;0.000000;0.000000;0.000000;0.000000
0.000000;0.000000;0.000000;0.000000;0.000000;0.000000;NA;0.000000;9451;8;0.000000;Nummer2;0.000000;0.000000;0.000000;0.000000;0.000000;0.000000;0.000000;0.000000;1.000000;0.000000;0.000000;0.000000;0.000000;0.000000;0.000000;0.000000;0.000000;0.000000;0.000000;0.000000;0.000000;4332d372-f249-41c5-903d-404cd93a7529;TRUE;0.000000;97;2023-05-18 10:38:02.5658;0.000000;0.000000;0.000000;0.000000;0.000000
0.000000;0.000000;0.000000;0.000000;0.000000;0.000000;NA;0.000000;9452;9;0.000000;Nummer2;0.000000;0.000000;0.000000;0.000000;0.000000;0.000000;0.000000;0.000000;1.000000;0.000000;0.000000;0.000000;0.000000;0.000000;0.000000;0.000000;0.000000;0.000000;0.000000;0.000000;0.000000;4332d372-f249-41c5-903d-404cd93a7529;TRUE;0.000000;105;2023-05-18 10:38:02.5739;0.000000;0.000000;0.000000;0.000000;0.000000
0.000000;0.000000;0.000000;0.000000;0.000000;0.000000;NA;0.000000;9453;10;0.000000;Nummer2;0.000000;0.000000;0.000000;0.000000;0.000000;0.000000;0.000000;0.000000;1.000000;0.000000;0.000000;0.000000;0.000000;0.000000;0.000000;0.000000;0.000000;0.000000;0.000000;0.000000;0.000000;4332d372-f249-41c5-903d-404cd93a7529;TRUE;0.000000;117;2023-05-18 10:38:02.5878;0.000000;0.000000;0.000000;0.000000;0.000000
0.000000;0.000000;0.000000;0.000000;0.000000;0.000000;NA;0.000000;9454;11;0.000000;Nummer2;0.000000;0.000000;0.000000;0.000000;0.000000;0.000000;0.000000;0.000000;1.000000;0.000000;0.000000;0.000000;0.000000;0.000000;0.000000;0.000000;0.000000;0.000000;0.000000;0.000000;0.000000;4332d372-f249-41c5-903d-404cd93a7529;TRUE;0.000000;130;2023-05-18 10:38:02.6002;0.000000;0.000000;0.000000;0.000000;0.000000
0.000000;0.000000;0.000000;0.000000;0.000000;0.000000;NA;0.000000;9455;12;0.000000;Nummer2;0.000000;0.000000;0.000000;0.000000;0.000000;0.000000;0.000000;0.000000;1.000000;0.000000;0.000000;0.000000;0.000000;0.000000;0.000000;0.000000;0.000000;0.000000;0.000000;0.000000;0.000000;4332d372-f249-41c5-903d-404cd93a7529;TRUE;0.000000;150;2023-05-18 10:38:02.6197;0.000000;0.000000;0.000000;0.000000;0.000000
0.000000;0.000000;0.000000;0.000000;0.000000;0.000000;NA;0.000000;9456;13;0.000000;Nummer2;0.000000;0.000000;0.000000;0.000000;0.000000;0.000000;0.000000;0.000000;1.000000;0.000000;0.000000;0.000000;0.000000;0.000000;0.000000;0.000000;0.000000;0.000000;0.000000;0.000000;0.000000;4332d372-f249-41c5-903d-404cd93a7529;TRUE;0.000000;164;2023-05-18 10:38:02.6346;0.000000;0.000000;0.000000;0.000000;0.000000
0.000000;0.000000;0.000000;0.000000;0.000000;0.000000;NA;0.000000;9457;14;0.000000;Nummer2;0.000000;0.000000;0.000000;0.000000;0.000000;0.000000;0.000000;0.000000;1.000000;0.000000;0.000000;0.000000;0.000000;0.000000;0.000000;0.000000;0.000000;0.000000;0.000000;0.000000;0.000000;4332d372-f249-41c5-903d-404cd93a7529;TRUE;0.000000;185;2023-05-18 10:38:02.6549;0.000000;0.000000;0.000000;0.000000;0.000000
0.000000;0.000000;0.000000;0.000000;0.000000;0.000000;NA;0.000000;9458;15;0.000000;Nummer2;0.000000;0.000000;0.000000;0.000000;0.000000;0.000000;0.000000;0.000000;1.000000;0.000000;0.000000;0.000000;0.000000;0.000000;0.000000;0.000000;0.000000;0.000000;0.000000;0.000000;0.000000;4332d372-f249-41c5-903d-404cd93a7529;TRUE;0.000000;198;2023-05-18 10:38:02.6680;0.000000;0.000000;0.000000;0.000000;0.000000
0.000000;0.000000;0.000000;0.000000;0.000000;0.000000;NA;0.000000;9459;16;0.000000;Nummer2;0.000000;0.000000;0.000000;0.000000;0.000000;0.000000;0.000000;0.000000;1.000000;0.000000;0.000000;0.000000;0.000000;0.000000;0.000000;0.000000;0.000000;0.000000;0.000000;0.000000;0.000000;4332d372-f249-41c5-903d-404cd93a7529;TRUE;0.000000;217;2023-05-18 10:38:02.6870;0.000000;0.000000;0.000000;0.000000;0.000000
0.000000;0.000000;0.000000;0.000000;0.000000;0.000000;NA;0.000000;9460;17;0.000000;Nummer2;0.000000;0.000000;0.000000;0.000000;0.000000;0.000000;0.000000;0.000000;1.000000;0.000000;0.000000;0.000000;0.000000;0.000000;0.000000;0.000000;0.000000;0.000000;0.000000;0.000000;0.000000;4332d372-f249-41c5-903d-404cd93a7529;TRUE;0.000000;231;2023-05-18 10:38:02.7019;0.000000;0.000000;0.000000;0.000000;0.000000
0.000000;0.000000;0.000000;0.000000;0.000000;0.000000;NA;0.000000;9461;18;0.000000;Nummer2;0.000000;0.000000;0.000000;0.000000;0.000000;0.000000;0.000000;0.000000;1.000000;0.000000;0.000000;0.000000;0.000000;0.000000;0.000000;0.000000;0.000000;0.000000;0.000000;0.000000;0.000000;4332d372-f249-41c5-903d-404cd93a7529;TRUE;0.000000;250;2023-05-18 10:38:02.7200;0.000000;0.000000;0.000000;0.000000;0.000000
0.000000;0.000000;0.000000;0.000000;0.000000;0.000000;NA;0.000000;9462;19;0.000000;Nummer2;0.000000;0.000000;0.000000;0.000000;0.000000;0.000000;0.000000;0.000000;1.000000;0.000000;0.000000;0.000000;0.000000;0.000000;0.000000;0.000000;0.000000;0.000000;0.000000;0.000000;0.000000;4332d372-f249-41c5-903d-404cd93a7529;TRUE;0.000000;263;2023-05-18 10:38:02.7327;0.000000;0.000000;0.000000;0.000000;0.000000
0.000000;0.000000;0.000000;0.000000;0.000000;0.000000;NA;0.000000;9463;20;0.000000;Nummer2;0.000000;0.000000;0.000000;0.000000;0.000000;0.000000;0.000000;0.000000;1.000000;0.000000;0.000000;0.000000;0.000000;0.000000;0.000000;0.000000;0.000000;0.000000;0.000000;0.000000;0.000000;4332d372-f249-41c5-903d-404cd93a7529;TRUE;0.000000;277;2023-05-18 10:38:02.7479;0.000000;0.000000;0.000000;0.000000;0.000000
0.000000;0.000000;0.000000;0.000000;0.000000;0.000000;NA;0.000000;9464;21;0.000000;Nummer2;0.000000;0.000000;0.000000;0.000000;0.000000;0.000000;0.000000;0.000000;1.000000;0.000000;0.000000;0.000000;0.000000;0.000000;0.000000;0.000000;0.000000;0.000000;0.000000;0.000000;0.000000;4332d372-f249-41c5-903d-404cd93a7529;TRUE;0.000000;295;2023-05-18 10:38:02.7657;0.000000;0.000000;0.000000;0.000000;0.000000
0.000000;0.000000;0.000000;0.000000;0.000000;0.000000;NA;0.000000;9465;22;0.000000;Nummer2;0.000000;0.000000;0.000000;0.000000;0.000000;0.000000;0.000000;0.000000;1.000000;0.000000;0.000000;0.000000;0.000000;0.000000;0.000000;0.000000;0.000000;0.000000;0.000000;0.000000;0.000000;4332d372-f249-41c5-903d-404cd93a7529;TRUE;0.000000;317;2023-05-18 10:38:02.7871;0.000000;0.000000;0.000000;0.000000;0.000000
0.000000;0.000000;0.000000;0.000000;0.000000;0.000000;NA;0.000000;9466;23;0.000000;Nummer2;0.000000;0.000000;0.000000;0.000000;0.000000;0.000000;0.000000;0.000000;1.000000;0.000000;0.000000;0.000000;0.000000;0.000000;0.000000;0.000000;0.000000;0.000000;0.000000;0.000000;0.000000;4332d372-f249-41c5-903d-404cd93a7529;TRUE;0.000000;330;2023-05-18 10:38:02.8001;0.000000;0.000000;0.000000;0.000000;0.000000
0.000000;0.000000;0.000000;0.000000;0.000000;0.000000;NA;0.000000;9467;24;0.000000;Nummer2;0.000000;0.000000;0.000000;0.000000;0.000000;0.000000;0.000000;0.000000;1.000000;0.000000;0.000000;0.000000;0.000000;0.000000;0.000000;0.000000;0.000000;0.000000;0.000000;0.000000;0.000000;4332d372-f249-41c5-903d-404cd93a7529;TRUE;0.000000;350;2023-05-18 10:38:02.8196;0.000000;0.000000;0.000000;0.000000;0.000000
0.000000;0.000000;0.000000;0.000000;0.000000;0.000000;NA;0.000000;9468;25;0.000000;Nummer2;0.000000;0.000000;0.000000;0.000000;0.000000;0.000000;0.000000;0.000000;1.000000;0.000000;0.000000;0.000000;0.000000;0.000000;0.000000;0.000000;0.000000;0.000000;0.000000;0.000000;0.000000;4332d372-f249-41c5-903d-404cd93a7529;TRUE;0.000000;364;2023-05-18 10:38:02.8336;0.000000;0.000000;0.000000;0.000000;0.000000
0.000000;0.000000;0.000000;0.000000;0.000000;0.000000;NA;0.000000;9469;26;0.000000;Nummer2;0.000000;0.000000;0.000000;0.000000;0.000000;0.000000;0.000000;0.000000;1.000000;0.000000;0.000000;0.000000;0.000000;0.000000;0.000000;0.000000;0.000000;0.000000;0.000000;0.000000;0.000000;4332d372-f249-41c5-903d-404cd93a7529;TRUE;0.000000;376;2023-05-18 10:38:02.8445;0.000000;0.000000;0.000000;0.000000;0.000000
0.000000;0.000000;0.000000;0.000000;0.000000;0.000000;NA;0.000000;9470;27;0.000000;Nummer2;0.000000;0.000000;0.000000;0.000000;0.000000;0.000000;0.000000;0.000000;1.000000;0.000000;0.000000;0.000000;0.000000;0.000000;0.000000;0.000000;0.000000;0.000000;0.000000;0.000000;0.000000;4332d372-f249-41c5-903d-404cd93a7529;TRUE;0.000000;385;2023-05-18 10:38:02.8548;0.000000;0.000000;0.000000;0.000000;0.000000
0.000000;0.000000;0.000000;0.000000;0.000000;0.000000;NA;0.000000;9471;28;0.000000;Nummer2;0.000000;0.000000;0.000000;0.000000;0.000000;0.000000;0.000000;0.000000;1.000000;0.000000;0.000000;0.000000;0.000000;0.000000;0.000000;0.000000;0.000000;0.000000;0.000000;0.000000;0.000000;4332d372-f249-41c5-903d-404cd93a7529;TRUE;0.000000;397;2023-05-18 10:38:02.8657;0.000000;0.000000;0.000000;0.000000;0.000000
0.000000;0.000000;0.000000;0.000000;0.000000;0.000000;NA;0.000000;9472;29;0.000000;Nummer2;0.000000;0.000000;0.000000;0.000000;0.000000;0.000000;0.000000;0.000000;1.000000;0.000000;0.000000;0.000000;0.000000;0.000000;0.000000;0.000000;0.000000;0.000000;0.000000;0.000000;0.000000;4332d372-f249-41c5-903d-404cd93a7529;TRUE;0.000000;406;2023-05-18 10:38:02.8748;0.000000;0.000000;0.000000;0.000000;0.000000
0.000000;0.000000;0.000000;0.000000;0.000000;0.000000;NA;0.000000;9473;30;0.000000;Nummer2;0.000000;0.000000;0.000000;0.000000;0.000000;0.000000;0.000000;0.000000;1.000000;0.000000;0.000000;0.000000;0.000000;0.000000;0.000000;0.000000;0.000000;0.000000;0.000000;0.000000;0.000000;4332d372-f249-41c5-903d-404cd93a7529;TRUE;0.000000;417;2023-05-18 10:38:02.8856;0.000000;0.000000;0.000000;0.000000;0.000000
0.000000;0.000000;0.000000;0.000000;0.000000;0.000000;NA;0.000000;9474;31;0.000000;Nummer2;0.000000;0.000000;0.000000;0.000000;0.000000;0.000000;0.000000;0.000000;1.000000;0.000000;0.000000;0.000000;0.000000;0.000000;0.000000;0.000000;0.000000;0.000000;0.000000;0.000000;0.000000;4332d372-f249-41c5-903d-404cd93a7529;TRUE;0.000000;428;2023-05-18 10:38:02.8968;0.000000;0.000000;0.000000;0.000000;0.000000
0.000000;0.000000;0.000000;0.000000;0.000000;0.000000;NA;0.000000;9475;32;0.000000;Nummer2;0.000000;0.000000;0.000000;0.000000;0.000000;0.000000;0.000000;0.000000;1.000000;0.000000;0.000000;0.000000;0.000000;0.000000;0.000000;0.000000;0.000000;0.000000;0.000000;0.000000;0.000000;4332d372-f249-41c5-903d-404cd93a7529;TRUE;0.000000;439;2023-05-18 10:38:02.9075;0.000000;0.000000;0.000000;0.000000;0.000000
0.000000;0.000000;0.000000;0.000000;0.000000;0.000000;NA;0.000000;9476;33;0.000000;Nummer2;0.000000;0.000000;0.000000;0.000000;0.000000;0.000000;0.000000;0.000000;1.000000;0.000000;0.000000;0.000000;0.000000;0.000000;0.000000;0.000000;0.000000;0.000000;0.000000;0.000000;0.000000;4332d372-f249-41c5-903d-404cd93a7529;TRUE;0.000000;451;2023-05-18 10:38:02.9186;0.000000;0.000000;0.000000;0.000000;0.000000
0.000000;0.000000;0.000000;0.000000;0.000000;0.000000;NA;0.000000;9477;34;0.000000;Nummer2;0.000000;0.000000;0.000000;0.000000;0.000000;0.000000;0.000000;0.000000;1.000000;0.000000;0.000000;0.000000;0.000000;0.000000;0.000000;0.000000;0.000000;0.000000;0.000000;0.000000;0.000000;4332d372-f249-41c5-903d-404cd93a7529;TRUE;0.000000;462;2023-05-18 10:38:02.9314;0.000000;0.000000;0.000000;0.000000;0.000000
0.000000;0.000000;0.000000;0.000000;0.000000;0.000000;NA;0.000000;9478;35;0.000000;Nummer2;0.000000;0.000000;0.000000;0.000000;0.000000;0.000000;0.000000;0.000000;1.000000;0.000000;0.000000;0.000000;0.000000;0.000000;0.000000;0.000000;0.000000;0.000000;0.000000;0.000000;0.000000;4332d372-f249-41c5-903d-404cd93a7529;TRUE;0.000000;476;2023-05-18 10:38:02.9440;0.000000;0.000000;0.000000;0.000000;0.000000
0.000000;0.000000;0.000000;0.000000;0.000000;0.000000;NA;0.000000;9479;36;0.000000;Nummer2;0.000000;0.000000;0.000000;0.000000;0.000000;0.000000;0.000000;0.000000;1.000000;0.000000;0.000000;0.000000;0.000000;0.000000;0.000000;0.000000;0.000000;0.000000;0.000000;0.000000;0.000000;4332d372-f249-41c5-903d-404cd93a7529;TRUE;0.000000;485;2023-05-18 10:38:02.9548;0.000000;0.000000;0.000000;0.000000;0.000000
0.000000;0.000000;0.000000;0.000000;0.000000;0.000000;NA;0.000000;9480;37;0.000000;Nummer2;0.000000;0.000000;0.000000;0.000000;0.000000;0.000000;0.000000;0.000000;1.000000;0.000000;0.000000;0.000000;0.000000;0.000000;0.000000;0.000000;0.000000;0.000000;0.000000;0.000000;0.000000;4332d372-f249-41c5-903d-404cd93a7529;TRUE;0.000000;498;2023-05-18 10:38:02.9666;0.000000;0.000000;0.000000;0.000000;0.000000
0.000000;0.000000;0.000000;0.000000;0.000000;0.000000;NA;0.000000;9481;38;0.000000;Nummer2;0.000000;0.000000;0.000000;0.000000;0.000000;0.000000;0.000000;0.000000;1.000000;0.000000;0.000000;0.000000;0.000000;0.000000;0.000000;0.000000;0.000000;0.000000;0.000000;0.000000;0.000000;4332d372-f249-41c5-903d-404cd93a7529;TRUE;0.000000;507;2023-05-18 10:38:02.9759;0.000000;0.000000;0.000000;0.000000;0.000000
0.000000;0.000000;0.000000;0.000000;0.000000;0.000000;NA;0.000000;9482;39;0.000000;Nummer2;0.000000;0.000000;0.000000;0.000000;0.000000;0.000000;0.000000;0.000000;1.000000;0.000000;0.000000;0.000000;0.000000;0.000000;0.000000;0.000000;0.000000;0.000000;0.000000;0.000000;0.000000;4332d372-f249-41c5-903d-404cd93a7529;TRUE;0.000000;520;2023-05-18 10:38:02.9900;0.000000;0.000000;0.000000;0.000000;0.000000
0.000000;0.000000;0.000000;0.000000;0.000000;0.000000;NA;0.000000;9483;40;0.000000;Nummer2;0.000000;0.000000;0.000000;0.000000;0.000000;0.000000;0.000000;0.000000;1.000000;0.000000;0.000000;0.000000;0.000000;0.000000;0.000000;0.000000;0.000000;0.000000;0.000000;0.000000;0.000000;4332d372-f249-41c5-903d-404cd93a7529;TRUE;0.000000;532;2023-05-18 10:38:03.0014;0.000000;0.000000;0.000000;0.000000;0.000000
0.000000;0.000000;0.000000;0.000000;0.000000;0.000000;NA;0.000000;9484;41;0.000000;Nummer2;0.000000;0.000000;0.000000;0.000000;0.000000;0.000000;0.000000;0.000000;1.000000;0.000000;0.000000;0.000000;0.000000;0.000000;0.000000;0.000000;0.000000;0.000000;0.000000;0.000000;0.000000;4332d372-f249-41c5-903d-404cd93a7529;TRUE;0.000000;541;2023-05-18 10:38:03.0090;0.000000;0.000000;0.000000;0.000000;0.000000
0.000000;0.000000;0.000000;0.000000;0.000000;0.000000;NA;0.000000;9485;42;0.000000;Nummer2;0.000000;0.000000;0.000000;0.000000;0.000000;0.000000;0.000000;0.000000;1.000000;0.000000;0.000000;0.000000;0.000000;0.000000;0.000000;0.000000;0.000000;0.000000;0.000000;0.000000;0.000000;4332d372-f249-41c5-903d-404cd93a7529;TRUE;0.000000;551;2023-05-18 10:38:03.0197;0.000000;0.000000;0.000000;0.000000;0.000000
0.000000;0.000000;0.000000;0.000000;0.000000;0.000000;NA;0.000000;9486;43;0.000000;Nummer2;0.000000;0.000000;0.000000;0.000000;0.000000;0.000000;0.000000;0.000000;1.000000;0.000000;0.000000;0.000000;0.000000;0.000000;0.000000;0.000000;0.000000;0.000000;0.000000;0.000000;0.000000;4332d372-f249-41c5-903d-404cd93a7529;TRUE;0.000000;562;2023-05-18 10:38:03.0298;0.000000;0.000000;0.000000;0.000000;0.000000
0.000000;0.000000;0.000000;0.000000;0.000000;0.000000;NA;0.000000;9487;44;0.000000;Nummer2;0.000000;0.000000;0.000000;0.000000;0.000000;0.000000;0.000000;0.000000;1.000000;0.000000;0.000000;0.000000;0.000000;0.000000;0.000000;0.000000;0.000000;0.000000;0.000000;0.000000;0.000000;4332d372-f249-41c5-903d-404cd93a7529;TRUE;0.000000;573;2023-05-18 10:38:03.0416;0.000000;0.000000;0.000000;0.000000;0.000000
0.000000;0.000000;0.000000;0.000000;0.000000;0.000000;NA;0.000000;9488;45;0.000000;Nummer2;0.000000;0.000000;0.000000;0.000000;0.000000;0.000000;0.000000;0.000000;1.000000;0.000000;0.000000;0.000000;0.000000;0.000000;0.000000;0.000000;0.000000;0.000000;0.000000;0.000000;0.000000;4332d372-f249-41c5-903d-404cd93a7529;TRUE;0.000000;584;2023-05-18 10:38:03.0528;0.000000;0.000000;0.000000;0.000000;0.000000
0.000000;0.000000;0.000000;0.000000;0.000000;0.000000;NA;0.000000;9489;46;0.000000;Nummer2;0.000000;0.000000;0.000000;0.000000;0.000000;0.000000;0.000000;0.000000;1.000000;0.000000;0.000000;0.000000;0.000000;0.000000;0.000000;0.000000;0.000000;0.000000;0.000000;0.000000;0.000000;4332d372-f249-41c5-903d-404cd93a7529;TRUE;0.000000;596;2023-05-18 10:38:03.0644;0.000000;0.000000;0.000000;0.000000;0.000000
0.000000;0.000000;0.000000;0.000000;0.000000;0.000000;NA;0.000000;9490;47;0.000000;Nummer2;0.000000;0.000000;0.000000;0.000000;0.000000;0.000000;0.000000;0.000000;1.000000;0.000000;0.000000;0.000000;0.000000;0.000000;0.000000;0.000000;0.000000;0.000000;0.000000;0.000000;0.000000;4332d372-f249-41c5-903d-404cd93a7529;TRUE;0.000000;607;2023-05-18 10:38:03.0767;0.000000;0.000000;0.000000;0.000000;0.000000
0.000000;0.000000;0.000000;0.000000;0.000000;0.000000;NA;0.000000;9491;48;0.000000;Nummer2;0.000000;0.000000;0.000000;0.000000;0.000000;0.000000;0.000000;0.000000;1.000000;0.000000;0.000000;0.000000;0.000000;0.000000;0.000000;0.000000;0.000000;0.000000;0.000000;0.000000;0.000000;4332d372-f249-41c5-903d-404cd93a7529;TRUE;0.000000;620;2023-05-18 10:38:03.0897;0.000000;0.000000;0.000000;0.000000;0.000000
0.000000;0.000000;0.000000;0.000000;0.000000;0.000000;NA;0.000000;9492;49;0.000000;Nummer2;0.000000;0.000000;0.000000;0.000000;0.000000;0.000000;0.000000;0.000000;1.000000;0.000000;0.000000;0.000000;0.000000;0.000000;0.000000;0.000000;0.000000;0.000000;0.000000;0.000000;0.000000;4332d372-f249-41c5-903d-404cd93a7529;TRUE;0.000000;632;2023-05-18 10:38:03.1014;0.000000;0.000000;0.000000;0.000000;0.000000
0.000000;0.000000;0.000000;0.000000;0.000000;0.000000;NA;0.000000;9493;50;0.000000;Nummer2;0.000000;0.000000;0.000000;0.000000;0.000000;0.000000;0.000000;0.000000;1.000000;0.000000;0.000000;0.000000;0.000000;0.000000;0.000000;0.000000;0.000000;0.000000;0.000000;0.000000;0.000000;4332d372-f249-41c5-903d-404cd93a7529;TRUE;0.000000;641;2023-05-18 10:38:03.1090;0.000000;0.000000;0.000000;0.000000;0.000000
0.000000;0.000000;0.000000;0.000000;0.000000;0.000000;NA;0.000000;9494;51;0.000000;Nummer2;0.000000;0.000000;0.000000;0.000000;0.000000;0.000000;0.000000;0.000000;1.000000;0.000000;0.000000;0.000000;0.000000;0.000000;0.000000;0.000000;0.000000;0.000000;0.000000;0.000000;0.000000;4332d372-f249-41c5-903d-404cd93a7529;TRUE;0.000000;651;2023-05-18 10:38:03.1196;0.000000;0.000000;0.000000;0.000000;0.000000
0.000000;0.000000;0.000000;0.000000;0.000000;0.000000;NA;0.000000;9495;52;0.000000;Nummer2;0.000000;0.000000;0.000000;0.000000;0.000000;0.000000;0.000000;0.000000;1.000000;0.000000;0.000000;0.000000;0.000000;0.000000;0.000000;0.000000;0.000000;0.000000;0.000000;0.000000;0.000000;4332d372-f249-41c5-903d-404cd93a7529;TRUE;0.000000;662;2023-05-18 10:38:03.1308;0.000000;0.000000;0.000000;0.000000;0.000000
0.000000;0.000000;0.000000;0.000000;0.000000;0.000000;NA;0.000000;9496;53;0.000000;Nummer2;0.000000;0.000000;0.000000;0.000000;0.000000;0.000000;0.000000;0.000000;1.000000;0.000000;0.000000;0.000000;0.000000;0.000000;0.000000;0.000000;0.000000;0.000000;0.000000;0.000000;0.000000;4332d372-f249-41c5-903d-404cd93a7529;TRUE;0.000000;674;2023-05-18 10:38:03.1424;0.000000;0.000000;0.000000;0.000000;0.000000
0.000000;0.000000;0.000000;0.000000;0.000000;0.000000;NA;0.000000;9497;54;0.000000;Nummer2;0.000000;0.000000;0.000000;0.000000;0.000000;0.000000;0.000000;0.000000;1.000000;0.000000;0.000000;0.000000;0.000000;0.000000;0.000000;0.000000;0.000000;0.000000;0.000000;0.000000;0.000000;4332d372-f249-41c5-903d-404cd93a7529;TRUE;0.000000;685;2023-05-18 10:38:03.1548;0.000000;0.000000;0.000000;0.000000;0.000000
0.000000;0.000000;0.000000;0.000000;0.000000;0.000000;NA;0.000000;9498;55;0.000000;Nummer2;0.000000;0.000000;0.000000;0.000000;0.000000;0.000000;0.000000;0.000000;1.000000;0.000000;0.000000;0.000000;0.000000;0.000000;0.000000;0.000000;0.000000;0.000000;0.000000;0.000000;0.000000;4332d372-f249-41c5-903d-404cd93a7529;TRUE;0.000000;698;2023-05-18 10:38:03.1680;0.000000;0.000000;0.000000;0.000000;0.000000
0.000000;0.000000;0.000000;0.000000;0.000000;0.000000;NA;0.000000;9499;56;0.000000;Nummer2;0.000000;0.000000;0.000000;0.000000;0.000000;0.000000;0.000000;0.000000;1.000000;0.000000;0.000000;0.000000;0.000000;0.000000;0.000000;0.000000;0.000000;0.000000;0.000000;0.000000;0.000000;4332d372-f249-41c5-903d-404cd93a7529;TRUE;0.000000;711;2023-05-18 10:38:03.1790;0.000000;0.000000;0.000000;0.000000;0.000000
0.000000;0.000000;0.000000;0.000000;0.000000;0.000000;NA;0.000000;9500;57;0.000000;Nummer2;0.000000;0.000000;0.000000;0.000000;0.000000;0.000000;0.000000;0.000000;1.000000;0.000000;0.000000;0.000000;0.000000;0.000000;0.000000;0.000000;0.000000;0.000000;0.000000;0.000000;0.000000;4332d372-f249-41c5-903d-404cd93a7529;TRUE;0.000000;719;2023-05-18 10:38:03.1887;0.000000;0.000000;0.000000;0.000000;0.000000
0.000000;0.000000;0.000000;0.000000;0.000000;0.000000;NA;0.000000;9501;58;0.000000;Nummer2;0.000000;0.000000;0.000000;0.000000;0.000000;0.000000;0.000000;0.000000;1.000000;0.000000;0.000000;0.000000;0.000000;0.000000;0.000000;0.000000;0.000000;0.000000;0.000000;0.000000;0.000000;4332d372-f249-41c5-903d-404cd93a7529;TRUE;0.000000;732;2023-05-18 10:38:03.2002;0.000000;0.000000;0.000000;0.000000;0.000000
0.000000;0.000000;0.000000;0.000000;0.000000;0.000000;NA;0.000000;9502;59;0.000000;Nummer2;0.000000;0.000000;0.000000;0.000000;0.000000;0.000000;0.000000;0.000000;1.000000;0.000000;0.000000;0.000000;0.000000;0.000000;0.000000;0.000000;0.000000;0.000000;0.000000;0.000000;0.000000;4332d372-f249-41c5-903d-404cd93a7529;TRUE;0.000000;741;2023-05-18 10:38:03.2085;0.000000;0.000000;0.000000;0.000000;0.000000
0.000000;0.000000;0.000000;0.000000;0.000000;0.000000;NA;0.000000;9503;60;0.000000;Nummer2;0.000000;0.000000;0.000000;0.000000;0.000000;0.000000;0.000000;0.000000;1.000000;0.000000;0.000000;0.000000;0.000000;0.000000;0.000000;0.000000;0.000000;0.000000;0.000000;0.000000;0.000000;4332d372-f249-41c5-903d-404cd93a7529;TRUE;0.000000;751;2023-05-18 10:38:03.2198;0.000000;0.000000;0.000000;0.000000;0.000000
0.000000;0.000000;0.000000;0.000000;0.000000;0.000000;NA;0.000000;9504;61;0.000000;Nummer2;0.000000;0.000000;0.000000;0.000000;0.000000;0.000000;0.000000;0.000000;1.000000;0.000000;0.000000;0.000000;0.000000;0.000000;0.000000;0.000000;0.000000;0.000000;0.000000;0.000000;0.000000;4332d372-f249-41c5-903d-404cd93a7529;TRUE;0.000000;762;2023-05-18 10:38:03.2309;0.000000;0.000000;0.000000;0.000000;0.000000
0.000000;0.000000;0.000000;0.000000;0.000000;0.000000;NA;0.000000;9505;62;0.000000;Nummer2;0.000000;0.000000;0.000000;0.000000;0.000000;0.000000;0.000000;0.000000;1.000000;0.000000;0.000000;0.000000;0.000000;0.000000;0.000000;0.000000;0.000000;0.000000;0.000000;0.000000;0.000000;4332d372-f249-41c5-903d-404cd93a7529;TRUE;0.000000;774;2023-05-18 10:38:03.2426;0.000000;0.000000;0.000000;0.000000;0.000000
0.000000;0.000000;0.000000;0.000000;0.000000;0.000000;NA;0.000000;9506;63;0.000000;Nummer2;0.000000;0.000000;0.000000;0.000000;0.000000;0.000000;0.000000;0.000000;1.000000;0.000000;0.000000;0.000000;0.000000;0.000000;0.000000;0.000000;0.000000;0.000000;0.000000;0.000000;0.000000;4332d372-f249-41c5-903d-404cd93a7529;TRUE;0.000000;785;2023-05-18 10:38:03.2539;0.000000;0.000000;0.000000;0.000000;0.000000
0.000000;0.000000;0.000000;0.000000;0.000000;0.000000;NA;0.000000;9507;64;0.000000;Nummer2;0.000000;0.000000;0.000000;0.000000;0.000000;0.000000;0.000000;0.000000;1.000000;0.000000;0.000000;0.000000;0.000000;0.000000;0.000000;0.000000;0.000000;0.000000;0.000000;0.000000;0.000000;4332d372-f249-41c5-903d-404cd93a7529;TRUE;0.000000;796;2023-05-18 10:38:03.2645;0.000000;0.000000;0.000000;0.000000;0.000000
0.000000;0.000000;0.000000;0.000000;0.000000;0.000000;NA;0.000000;9508;65;0.000000;Nummer2;0.000000;0.000000;0.000000;0.000000;0.000000;0.000000;0.000000;0.000000;1.000000;0.000000;0.000000;0.000000;0.000000;0.000000;0.000000;0.000000;0.000000;0.000000;0.000000;0.000000;0.000000;4332d372-f249-41c5-903d-404cd93a7529;TRUE;0.000000;807;2023-05-18 10:38:03.2756;0.000000;0.000000;0.000000;0.000000;0.000000
0.000000;0.000000;0.000000;0.000000;0.000000;0.000000;NA;0.000000;9509;66;0.000000;Nummer2;0.000000;0.000000;0.000000;0.000000;0.000000;0.000000;0.000000;0.000000;1.000000;0.000000;0.000000;0.000000;0.000000;0.000000;0.000000;0.000000;0.000000;0.000000;0.000000;0.000000;0.000000;4332d372-f249-41c5-903d-404cd93a7529;TRUE;0.000000;819;2023-05-18 10:38:03.2879;0.000000;0.000000;0.000000;0.000000;0.000000
0.000000;0.000000;0.000000;0.000000;0.000000;0.000000;NA;0.000000;9510;67;0.000000;Nummer2;0.000000;0.000000;0.000000;0.000000;0.000000;0.000000;0.000000;0.000000;1.000000;0.000000;0.000000;0.000000;0.000000;0.000000;0.000000;0.000000;0.000000;0.000000;0.000000;0.000000;0.000000;4332d372-f249-41c5-903d-404cd93a7529;TRUE;0.000000;832;2023-05-18 10:38:03.3015;0.000000;0.000000;0.000000;0.000000;0.000000
0.000000;0.000000;0.000000;0.000000;0.000000;0.000000;NA;0.000000;9511;68;0.000000;Nummer2;0.000000;0.000000;0.000000;0.000000;0.000000;0.000000;0.000000;0.000000;1.000000;0.000000;0.000000;0.000000;0.000000;0.000000;0.000000;0.000000;0.000000;0.000000;0.000000;0.000000;0.000000;4332d372-f249-41c5-903d-404cd93a7529;TRUE;0.000000;844;2023-05-18 10:38:03.3131;0.000000;0.000000;0.000000;0.000000;0.000000
0.000000;0.000000;0.000000;0.000000;0.000000;0.000000;NA;0.000000;9512;69;0.000000;Nummer2;0.000000;0.000000;0.000000;0.000000;0.000000;0.000000;0.000000;0.000000;1.000000;0.000000;0.000000;0.000000;0.000000;0.000000;0.000000;0.000000;0.000000;0.000000;0.000000;0.000000;0.000000;4332d372-f249-41c5-903d-404cd93a7529;TRUE;0.000000;852;2023-05-18 10:38:03.3212;0.000000;0.000000;0.000000;0.000000;0.000000
0.000000;0.000000;0.000000;0.000000;0.000000;0.000000;NA;0.000000;9513;70;0.000000;Nummer2;0.000000;0.000000;0.000000;0.000000;0.000000;0.000000;0.000000;0.000000;1.000000;0.000000;0.000000;0.000000;0.000000;0.000000;0.000000;0.000000;0.000000;0.000000;0.000000;0.000000;0.000000;4332d372-f249-41c5-903d-404cd93a7529;TRUE;0.000000;863;2023-05-18 10:38:03.3319;0.000000;0.000000;0.000000;0.000000;0.000000
0.000000;0.000000;0.000000;0.000000;0.000000;0.000000;NA;0.000000;9514;71;0.000000;Nummer2;0.000000;0.000000;0.000000;0.000000;0.000000;0.000000;0.000000;0.000000;1.000000;0.000000;0.000000;0.000000;0.000000;0.000000;0.000000;0.000000;0.000000;0.000000;0.000000;0.000000;0.000000;4332d372-f249-41c5-903d-404cd93a7529;TRUE;0.000000;874;2023-05-18 10:38:03.3426;0.000000;0.000000;0.000000;0.000000;0.000000
0.000000;0.000000;0.000000;0.000000;0.000000;0.000000;NA;0.000000;9515;72;0.000000;Nummer2;0.000000;0.000000;0.000000;0.000000;0.000000;0.000000;0.000000;0.000000;1.000000;0.000000;0.000000;0.000000;0.000000;0.000000;0.000000;0.000000;0.000000;0.000000;0.000000;0.000000;0.000000;4332d372-f249-41c5-903d-404cd93a7529;TRUE;0.000000;886;2023-05-18 10:38:03.3559;0.000000;0.000000;0.000000;0.000000;0.000000
0.000000;0.000000;0.000000;0.000000;0.000000;0.000000;NA;0.000000;9516;73;0.000000;Nummer2;0.000000;0.000000;0.000000;0.000000;0.000000;0.000000;0.000000;0.000000;1.000000;0.000000;0.000000;0.000000;0.000000;0.000000;0.000000;0.000000;0.000000;0.000000;0.000000;0.000000;0.000000;4332d372-f249-41c5-903d-404cd93a7529;TRUE;0.000000;899;2023-05-18 10:38:03.3670;0.000000;0.000000;0.000000;0.000000;0.000000
0.000000;0.000000;0.000000;0.000000;0.000000;0.000000;NA;0.000000;9517;74;0.000000;Nummer2;0.000000;0.000000;0.000000;0.000000;0.000000;0.000000;0.000000;0.000000;1.000000;0.000000;0.000000;0.000000;0.000000;0.000000;0.000000;0.000000;0.000000;0.000000;0.000000;0.000000;0.000000;4332d372-f249-41c5-903d-404cd93a7529;TRUE;0.000000;908;2023-05-18 10:38:03.3777;0.000000;0.000000;0.000000;0.000000;0.000000
0.000000;0.000000;0.000000;0.000000;0.000000;0.000000;NA;0.000000;9518;75;0.000000;Nummer2;0.000000;0.000000;0.000000;0.000000;0.000000;0.000000;0.000000;0.000000;1.000000;0.000000;0.000000;0.000000;0.000000;0.000000;0.000000;0.000000;0.000000;0.000000;0.000000;0.000000;0.000000;4332d372-f249-41c5-903d-404cd93a7529;TRUE;0.000000;925;2023-05-18 10:38:03.3928;0.000000;0.000000;0.000000;0.000000;0.000000
0.000000;0.000000;0.000000;0.000000;0.000000;0.000000;NA;0.000000;9519;76;0.000000;Nummer2;0.000000;0.000000;0.000000;0.000000;0.000000;0.000000;0.000000;0.000000;1.000000;0.000000;0.000000;0.000000;0.000000;0.000000;0.000000;0.000000;0.000000;0.000000;0.000000;0.000000;0.000000;4332d372-f249-41c5-903d-404cd93a7529;TRUE;0.000000;932;2023-05-18 10:38:03.4025;0.000000;0.000000;0.000000;0.000000;0.000000
0.000000;0.000000;0.000000;0.000000;0.000000;0.000000;NA;0.000000;9520;77;0.000000;Nummer2;0.000000;0.000000;0.000000;0.000000;0.000000;0.000000;0.000000;0.000000;1.000000;0.000000;0.000000;0.000000;0.000000;0.000000;0.000000;0.000000;0.000000;0.000000;0.000000;0.000000;0.000000;4332d372-f249-41c5-903d-404cd93a7529;TRUE;0.000000;946;2023-05-18 10:38:03.4145;0.000000;0.000000;0.000000;0.000000;0.000000
0.000000;0.000000;0.000000;0.000000;0.000000;0.000000;NA;0.000000;9521;78;0.000000;Nummer2;0.000000;0.000000;0.000000;0.000000;0.000000;0.000000;0.000000;0.000000;1.000000;0.000000;0.000000;0.000000;0.000000;0.000000;0.000000;0.000000;0.000000;0.000000;0.000000;0.000000;0.000000;4332d372-f249-41c5-903d-404cd93a7529;TRUE;0.000000;954;2023-05-18 10:38:03.4243;0.000000;0.000000;0.000000;0.000000;0.000000
0.000000;0.000000;0.000000;0.000000;0.000000;0.000000;NA;0.000000;9522;79;0.000000;Nummer2;0.000000;0.000000;0.000000;0.000000;0.000000;0.000000;0.000000;0.000000;1.000000;0.000000;0.000000;0.000000;0.000000;0.000000;0.000000;0.000000;0.000000;0.000000;0.000000;0.000000;0.000000;4332d372-f249-41c5-903d-404cd93a7529;TRUE;0.000000;967;2023-05-18 10:38:03.4358;0.000000;0.000000;0.000000;0.000000;0.000000
0.000000;0.000000;0.000000;0.000000;0.000000;0.000000;NA;0.000000;9523;80;0.000000;Nummer2;0.000000;0.000000;0.000000;0.000000;0.000000;0.000000;0.000000;0.000000;1.000000;0.000000;0.000000;0.000000;0.000000;0.000000;0.000000;0.000000;0.000000;0.000000;0.000000;0.000000;0.000000;4332d372-f249-41c5-903d-404cd93a7529;TRUE;0.000000;975;2023-05-18 10:38:03.4444;0.000000;0.000000;0.000000;0.000000;0.000000
0.000000;0.000000;0.000000;0.000000;0.000000;0.000000;NA;0.000000;9524;81;0.000000;Nummer2;0.000000;0.000000;0.000000;0.000000;0.000000;0.000000;0.000000;0.000000;1.000000;0.000000;0.000000;0.000000;0.000000;0.000000;0.000000;0.000000;0.000000;0.000000;0.000000;0.000000;0.000000;4332d372-f249-41c5-903d-404cd93a7529;TRUE;0.000000;990;2023-05-18 10:38:03.4587;0.000000;0.000000;0.000000;0.000000;0.000000
0.000000;0.000000;0.000000;0.000000;0.000000;0.000000;NA;0.000000;9525;82;0.000000;Nummer2;0.000000;0.000000;0.000000;0.000000;0.000000;0.000000;0.000000;0.000000;1.000000;0.000000;0.000000;0.000000;0.000000;0.000000;0.000000;0.000000;0.000000;0.000000;0.000000;0.000000;0.000000;4332d372-f249-41c5-903d-404cd93a7529;TRUE;0.000000;1007;2023-05-18 10:38:03.4755;0.000000;0.000000;0.000000;0.000000;0.000000
0.000000;0.000000;0.000000;0.000000;0.000000;0.000000;NA;0.000000;9526;83;0.000000;Nummer2;0.000000;0.000000;0.000000;0.000000;0.000000;0.000000;0.000000;0.000000;1.000000;0.000000;0.000000;0.000000;0.000000;0.000000;0.000000;0.000000;0.000000;0.000000;0.000000;0.000000;0.000000;4332d372-f249-41c5-903d-404cd93a7529;TRUE;0.000000;1019;2023-05-18 10:38:03.4888;0.000000;0.000000;0.000000;0.000000;0.000000
0.000000;0.000000;0.000000;0.000000;0.000000;0.000000;NA;0.000000;9527;84;0.000000;Nummer2;0.000000;0.000000;0.000000;0.000000;0.000000;0.000000;0.000000;0.000000;1.000000;0.000000;0.000000;0.000000;0.000000;0.000000;0.000000;0.000000;0.000000;0.000000;0.000000;0.000000;0.000000;4332d372-f249-41c5-903d-404cd93a7529;TRUE;0.000000;1032;2023-05-18 10:38:03.5015;0.000000;0.000000;0.000000;0.000000;0.000000
0.000000;0.000000;0.000000;0.000000;0.000000;0.000000;NA;0.000000;9528;85;0.000000;Nummer2;0.000000;0.000000;0.000000;0.000000;0.000000;0.000000;0.000000;0.000000;1.000000;0.000000;0.000000;0.000000;0.000000;0.000000;0.000000;0.000000;0.000000;0.000000;0.000000;0.000000;0.000000;4332d372-f249-41c5-903d-404cd93a7529;TRUE;0.000000;1045;2023-05-18 10:38:03.5152;0.000000;0.000000;0.000000;0.000000;0.000000
0.000000;0.000000;0.000000;0.000000;0.000000;0.000000;NA;0.000000;9529;86;0.000000;Nummer2;0.000000;0.000000;0.000000;0.000000;0.000000;0.000000;0.000000;0.000000;1.000000;0.000000;0.000000;0.000000;0.000000;0.000000;0.000000;0.000000;0.000000;0.000000;0.000000;0.000000;0.000000;4332d372-f249-41c5-903d-404cd93a7529;TRUE;0.000000;1063;2023-05-18 10:38:03.5345;0.000000;0.000000;0.000000;0.000000;0.000000
0.000000;0.000000;0.000000;0.000000;0.000000;0.000000;NA;0.000000;9530;87;0.000000;Nummer2;0.000000;0.000000;0.000000;0.000000;0.000000;0.000000;0.000000;0.000000;1.000000;0.000000;0.000000;0.000000;0.000000;0.000000;0.000000;0.000000;0.000000;0.000000;0.000000;0.000000;0.000000;4332d372-f249-41c5-903d-404cd93a7529;TRUE;0.000000;1077;2023-05-18 10:38:03.5460;0.000000;0.000000;0.000000;0.000000;0.000000
0.000000;0.000000;0.000000;0.000000;0.000000;0.000000;NA;0.000000;9531;88;0.000000;Nummer2;0.000000;0.000000;0.000000;0.000000;0.000000;0.000000;0.000000;0.000000;1.000000;0.000000;0.000000;0.000000;0.000000;0.000000;0.000000;0.000000;0.000000;0.000000;0.000000;0.000000;0.000000;4332d372-f249-41c5-903d-404cd93a7529;TRUE;0.000000;1087;2023-05-18 10:38:03.5567;0.000000;0.000000;0.000000;0.000000;0.000000
0.000000;0.000000;0.000000;0.000000;0.000000;0.000000;NA;0.000000;9532;89;0.000000;Nummer2;0.000000;0.000000;0.000000;0.000000;0.000000;0.000000;0.000000;0.000000;1.000000;0.000000;0.000000;0.000000;0.000000;0.000000;0.000000;0.000000;0.000000;0.000000;0.000000;0.000000;0.000000;4332d372-f249-41c5-903d-404cd93a7529;TRUE;0.000000;1099;2023-05-18 10:38:03.5672;0.000000;0.000000;0.000000;0.000000;0.000000
0.000000;0.000000;0.000000;0.000000;0.000000;0.000000;NA;0.000000;9533;90;0.000000;Nummer2;0.000000;0.000000;0.000000;0.000000;0.000000;0.000000;0.000000;0.000000;1.000000;0.000000;0.000000;0.000000;0.000000;0.000000;0.000000;0.000000;0.000000;0.000000;0.000000;0.000000;0.000000;4332d372-f249-41c5-903d-404cd93a7529;TRUE;0.000000;1108;2023-05-18 10:38:03.5778;0.000000;0.000000;0.000000;0.000000;0.000000
0.000000;0.000000;0.000000;0.000000;0.000000;0.000000;NA;0.000000;9534;91;0.000000;Nummer2;0.000000;0.000000;0.000000;0.000000;0.000000;0.000000;0.000000;0.000000;1.000000;0.000000;0.000000;0.000000;0.000000;0.000000;0.000000;0.000000;0.000000;0.000000;0.000000;0.000000;0.000000;4332d372-f249-41c5-903d-404cd93a7529;TRUE;0.000000;1121;2023-05-18 10:38:03.5913;0.000000;0.000000;0.000000;0.000000;0.000000
0.000000;0.000000;0.000000;0.000000;0.000000;0.000000;NA;0.000000;9535;92;0.000000;Nummer2;0.000000;0.000000;0.000000;0.000000;0.000000;0.000000;0.000000;0.000000;1.000000;0.000000;0.000000;0.000000;0.000000;0.000000;0.000000;0.000000;0.000000;0.000000;0.000000;0.000000;0.000000;4332d372-f249-41c5-903d-404cd93a7529;TRUE;0.000000;1140;2023-05-18 10:38:03.6090;0.000000;0.000000;0.000000;0.000000;0.000000
0.000000;0.000000;0.000000;0.000000;0.000000;0.000000;NA;0.000000;9536;93;0.000000;Nummer2;0.000000;0.000000;0.000000;0.000000;0.000000;0.000000;0.000000;0.000000;1.000000;0.000000;0.000000;0.000000;0.000000;0.000000;0.000000;0.000000;0.000000;0.000000;0.000000;0.000000;0.000000;4332d372-f249-41c5-903d-404cd93a7529;TRUE;0.000000;1152;2023-05-18 10:38:03.6207;0.000000;0.000000;0.000000;0.000000;0.000000
0.000000;0.000000;0.000000;0.000000;0.000000;0.000000;NA;0.000000;9537;94;0.000000;Nummer2;0.000000;0.000000;0.000000;0.000000;0.000000;0.000000;0.000000;0.000000;1.000000;0.000000;0.000000;0.000000;0.000000;0.000000;0.000000;0.000000;0.000000;0.000000;0.000000;0.000000;0.000000;4332d372-f249-41c5-903d-404cd93a7529;TRUE;0.000000;1163;2023-05-18 10:38:03.6314;0.000000;0.000000;0.000000;0.000000;0.000000
0.000000;0.000000;0.000000;0.000000;0.000000;0.000000;NA;0.000000;9538;95;0.000000;Nummer2;0.000000;0.000000;0.000000;0.000000;0.000000;0.000000;0.000000;0.000000;1.000000;0.000000;0.000000;0.000000;0.000000;0.000000;0.000000;0.000000;0.000000;0.000000;0.000000;0.000000;0.000000;4332d372-f249-41c5-903d-404cd93a7529;TRUE;0.000000;1174;2023-05-18 10:38:03.6431;0.000000;0.000000;0.000000;0.000000;0.000000
0.000000;0.000000;0.000000;0.000000;0.000000;0.000000;NA;0.000000;9539;96;0.000000;Nummer2;0.000000;0.000000;0.000000;0.000000;0.000000;0.000000;0.000000;0.000000;1.000000;0.000000;0.000000;0.000000;0.000000;0.000000;0.000000;0.000000;0.000000;0.000000;0.000000;0.000000;0.000000;4332d372-f249-41c5-903d-404cd93a7529;TRUE;0.000000;1185;2023-05-18 10:38:03.6539;0.000000;0.000000;0.000000;0.000000;0.000000
0.000000;0.000000;0.000000;0.000000;0.000000;0.000000;NA;0.000000;9540;97;0.000000;Nummer2;0.000000;0.000000;0.000000;0.000000;0.000000;0.000000;0.000000;0.000000;1.000000;0.000000;0.000000;0.000000;0.000000;0.000000;0.000000;0.000000;0.000000;0.000000;0.000000;0.000000;0.000000;4332d372-f249-41c5-903d-404cd93a7529;TRUE;0.000000;1197;2023-05-18 10:38:03.6655;0.000000;0.000000;0.000000;0.000000;0.000000
0.000000;0.000000;0.000000;0.000000;0.000000;0.000000;NA;0.000000;9541;98;0.000000;Nummer2;0.000000;0.000000;0.000000;0.000000;0.000000;0.000000;0.000000;0.000000;1.000000;0.000000;0.000000;0.000000;0.000000;0.000000;0.000000;0.000000;0.000000;0.000000;0.000000;0.000000;0.000000;4332d372-f249-41c5-903d-404cd93a7529;TRUE;0.000000;1208;2023-05-18 10:38:03.6767;0.000000;0.000000;0.000000;0.000000;0.000000
0.000000;0.000000;0.000000;0.000000;0.000000;0.000000;NA;0.000000;9542;99;0.000000;Nummer2;0.000000;0.000000;0.000000;0.000000;0.000000;0.000000;0.000000;0.000000;1.000000;0.000000;0.000000;0.000000;0.000000;0.000000;0.000000;0.000000;0.000000;0.000000;0.000000;0.000000;0.000000;4332d372-f249-41c5-903d-404cd93a7529;TRUE;0.000000;1220;2023-05-18 10:38:03.6890;0.000000;0.000000;0.000000;0.000000;0.000000
0.000000;0.000000;0.000000;0.000000;0.000000;0.000000;NA;0.000000;9543;100;0.000000;Nummer2;0.000000;0.000000;0.000000;0.000000;0.000000;0.000000;0.000000;0.000000;1.000000;0.000000;0.000000;0.000000;0.000000;0.000000;0.000000;0.000000;0.000000;0.000000;0.000000;0.000000;0.000000;4332d372-f249-41c5-903d-404cd93a7529;TRUE;0.000000;1233;2023-05-18 10:38:03.7009;0.000000;0.000000;0.000000;0.000000;0.000000
0.000000;0.000000;0.000000;0.000000;0.000000;0.000000;NA;0.000000;9544;101;0.000000;Nummer2;0.000000;0.000000;0.000000;0.000000;0.000000;0.000000;0.000000;0.000000;1.000000;0.000000;0.000000;0.000000;0.000000;0.000000;0.000000;0.000000;0.000000;0.000000;0.000000;0.000000;0.000000;4332d372-f249-41c5-903d-404cd93a7529;TRUE;0.000000;1242;2023-05-18 10:38:03.7100;0.000000;0.000000;0.000000;0.000000;0.000000
0.000000;0.000000;0.000000;0.000000;0.000000;0.000000;NA;0.000000;9545;102;0.000000;Nummer2;0.000000;0.000000;0.000000;0.000000;0.000000;0.000000;0.000000;0.000000;1.000000;0.000000;0.000000;0.000000;0.000000;0.000000;0.000000;0.000000;0.000000;0.000000;0.000000;0.000000;0.000000;4332d372-f249-41c5-903d-404cd93a7529;TRUE;0.000000;1253;2023-05-18 10:38:03.7229;0.000000;0.000000;0.000000;0.000000;0.000000
0.000000;0.000000;0.000000;0.000000;0.000000;0.000000;NA;0.000000;9546;103;0.000000;Nummer2;0.000000;0.000000;0.000000;0.000000;0.000000;0.000000;0.000000;0.000000;1.000000;0.000000;0.000000;0.000000;0.000000;0.000000;0.000000;0.000000;0.000000;0.000000;0.000000;0.000000;0.000000;4332d372-f249-41c5-903d-404cd93a7529;TRUE;0.000000;1266;2023-05-18 10:38:03.7360;0.000000;0.000000;0.000000;0.000000;0.000000
0.000000;0.000000;0.000000;0.000000;0.000000;0.000000;NA;0.000000;9547;104;0.000000;Nummer2;0.000000;0.000000;0.000000;0.000000;0.000000;0.000000;0.000000;0.000000;1.000000;0.000000;0.000000;0.000000;0.000000;0.000000;0.000000;0.000000;0.000000;0.000000;0.000000;0.000000;0.000000;4332d372-f249-41c5-903d-404cd93a7529;TRUE;0.000000;1278;2023-05-18 10:38:03.7469;0.000000;0.000000;0.000000;0.000000;0.000000
0.000000;0.000000;0.000000;0.000000;0.000000;0.000000;NA;0.000000;9548;105;0.000000;Nummer2;0.000000;0.000000;0.000000;0.000000;0.000000;0.000000;0.000000;0.000000;1.000000;0.000000;0.000000;0.000000;0.000000;0.000000;0.000000;0.000000;0.000000;0.000000;0.000000;0.000000;0.000000;4332d372-f249-41c5-903d-404cd93a7529;TRUE;0.000000;1287;2023-05-18 10:38:03.7568;0.000000;0.000000;0.000000;0.000000;0.000000
0.000000;0.000000;0.000000;0.000000;0.000000;0.000000;NA;0.000000;9549;106;0.000000;Nummer2;0.000000;0.000000;0.000000;0.000000;0.000000;0.000000;0.000000;0.000000;1.000000;0.000000;0.000000;0.000000;0.000000;0.000000;0.000000;0.000000;0.000000;0.000000;0.000000;0.000000;0.000000;4332d372-f249-41c5-903d-404cd93a7529;TRUE;0.000000;1300;2023-05-18 10:38:03.7677;0.000000;0.000000;0.000000;0.000000;0.000000
0.000000;0.000000;0.000000;0.000000;0.000000;0.000000;NA;0.000000;9550;107;0.000000;Nummer2;0.000000;0.000000;0.000000;0.000000;0.000000;0.000000;0.000000;0.000000;1.000000;0.000000;0.000000;0.000000;0.000000;0.000000;0.000000;0.000000;0.000000;0.000000;0.000000;0.000000;0.000000;4332d372-f249-41c5-903d-404cd93a7529;TRUE;0.000000;1308;2023-05-18 10:38:03.7779;0.000000;0.000000;0.000000;0.000000;0.000000
0.000000;0.000000;0.000000;0.000000;0.000000;0.000000;NA;0.000000;9551;108;0.000000;Nummer2;0.000000;0.000000;0.000000;0.000000;0.000000;0.000000;0.000000;0.000000;1.000000;0.000000;0.000000;0.000000;0.000000;0.000000;0.000000;0.000000;0.000000;0.000000;0.000000;0.000000;0.000000;4332d372-f249-41c5-903d-404cd93a7529;TRUE;0.000000;1322;2023-05-18 10:38:03.7916;0.000000;0.000000;0.000000;0.000000;0.000000
0.000000;0.000000;0.000000;0.000000;0.000000;0.000000;NA;0.000000;9552;109;0.000000;Nummer2;0.000000;0.000000;0.000000;0.000000;0.000000;0.000000;0.000000;0.000000;1.000000;0.000000;0.000000;0.000000;0.000000;0.000000;0.000000;0.000000;0.000000;0.000000;0.000000;0.000000;0.000000;4332d372-f249-41c5-903d-404cd93a7529;TRUE;0.000000;1342;2023-05-18 10:38:03.8098;0.000000;0.000000;0.000000;0.000000;0.000000
0.000000;0.000000;0.000000;0.000000;0.000000;0.000000;NA;0.000000;9553;110;0.000000;Nummer2;0.000000;0.000000;0.000000;0.000000;0.000000;0.000000;0.000000;0.000000;1.000000;0.000000;0.000000;0.000000;0.000000;0.000000;0.000000;0.000000;0.000000;0.000000;0.000000;0.000000;0.000000;4332d372-f249-41c5-903d-404cd93a7529;TRUE;0.000000;1353;2023-05-18 10:38:03.8226;0.000000;0.000000;0.000000;0.000000;0.000000
0.000000;0.000000;0.000000;0.000000;0.000000;0.000000;NA;0.000000;9554;111;0.000000;Nummer2;0.000000;0.000000;0.000000;0.000000;0.000000;0.000000;0.000000;0.000000;1.000000;0.000000;0.000000;0.000000;0.000000;0.000000;0.000000;0.000000;0.000000;0.000000;0.000000;0.000000;0.000000;4332d372-f249-41c5-903d-404cd93a7529;TRUE;0.000000;1367;2023-05-18 10:38:03.8368;0.000000;0.000000;0.000000;0.000000;0.000000
0.000000;0.000000;0.000000;0.000000;0.000000;0.000000;NA;0.000000;9555;112;0.000000;Nummer2;0.000000;0.000000;0.000000;0.000000;0.000000;0.000000;0.000000;0.000000;1.000000;0.000000;0.000000;0.000000;0.000000;0.000000;0.000000;0.000000;0.000000;0.000000;0.000000;0.000000;0.000000;4332d372-f249-41c5-903d-404cd93a7529;TRUE;0.000000;1386;2023-05-18 10:38:03.8572;0.000000;0.000000;0.000000;0.000000;0.000000
0.000000;0.000000;0.000000;0.000000;0.000000;0.000000;NA;0.000000;9556;113;0.000000;Nummer2;0.000000;0.000000;0.000000;0.000000;0.000000;0.000000;0.000000;0.000000;1.000000;0.000000;0.000000;0.000000;0.000000;0.000000;0.000000;0.000000;0.000000;0.000000;0.000000;0.000000;0.000000;4332d372-f249-41c5-903d-404cd93a7529;TRUE;0.000000;1401;2023-05-18 10:38:03.8687;0.000000;0.000000;0.000000;0.000000;0.000000
0.000000;0.000000;0.000000;0.000000;0.000000;0.000000;NA;0.000000;9557;114;0.000000;Nummer2;0.000000;0.000000;0.000000;0.000000;0.000000;0.000000;0.000000;0.000000;1.000000;0.000000;0.000000;0.000000;0.000000;0.000000;0.000000;0.000000;0.000000;0.000000;0.000000;0.000000;0.000000;4332d372-f249-41c5-903d-404cd93a7529;TRUE;0.000000;1409;2023-05-18 10:38:03.8778;0.000000;0.000000;0.000000;0.000000;0.000000
0.000000;0.000000;0.000000;0.000000;0.000000;0.000000;NA;0.000000;9558;115;0.000000;Nummer2;0.000000;0.000000;0.000000;0.000000;0.000000;0.000000;0.000000;0.000000;1.000000;0.000000;0.000000;0.000000;0.000000;0.000000;0.000000;0.000000;0.000000;0.000000;0.000000;0.000000;0.000000;4332d372-f249-41c5-903d-404cd93a7529;TRUE;0.000000;1419;2023-05-18 10:38:03.8897;0.000000;0.000000;0.000000;0.000000;0.000000
0.000000;0.000000;0.000000;0.000000;0.000000;0.000000;NA;0.000000;9559;116;0.000000;Nummer2;0.000000;0.000000;0.000000;0.000000;0.000000;0.000000;0.000000;0.000000;1.000000;0.000000;0.000000;0.000000;0.000000;0.000000;0.000000;0.000000;0.000000;0.000000;0.000000;0.000000;0.000000;4332d372-f249-41c5-903d-404cd93a7529;TRUE;0.000000;1433;2023-05-18 10:38:03.9016;0.000000;0.000000;0.000000;0.000000;0.000000
0.000000;0.000000;0.000000;0.000000;0.000000;0.000000;NA;0.000000;9560;117;0.000000;Nummer2;0.000000;0.000000;0.000000;0.000000;0.000000;0.000000;0.000000;0.000000;1.000000;0.000000;0.000000;0.000000;0.000000;0.000000;0.000000;0.000000;0.000000;0.000000;0.000000;0.000000;0.000000;4332d372-f249-41c5-903d-404cd93a7529;TRUE;0.000000;1442;2023-05-18 10:38:03.9108;0.000000;0.000000;0.000000;0.000000;0.000000
0.000000;0.000000;0.000000;0.000000;0.000000;0.000000;NA;0.000000;9561;118;0.000000;Nummer2;0.000000;0.000000;0.000000;0.000000;0.000000;0.000000;0.000000;0.000000;1.000000;0.000000;0.000000;0.000000;0.000000;0.000000;0.000000;0.000000;0.000000;0.000000;0.000000;0.000000;0.000000;4332d372-f249-41c5-903d-404cd93a7529;TRUE;0.000000;1453;2023-05-18 10:38:03.9215;0.000000;0.000000;0.000000;0.000000;0.000000
0.000000;0.000000;0.000000;0.000000;0.000000;0.000000;NA;0.000000;9562;119;0.000000;Nummer2;0.000000;0.000000;0.000000;0.000000;0.000000;0.000000;0.000000;0.000000;1.000000;0.000000;0.000000;0.000000;0.000000;0.000000;0.000000;0.000000;0.000000;0.000000;0.000000;0.000000;0.000000;4332d372-f249-41c5-903d-404cd93a7529;TRUE;0.000000;1464;2023-05-18 10:38:03.9326;0.000000;0.000000;0.000000;0.000000;0.000000
0.000000;0.000000;0.000000;0.000000;0.000000;0.000000;NA;0.000000;9563;120;0.000000;Nummer2;0.000000;0.000000;0.000000;0.000000;0.000000;0.000000;0.000000;0.000000;1.000000;0.000000;0.000000;0.000000;0.000000;0.000000;0.000000;0.000000;0.000000;0.000000;0.000000;0.000000;0.000000;4332d372-f249-41c5-903d-404cd93a7529;TRUE;0.000000;1475;2023-05-18 10:38:03.9438;0.000000;0.000000;0.000000;0.000000;0.000000
0.000000;0.000000;0.000000;0.000000;0.000000;0.000000;NA;0.000000;9564;121;0.000000;Nummer2;0.000000;0.000000;0.000000;0.000000;0.000000;0.000000;0.000000;0.000000;1.000000;0.000000;0.000000;0.000000;0.000000;0.000000;0.000000;0.000000;0.000000;0.000000;0.000000;0.000000;0.000000;4332d372-f249-41c5-903d-404cd93a7529;TRUE;0.000000;1487;2023-05-18 10:38:03.9570;0.000000;0.000000;0.000000;0.000000;0.000000
0.000000;0.000000;0.000000;0.000000;0.000000;0.000000;NA;0.000000;9565;122;0.000000;Nummer2;0.000000;0.000000;0.000000;0.000000;0.000000;0.000000;0.000000;0.000000;1.000000;0.000000;0.000000;0.000000;0.000000;0.000000;0.000000;0.000000;0.000000;0.000000;0.000000;0.000000;0.000000;4332d372-f249-41c5-903d-404cd93a7529;TRUE;0.000000;1500;2023-05-18 10:38:03.9699;0.000000;0.000000;0.000000;0.000000;0.000000
0.000000;0.000000;0.000000;0.000000;0.000000;0.000000;NA;0.000000;9566;123;0.000000;Nummer2;0.000000;0.000000;0.000000;0.000000;0.000000;0.000000;0.000000;0.000000;1.000000;0.000000;0.000000;0.000000;0.000000;0.000000;0.000000;0.000000;0.000000;0.000000;0.000000;0.000000;0.000000;4332d372-f249-41c5-903d-404cd93a7529;TRUE;0.000000;1512;2023-05-18 10:38:03.9808;0.000000;0.000000;0.000000;0.000000;0.000000
0.000000;0.000000;0.000000;0.000000;0.000000;0.000000;NA;0.000000;9567;124;0.000000;Nummer2;0.000000;0.000000;0.000000;0.000000;0.000000;0.000000;0.000000;0.000000;1.000000;0.000000;0.000000;0.000000;0.000000;0.000000;0.000000;0.000000;0.000000;0.000000;0.000000;0.000000;0.000000;4332d372-f249-41c5-903d-404cd93a7529;TRUE;0.000000;1521;2023-05-18 10:38:03.9901;0.000000;0.000000;0.000000;0.000000;0.000000
0.000000;0.000000;0.000000;0.000000;0.000000;0.000000;NA;0.000000;9568;125;0.000000;Nummer2;0.000000;0.000000;0.000000;0.000000;0.000000;0.000000;0.000000;0.000000;1.000000;0.000000;0.000000;0.000000;0.000000;0.000000;0.000000;0.000000;0.000000;0.000000;0.000000;0.000000;0.000000;4332d372-f249-41c5-903d-404cd93a7529;TRUE;0.000000;1534;2023-05-18 10:38:04.0047;0.000000;0.000000;0.000000;0.000000;0.000000
0.000000;0.000000;0.000000;0.000000;0.000000;0.000000;NA;0.000000;9569;126;0.000000;Nummer2;0.000000;0.000000;0.000000;0.000000;0.000000;0.000000;0.000000;0.000000;1.000000;0.000000;0.000000;0.000000;0.000000;0.000000;0.000000;0.000000;0.000000;0.000000;0.000000;0.000000;0.000000;4332d372-f249-41c5-903d-404cd93a7529;TRUE;0.000000;1553;2023-05-18 10:38:04.0229;0.000000;0.000000;0.000000;0.000000;0.000000
0.000000;0.000000;0.000000;0.000000;0.000000;0.000000;NA;0.000000;9570;127;0.000000;Nummer2;0.000000;0.000000;0.000000;0.000000;0.000000;0.000000;0.000000;0.000000;1.000000;0.000000;0.000000;0.000000;0.000000;0.000000;0.000000;0.000000;0.000000;0.000000;0.000000;0.000000;0.000000;4332d372-f249-41c5-903d-404cd93a7529;TRUE;0.000000;1567;2023-05-18 10:38:04.0355;0.000000;0.000000;0.000000;0.000000;0.000000
0.000000;0.000000;0.000000;0.000000;0.000000;0.000000;NA;0.000000;9571;128;0.000000;Nummer2;0.000000;0.000000;0.000000;0.000000;0.000000;0.000000;0.000000;0.000000;1.000000;0.000000;0.000000;0.000000;0.000000;0.000000;0.000000;0.000000;0.000000;0.000000;0.000000;0.000000;0.000000;4332d372-f249-41c5-903d-404cd93a7529;TRUE;0.000000;1576;2023-05-18 10:38:04.0459;0.000000;0.000000;0.000000;0.000000;0.000000
0.000000;0.000000;0.000000;0.000000;0.000000;0.000000;NA;0.000000;9572;129;0.000000;Nummer2;0.000000;0.000000;0.000000;0.000000;0.000000;0.000000;0.000000;0.000000;1.000000;0.000000;0.000000;0.000000;0.000000;0.000000;0.000000;0.000000;0.000000;0.000000;0.000000;0.000000;0.000000;4332d372-f249-41c5-903d-404cd93a7529;TRUE;0.000000;1589;2023-05-18 10:38:04.0584;0.000000;0.000000;0.000000;0.000000;0.000000
0.000000;0.000000;0.000000;0.000000;0.000000;0.000000;NA;0.000000;9573;130;0.000000;Nummer2;0.000000;0.000000;0.000000;0.000000;0.000000;0.000000;0.000000;0.000000;1.000000;0.000000;0.000000;0.000000;0.000000;0.000000;0.000000;0.000000;0.000000;0.000000;0.000000;0.000000;0.000000;4332d372-f249-41c5-903d-404cd93a7529;TRUE;0.000000;1608;2023-05-18 10:38:04.0776;0.000000;0.000000;0.000000;0.000000;0.000000
0.000000;0.000000;0.000000;0.000000;0.000000;0.000000;NA;0.000000;9574;131;0.000000;Nummer2;0.000000;0.000000;0.000000;0.000000;0.000000;0.000000;0.000000;0.000000;1.000000;0.000000;0.000000;0.000000;0.000000;0.000000;0.000000;0.000000;0.000000;0.000000;0.000000;0.000000;0.000000;4332d372-f249-41c5-903d-404cd93a7529;TRUE;0.000000;1622;2023-05-18 10:38:04.0912;0.000000;0.000000;0.000000;0.000000;0.000000
0.000000;0.000000;0.000000;0.000000;0.000000;0.000000;NA;0.000000;9575;132;0.000000;Nummer2;0.000000;0.000000;0.000000;0.000000;0.000000;0.000000;0.000000;0.000000;1.000000;0.000000;0.000000;0.000000;0.000000;0.000000;0.000000;0.000000;0.000000;0.000000;0.000000;0.000000;0.000000;4332d372-f249-41c5-903d-404cd93a7529;TRUE;0.000000;1631;2023-05-18 10:38:04.0998;0.000000;0.000000;0.000000;0.000000;0.000000
0.000000;0.000000;0.000000;0.000000;0.000000;0.000000;NA;0.000000;9576;133;0.000000;Nummer2;0.000000;0.000000;0.000000;0.000000;0.000000;0.000000;0.000000;0.000000;1.000000;0.000000;0.000000;0.000000;0.000000;0.000000;0.000000;0.000000;0.000000;0.000000;0.000000;0.000000;0.000000;4332d372-f249-41c5-903d-404cd93a7529;TRUE;0.000000;1642;2023-05-18 10:38:04.1116;0.000000;0.000000;0.000000;0.000000;0.000000
0.000000;0.000000;0.000000;0.000000;0.000000;0.000000;NA;0.000000;9577;134;0.000000;Nummer2;0.000000;0.000000;0.000000;0.000000;0.000000;0.000000;0.000000;0.000000;1.000000;0.000000;0.000000;0.000000;0.000000;0.000000;0.000000;0.000000;0.000000;0.000000;0.000000;0.000000;0.000000;4332d372-f249-41c5-903d-404cd93a7529;TRUE;0.000000;1655;2023-05-18 10:38:04.1235;0.000000;0.000000;0.000000;0.000000;0.000000
0.000000;0.000000;0.000000;0.000000;0.000000;0.000000;NA;0.000000;9578;135;0.000000;Nummer2;0.000000;0.000000;0.000000;0.000000;0.000000;0.000000;0.000000;0.000000;1.000000;0.000000;0.000000;0.000000;0.000000;0.000000;0.000000;0.000000;0.000000;0.000000;0.000000;0.000000;0.000000;4332d372-f249-41c5-903d-404cd93a7529;TRUE;0.000000;1664;2023-05-18 10:38:04.1327;0.000000;0.000000;0.000000;0.000000;0.000000
0.000000;0.000000;0.000000;0.000000;0.000000;0.000000;NA;0.000000;9579;136;0.000000;Nummer2;0.000000;0.000000;0.000000;0.000000;0.000000;0.000000;0.000000;0.000000;1.000000;0.000000;0.000000;0.000000;0.000000;0.000000;0.000000;0.000000;0.000000;0.000000;0.000000;0.000000;0.000000;4332d372-f249-41c5-903d-404cd93a7529;TRUE;0.000000;1675;2023-05-18 10:38:04.1438;0.000000;0.000000;0.000000;0.000000;0.000000
0.000000;0.000000;0.000000;0.000000;0.000000;0.000000;NA;0.000000;9580;137;0.000000;Nummer2;0.000000;0.000000;0.000000;0.000000;0.000000;0.000000;0.000000;0.000000;1.000000;0.000000;0.000000;0.000000;0.000000;0.000000;0.000000;0.000000;0.000000;0.000000;0.000000;0.000000;0.000000;4332d372-f249-41c5-903d-404cd93a7529;TRUE;0.000000;1687;2023-05-18 10:38:04.1545;0.000000;0.000000;0.000000;0.000000;0.000000
0.000000;0.000000;0.000000;0.000000;0.000000;0.000000;NA;0.000000;9581;138;0.000000;Nummer2;0.000000;0.000000;0.000000;0.000000;0.000000;0.000000;0.000000;0.000000;1.000000;0.000000;0.000000;0.000000;0.000000;0.000000;0.000000;0.000000;0.000000;0.000000;0.000000;0.000000;0.000000;4332d372-f249-41c5-903d-404cd93a7529;TRUE;0.000000;1698;2023-05-18 10:38:04.1667;0.000000;0.000000;0.000000;0.000000;0.000000
0.000000;0.000000;0.000000;0.000000;0.000000;0.000000;NA;0.000000;9582;139;0.000000;Nummer2;0.000000;0.000000;0.000000;0.000000;0.000000;0.000000;0.000000;0.000000;1.000000;0.000000;0.000000;0.000000;0.000000;0.000000;0.000000;0.000000;0.000000;0.000000;0.000000;0.000000;0.000000;4332d372-f249-41c5-903d-404cd93a7529;TRUE;0.000000;1709;2023-05-18 10:38:04.1789;0.000000;0.000000;0.000000;0.000000;0.000000
0.000000;0.000000;0.000000;0.000000;0.000000;0.000000;NA;0.000000;9583;140;0.000000;Nummer2;0.000000;0.000000;0.000000;0.000000;0.000000;0.000000;0.000000;0.000000;1.000000;0.000000;0.000000;0.000000;0.000000;0.000000;0.000000;0.000000;0.000000;0.000000;0.000000;0.000000;0.000000;4332d372-f249-41c5-903d-404cd93a7529;TRUE;0.000000;1723;2023-05-18 10:38:04.1915;0.000000;0.000000;0.000000;0.000000;0.000000
0.000000;0.000000;0.000000;0.000000;0.000000;0.000000;NA;0.000000;9584;141;0.000000;Nummer2;0.000000;0.000000;0.000000;0.000000;0.000000;0.000000;0.000000;0.000000;1.000000;0.000000;0.000000;0.000000;0.000000;0.000000;0.000000;0.000000;0.000000;0.000000;0.000000;0.000000;0.000000;4332d372-f249-41c5-903d-404cd93a7529;TRUE;0.000000;1732;2023-05-18 10:38:04.2006;0.000000;0.000000;0.000000;0.000000;0.000000
0.000000;0.000000;0.000000;0.000000;0.000000;0.000000;NA;0.000000;9585;142;0.000000;Nummer2;0.000000;0.000000;0.000000;0.000000;0.000000;0.000000;0.000000;0.000000;1.000000;0.000000;0.000000;0.000000;0.000000;0.000000;0.000000;0.000000;0.000000;0.000000;0.000000;0.000000;0.000000;4332d372-f249-41c5-903d-404cd93a7529;TRUE;0.000000;1743;2023-05-18 10:38:04.2113;0.000000;0.000000;0.000000;0.000000;0.000000
0.000000;0.000000;0.000000;0.000000;0.000000;0.000000;NA;0.000000;9586;143;0.000000;Nummer2;0.000000;0.000000;0.000000;0.000000;0.000000;0.000000;0.000000;0.000000;1.000000;0.000000;0.000000;0.000000;0.000000;0.000000;0.000000;0.000000;0.000000;0.000000;0.000000;0.000000;0.000000;4332d372-f249-41c5-903d-404cd93a7529;TRUE;0.000000;1754;2023-05-18 10:38:04.2225;0.000000;0.000000;0.000000;0.000000;0.000000
0.000000;0.000000;0.000000;0.000000;0.000000;0.000000;NA;0.000000;9587;144;0.000000;Nummer2;0.000000;0.000000;0.000000;0.000000;0.000000;0.000000;0.000000;0.000000;1.000000;0.000000;0.000000;0.000000;0.000000;0.000000;0.000000;0.000000;0.000000;0.000000;0.000000;0.000000;0.000000;4332d372-f249-41c5-903d-404cd93a7529;TRUE;0.000000;1765;2023-05-18 10:38:04.2348;0.000000;0.000000;0.000000;0.000000;0.000000
0.000000;0.000000;0.000000;0.000000;0.000000;0.000000;NA;0.000000;9588;145;0.000000;Nummer2;0.000000;0.000000;0.000000;0.000000;0.000000;0.000000;0.000000;0.000000;1.000000;0.000000;0.000000;0.000000;0.000000;0.000000;0.000000;0.000000;0.000000;0.000000;0.000000;0.000000;0.000000;4332d372-f249-41c5-903d-404cd93a7529;TRUE;0.000000;1779;2023-05-18 10:38:04.2467;0.000000;0.000000;0.000000;0.000000;0.000000
0.000000;0.000000;0.000000;0.000000;0.000000;0.000000;NA;0.000000;9589;146;0.000000;Nummer2;0.000000;0.000000;0.000000;0.000000;0.000000;0.000000;0.000000;0.000000;1.000000;0.000000;0.000000;0.000000;0.000000;0.000000;0.000000;0.000000;0.000000;0.000000;0.000000;0.000000;0.000000;4332d372-f249-41c5-903d-404cd93a7529;TRUE;0.000000;1788;2023-05-18 10:38:04.2580;0.000000;0.000000;0.000000;0.000000;0.000000
0.000000;0.000000;0.000000;0.000000;0.000000;0.000000;NA;0.000000;9590;147;0.000000;Nummer2;0.000000;0.000000;0.000000;0.000000;0.000000;0.000000;0.000000;0.000000;1.000000;0.000000;0.000000;0.000000;0.000000;0.000000;0.000000;0.000000;0.000000;0.000000;0.000000;0.000000;0.000000;4332d372-f249-41c5-903d-404cd93a7529;TRUE;0.000000;1801;2023-05-18 10:38:04.2689;0.000000;0.000000;0.000000;0.000000;0.000000
0.000000;0.000000;0.000000;0.000000;0.000000;0.000000;NA;0.000000;9591;148;0.000000;Nummer2;0.000000;0.000000;0.000000;0.000000;0.000000;0.000000;0.000000;0.000000;1.000000;0.000000;0.000000;0.000000;0.000000;0.000000;0.000000;0.000000;0.000000;0.000000;0.000000;0.000000;0.000000;4332d372-f249-41c5-903d-404cd93a7529;TRUE;0.000000;1810;2023-05-18 10:38:04.2785;0.000000;0.000000;0.000000;0.000000;0.000000
0.000000;0.000000;0.000000;0.000000;0.000000;0.000000;NA;0.000000;9592;149;0.000000;Nummer2;0.000000;0.000000;0.000000;0.000000;0.000000;0.000000;0.000000;0.000000;1.000000;0.000000;0.000000;0.000000;0.000000;0.000000;0.000000;0.000000;0.000000;0.000000;0.000000;0.000000;0.000000;4332d372-f249-41c5-903d-404cd93a7529;TRUE;0.000000;1822;2023-05-18 10:38:04.2918;0.000000;0.000000;0.000000;0.000000;0.000000
0.000000;0.000000;0.000000;0.000000;0.000000;0.000000;NA;0.000000;9593;150;0.000000;Nummer2;0.000000;0.000000;0.000000;0.000000;0.000000;0.000000;0.000000;0.000000;1.000000;0.000000;0.000000;0.000000;0.000000;0.000000;0.000000;0.000000;0.000000;0.000000;0.000000;0.000000;0.000000;4332d372-f249-41c5-903d-404cd93a7529;TRUE;0.000000;1835;2023-05-18 10:38:04.3038;0.000000;0.000000;0.000000;0.000000;0.000000
0.000000;0.000000;0.000000;0.000000;0.000000;0.000000;NA;0.000000;9594;151;0.000000;Nummer2;0.000000;0.000000;0.000000;0.000000;0.000000;0.000000;0.000000;0.000000;1.000000;0.000000;0.000000;0.000000;0.000000;0.000000;0.000000;0.000000;0.000000;0.000000;0.000000;0.000000;0.000000;4332d372-f249-41c5-903d-404cd93a7529;TRUE;0.000000;1843;2023-05-18 10:38:04.3114;0.000000;0.000000;0.000000;0.000000;0.000000
0.000000;0.000000;0.000000;0.000000;0.000000;0.000000;NA;0.000000;9595;152;0.000000;Nummer2;0.000000;0.000000;0.000000;0.000000;0.000000;0.000000;0.000000;0.000000;1.000000;0.000000;0.000000;0.000000;0.000000;0.000000;0.000000;0.000000;0.000000;0.000000;0.000000;0.000000;0.000000;4332d372-f249-41c5-903d-404cd93a7529;TRUE;0.000000;1854;2023-05-18 10:38:04.3237;0.000000;0.000000;0.000000;0.000000;0.000000
0.000000;0.000000;0.000000;0.000000;0.000000;0.000000;NA;0.000000;9596;153;0.000000;Nummer2;0.000000;0.000000;0.000000;0.000000;0.000000;0.000000;0.000000;0.000000;1.000000;0.000000;0.000000;0.000000;0.000000;0.000000;0.000000;0.000000;0.000000;0.000000;0.000000;0.000000;0.000000;4332d372-f249-41c5-903d-404cd93a7529;TRUE;0.000000;1868;2023-05-18 10:38:04.3367;0.000000;0.000000;0.000000;0.000000;0.000000
0.000000;0.000000;0.000000;0.000000;0.000000;0.000000;NA;0.000000;9597;154;0.000000;Nummer2;0.000000;0.000000;0.000000;0.000000;0.000000;0.000000;0.000000;0.000000;1.000000;0.000000;0.000000;0.000000;0.000000;0.000000;0.000000;0.000000;0.000000;0.000000;0.000000;0.000000;0.000000;4332d372-f249-41c5-903d-404cd93a7529;TRUE;0.000000;1877;2023-05-18 10:38:04.3449;0.000000;0.000000;0.000000;0.000000;0.000000
0.000000;0.000000;0.000000;0.000000;0.000000;0.000000;NA;0.000000;9598;155;0.000000;Nummer2;0.000000;0.000000;0.000000;0.000000;0.000000;0.000000;0.000000;0.000000;1.000000;0.000000;0.000000;0.000000;0.000000;0.000000;0.000000;0.000000;0.000000;0.000000;0.000000;0.000000;0.000000;4332d372-f249-41c5-903d-404cd93a7529;TRUE;0.000000;1887;2023-05-18 10:38:04.3560;0.000000;0.000000;0.000000;0.000000;0.000000
0.000000;0.000000;0.000000;0.000000;0.000000;0.000000;NA;0.000000;9599;156;0.000000;Nummer2;0.000000;0.000000;0.000000;0.000000;0.000000;0.000000;0.000000;0.000000;1.000000;0.000000;0.000000;0.000000;0.000000;0.000000;0.000000;0.000000;0.000000;0.000000;0.000000;0.000000;0.000000;4332d372-f249-41c5-903d-404cd93a7529;TRUE;0.000000;1898;2023-05-18 10:38:04.3668;0.000000;0.000000;0.000000;0.000000;0.000000
0.000000;0.000000;0.000000;0.000000;0.000000;0.000000;NA;0.000000;9600;157;0.000000;Nummer2;0.000000;0.000000;0.000000;0.000000;0.000000;0.000000;0.000000;0.000000;1.000000;0.000000;0.000000;0.000000;0.000000;0.000000;0.000000;0.000000;0.000000;0.000000;0.000000;0.000000;0.000000;4332d372-f249-41c5-903d-404cd93a7529;TRUE;0.000000;1910;2023-05-18 10:38:04.3779;0.000000;0.000000;0.000000;0.000000;0.000000
0.000000;0.000000;0.000000;0.000000;0.000000;0.000000;NA;0.000000;9601;158;0.000000;Nummer2;0.000000;0.000000;0.000000;0.000000;0.000000;0.000000;0.000000;0.000000;1.000000;0.000000;0.000000;0.000000;0.000000;0.000000;0.000000;0.000000;0.000000;0.000000;0.000000;0.000000;0.000000;4332d372-f249-41c5-903d-404cd93a7529;TRUE;0.000000;1921;2023-05-18 10:38:04.3893;0.000000;0.000000;0.000000;0.000000;0.000000
0.000000;0.000000;0.000000;0.000000;0.000000;0.000000;NA;0.000000;9602;159;0.000000;Nummer2;0.000000;0.000000;0.000000;0.000000;0.000000;0.000000;0.000000;0.000000;1.000000;0.000000;0.000000;0.000000;0.000000;0.000000;0.000000;0.000000;0.000000;0.000000;0.000000;0.000000;0.000000;4332d372-f249-41c5-903d-404cd93a7529;TRUE;0.000000;1932;2023-05-18 10:38:04.4025;0.000000;0.000000;0.000000;0.000000;0.000000
0.000000;0.000000;0.000000;0.000000;0.000000;0.000000;NA;0.000000;9603;160;0.000000;Nummer2;0.000000;0.000000;0.000000;0.000000;0.000000;0.000000;0.000000;0.000000;1.000000;0.000000;0.000000;0.000000;0.000000;0.000000;0.000000;0.000000;0.000000;0.000000;0.000000;0.000000;0.000000;4332d372-f249-41c5-903d-404cd93a7529;TRUE;0.000000;1946;2023-05-18 10:38:04.4135;0.000000;0.000000;0.000000;0.000000;0.000000
0.000000;0.000000;0.000000;0.000000;0.000000;0.000000;NA;0.000000;9604;161;0.000000;Nummer2;0.000000;0.000000;0.000000;0.000000;0.000000;0.000000;0.000000;0.000000;1.000000;0.000000;0.000000;0.000000;0.000000;0.000000;0.000000;0.000000;0.000000;0.000000;0.000000;0.000000;0.000000;4332d372-f249-41c5-903d-404cd93a7529;TRUE;0.000000;1955;2023-05-18 10:38:04.4259;0.000000;0.000000;0.000000;0.000000;0.000000
0.000000;0.000000;0.000000;0.000000;0.000000;0.000000;NA;0.000000;9605;162;0.000000;Nummer2;0.000000;0.000000;0.000000;0.000000;0.000000;0.000000;0.000000;0.000000;1.000000;0.000000;0.000000;0.000000;0.000000;0.000000;0.000000;0.000000;0.000000;0.000000;0.000000;0.000000;0.000000;4332d372-f249-41c5-903d-404cd93a7529;TRUE;0.000000;1969;2023-05-18 10:38:04.4380;0.000000;0.000000;0.000000;0.000000;0.000000
0.000000;0.000000;0.000000;0.000000;0.000000;0.000000;NA;0.000000;9606;163;0.000000;Nummer2;0.000000;0.000000;0.000000;0.000000;0.000000;0.000000;0.000000;0.000000;1.000000;0.000000;0.000000;0.000000;0.000000;0.000000;0.000000;0.000000;0.000000;0.000000;0.000000;0.000000;0.000000;4332d372-f249-41c5-903d-404cd93a7529;TRUE;0.000000;1988;2023-05-18 10:38:04.4580;0.000000;0.000000;0.000000;0.000000;0.000000
0.000000;0.000000;0.000000;0.000000;0.000000;0.000000;NA;0.000000;9607;164;0.000000;Nummer2;0.000000;0.000000;0.000000;0.000000;0.000000;0.000000;0.000000;0.000000;1.000000;0.000000;0.000000;0.000000;0.000000;0.000000;0.000000;0.000000;0.000000;0.000000;0.000000;0.000000;0.000000;4332d372-f249-41c5-903d-404cd93a7529;TRUE;0.000000;2001;2023-05-18 10:38:04.4701;0.000000;0.000000;0.000000;0.000000;0.000000
