A;Æ;B;C;D;E;Email;F;Framecount;FrameCount;G;Gesture;H;I;K;L;M;N;Nummer0;Nummer1;Nummer2;Nummer3;Nummer4;Nummer5;Nummer6;Nummer7;Nummer8;Nummer9;O;P;Q;R;S;SessionID;Success;T;Time;Timestamp;U;V;W;X;Y
0.000000;0.617867;0.000000;0.000000;0.000000;0.000000;NA;0.000000;7986;1;0.000000;Æ;0.000000;0.000000;0.000000;0.000000;0.000000;0.000000;0.000000;0.000000;0.000000;0.000000;0.000000;0.382133;0.000000;0.000000;0.000000;0.000000;0.000000;0.000000;0.000000;0.000000;0.000000;3ac73599-a4f5-4922-9f20-d803949eaed1;TRUE;0.000000;15;2023-05-18 10:25:28.7898;0.000000;0.000000;0.000000;0.000000;0.000000
0.000000;0.633291;0.000000;0.000000;0.000000;0.000000;NA;0.000000;7987;2;0.000000;Æ;0.000000;0.000000;0.000000;0.000000;0.000000;0.000000;0.000000;0.000000;0.000000;0.000000;0.000000;0.366709;0.000000;0.000000;0.000000;0.000000;0.000000;0.000000;0.000000;0.000000;0.000000;3ac73599-a4f5-4922-9f20-d803949eaed1;TRUE;0.000000;26;2023-05-18 10:25:28.8015;0.000000;0.000000;0.000000;0.000000;0.000000
0.000000;0.633900;0.000000;0.000000;0.000000;0.000000;NA;0.000000;7988;3;0.000000;Æ;0.000000;0.000000;0.000000;0.000000;0.000000;0.000000;0.000000;0.000000;0.000000;0.000000;0.000000;0.366100;0.000000;0.000000;0.000000;0.000000;0.000000;0.000000;0.000000;0.000000;0.000000;3ac73599-a4f5-4922-9f20-d803949eaed1;TRUE;0.000000;37;2023-05-18 10:25:28.8117;0.000000;0.000000;0.000000;0.000000;0.000000
0.000000;0.622214;0.000000;0.000000;0.000000;0.000000;NA;0.000000;7989;4;0.000000;Æ;0.000000;0.000000;0.000000;0.000000;0.000000;0.000000;0.000000;0.000000;0.000000;0.000000;0.000000;0.377786;0.000000;0.000000;0.000000;0.000000;0.000000;0.000000;0.000000;0.000000;0.000000;3ac73599-a4f5-4922-9f20-d803949eaed1;TRUE;0.000000;49;2023-05-18 10:25:28.8234;0.000000;0.000000;0.000000;0.000000;0.000000
0.000000;0.610951;0.000000;0.000000;0.000000;0.000000;NA;0.000000;7990;5;0.000000;Æ;0.000000;0.000000;0.000000;0.000000;0.000000;0.000000;0.000000;0.000000;0.000000;0.000000;0.000000;0.389049;0.000000;0.000000;0.000000;0.000000;0.000000;0.000000;0.000000;0.000000;0.000000;3ac73599-a4f5-4922-9f20-d803949eaed1;TRUE;0.000000;59;2023-05-18 10:25:28.8346;0.000000;0.000000;0.000000;0.000000;0.000000
0.000000;0.600198;0.000000;0.000000;0.000000;0.000000;NA;0.000000;7991;6;0.000000;Æ;0.000000;0.000000;0.000000;0.000000;0.000000;0.000000;0.000000;0.000000;0.000000;0.000000;0.000000;0.399802;0.000000;0.000000;0.000000;0.000000;0.000000;0.000000;0.000000;0.000000;0.000000;3ac73599-a4f5-4922-9f20-d803949eaed1;TRUE;0.000000;70;2023-05-18 10:25:28.8448;0.000000;0.000000;0.000000;0.000000;0.000000
0.000000;0.596948;0.000000;0.000000;0.000000;0.000000;NA;0.000000;7992;7;0.000000;Æ;0.000000;0.000000;0.000000;0.000000;0.000000;0.000000;0.000000;0.000000;0.000000;0.000000;0.000000;0.403052;0.000000;0.000000;0.000000;0.000000;0.000000;0.000000;0.000000;0.000000;0.000000;3ac73599-a4f5-4922-9f20-d803949eaed1;TRUE;0.000000;82;2023-05-18 10:25:28.8565;0.000000;0.000000;0.000000;0.000000;0.000000
0.000000;0.595884;0.000000;0.000000;0.000000;0.000000;NA;0.000000;7993;8;0.000000;Æ;0.000000;0.000000;0.000000;0.000000;0.000000;0.000000;0.000000;0.000000;0.000000;0.000000;0.000000;0.404116;0.000000;0.000000;0.000000;0.000000;0.000000;0.000000;0.000000;0.000000;0.000000;3ac73599-a4f5-4922-9f20-d803949eaed1;TRUE;0.000000;93;2023-05-18 10:25:28.8676;0.000000;0.000000;0.000000;0.000000;0.000000
0.000000;0.594271;0.000000;0.000000;0.000000;0.000000;NA;0.000000;7994;9;0.000000;Æ;0.000000;0.000000;0.000000;0.000000;0.000000;0.000000;0.000000;0.000000;0.000000;0.000000;0.000000;0.405729;0.000000;0.000000;0.000000;0.000000;0.000000;0.000000;0.000000;0.000000;0.000000;3ac73599-a4f5-4922-9f20-d803949eaed1;TRUE;0.000000;104;2023-05-18 10:25:28.8788;0.000000;0.000000;0.000000;0.000000;0.000000
0.000000;0.591790;0.000000;0.000000;0.000000;0.000000;NA;0.000000;7995;10;0.000000;Æ;0.000000;0.000000;0.000000;0.000000;0.000000;0.000000;0.000000;0.000000;0.000000;0.000000;0.000000;0.408210;0.000000;0.000000;0.000000;0.000000;0.000000;0.000000;0.000000;0.000000;0.000000;3ac73599-a4f5-4922-9f20-d803949eaed1;TRUE;0.000000;115;2023-05-18 10:25:28.8895;0.000000;0.000000;0.000000;0.000000;0.000000
0.000000;0.582396;0.000000;0.000000;0.000000;0.000000;NA;0.000000;7996;11;0.000000;Æ;0.000000;0.000000;0.000000;0.000000;0.000000;0.000000;0.000000;0.000000;0.000000;0.000000;0.000000;0.417603;0.000000;0.000000;0.000000;0.000000;0.000000;0.000000;0.000000;0.000000;0.000000;3ac73599-a4f5-4922-9f20-d803949eaed1;TRUE;0.000000;126;2023-05-18 10:25:28.9012;0.000000;0.000000;0.000000;0.000000;0.000000
0.000000;0.572529;0.000000;0.000000;0.000000;0.000000;NA;0.000000;7997;12;0.000000;Æ;0.000000;0.000000;0.000000;0.000000;0.000000;0.000000;0.000000;0.000000;0.000000;0.000000;0.000000;0.427471;0.000000;0.000000;0.000000;0.000000;0.000000;0.000000;0.000000;0.000000;0.000000;3ac73599-a4f5-4922-9f20-d803949eaed1;TRUE;0.000000;137;2023-05-18 10:25:28.9123;0.000000;0.000000;0.000000;0.000000;0.000000
0.000000;0.561455;0.000000;0.000000;0.000000;0.000000;NA;0.000000;7998;13;0.000000;Æ;0.000000;0.000000;0.000000;0.000000;0.000000;0.000000;0.000000;0.000000;0.000000;0.000000;0.000000;0.438545;0.000000;0.000000;0.000000;0.000000;0.000000;0.000000;0.000000;0.000000;0.000000;3ac73599-a4f5-4922-9f20-d803949eaed1;TRUE;0.000000;149;2023-05-18 10:25:28.9235;0.000000;0.000000;0.000000;0.000000;0.000000
0.000000;0.540623;0.000000;0.000000;0.000000;0.000000;NA;0.000000;7999;14;0.000000;Æ;0.000000;0.000000;0.000000;0.000000;0.000000;0.000000;0.000000;0.000000;0.000000;0.000000;0.000000;0.459377;0.000000;0.000000;0.000000;0.000000;0.000000;0.000000;0.000000;0.000000;0.000000;3ac73599-a4f5-4922-9f20-d803949eaed1;TRUE;0.000000;159;2023-05-18 10:25:28.9337;0.000000;0.000000;0.000000;0.000000;0.000000
0.000000;0.520579;0.000000;0.000000;0.000000;0.000000;NA;0.000000;8000;15;0.000000;Æ;0.000000;0.000000;0.000000;0.000000;0.000000;0.000000;0.000000;0.000000;0.000000;0.000000;0.000000;0.479421;0.000000;0.000000;0.000000;0.000000;0.000000;0.000000;0.000000;0.000000;0.000000;3ac73599-a4f5-4922-9f20-d803949eaed1;TRUE;0.000000;171;2023-05-18 10:25:28.9459;0.000000;0.000000;0.000000;0.000000;0.000000
0.000000;0.529231;0.000000;0.000000;0.000000;0.000000;NA;0.000000;8001;16;0.000000;Æ;0.000000;0.000000;0.000000;0.000000;0.000000;0.000000;0.000000;0.000000;0.000000;0.000000;0.000000;0.470769;0.000000;0.000000;0.000000;0.000000;0.000000;0.000000;0.000000;0.000000;0.000000;3ac73599-a4f5-4922-9f20-d803949eaed1;TRUE;0.000000;182;2023-05-18 10:25:28.9566;0.000000;0.000000;0.000000;0.000000;0.000000
0.000000;0.517978;0.000000;0.000000;0.000000;0.000000;NA;0.000000;8002;17;0.000000;Æ;0.000000;0.000000;0.000000;0.000000;0.000000;0.000000;0.000000;0.000000;0.000000;0.000000;0.000000;0.482021;0.000000;0.000000;0.000000;0.000000;0.000000;0.000000;0.000000;0.000000;0.000000;3ac73599-a4f5-4922-9f20-d803949eaed1;TRUE;0.000000;193;2023-05-18 10:25:28.9678;0.000000;0.000000;0.000000;0.000000;0.000000
0.000000;0.504509;0.000000;0.000000;0.000000;0.000000;NA;0.000000;8003;18;0.000000;Æ;0.000000;0.000000;0.000000;0.000000;0.000000;0.000000;0.000000;0.000000;0.000000;0.000000;0.000000;0.495491;0.000000;0.000000;0.000000;0.000000;0.000000;0.000000;0.000000;0.000000;0.000000;3ac73599-a4f5-4922-9f20-d803949eaed1;TRUE;0.000000;204;2023-05-18 10:25:28.9789;0.000000;0.000000;0.000000;0.000000;0.000000
0.000000;0.501625;0.000000;0.000000;0.000000;0.000000;NA;0.000000;8004;19;0.000000;Æ;0.000000;0.000000;0.000000;0.000000;0.000000;0.000000;0.000000;0.000000;0.000000;0.000000;0.000000;0.498375;0.000000;0.000000;0.000000;0.000000;0.000000;0.000000;0.000000;0.000000;0.000000;3ac73599-a4f5-4922-9f20-d803949eaed1;TRUE;0.000000;215;2023-05-18 10:25:28.9896;0.000000;0.000000;0.000000;0.000000;0.000000
0.000000;0.498887;0.000000;0.000000;0.000000;0.000000;NA;0.000000;8005;20;0.000000;Æ;0.000000;0.000000;0.000000;0.000000;0.000000;0.000000;0.000000;0.000000;0.000000;0.000000;0.000000;0.501113;0.000000;0.000000;0.000000;0.000000;0.000000;0.000000;0.000000;0.000000;0.000000;3ac73599-a4f5-4922-9f20-d803949eaed1;TRUE;0.000000;226;2023-05-18 10:25:29.0013;0.000000;0.000000;0.000000;0.000000;0.000000
0.000000;0.496182;0.000000;0.000000;0.000000;0.000000;NA;0.000000;8006;21;0.000000;Æ;0.000000;0.000000;0.000000;0.000000;0.000000;0.000000;0.000000;0.000000;0.000000;0.000000;0.000000;0.503818;0.000000;0.000000;0.000000;0.000000;0.000000;0.000000;0.000000;0.000000;0.000000;3ac73599-a4f5-4922-9f20-d803949eaed1;TRUE;0.000000;237;2023-05-18 10:25:29.0125;0.000000;0.000000;0.000000;0.000000;0.000000
0.000000;0.497333;0.000000;0.000000;0.000000;0.000000;NA;0.000000;8007;22;0.000000;Æ;0.000000;0.000000;0.000000;0.000000;0.000000;0.000000;0.000000;0.000000;0.000000;0.000000;0.000000;0.502667;0.000000;0.000000;0.000000;0.000000;0.000000;0.000000;0.000000;0.000000;0.000000;3ac73599-a4f5-4922-9f20-d803949eaed1;TRUE;0.000000;249;2023-05-18 10:25:29.0236;0.000000;0.000000;0.000000;0.000000;0.000000
0.000000;0.498802;0.000000;0.000000;0.000000;0.000000;NA;0.000000;8008;23;0.000000;Æ;0.000000;0.000000;0.000000;0.000000;0.000000;0.000000;0.000000;0.000000;0.000000;0.000000;0.000000;0.501198;0.000000;0.000000;0.000000;0.000000;0.000000;0.000000;0.000000;0.000000;0.000000;3ac73599-a4f5-4922-9f20-d803949eaed1;TRUE;0.000000;260;2023-05-18 10:25:29.0349;0.000000;0.000000;0.000000;0.000000;0.000000
0.000000;0.500557;0.000000;0.000000;0.000000;0.000000;NA;0.000000;8009;24;0.000000;Æ;0.000000;0.000000;0.000000;0.000000;0.000000;0.000000;0.000000;0.000000;0.000000;0.000000;0.000000;0.499443;0.000000;0.000000;0.000000;0.000000;0.000000;0.000000;0.000000;0.000000;0.000000;3ac73599-a4f5-4922-9f20-d803949eaed1;TRUE;0.000000;271;2023-05-18 10:25:29.0456;0.000000;0.000000;0.000000;0.000000;0.000000
0.000000;0.505800;0.000000;0.000000;0.000000;0.000000;NA;0.000000;8010;25;0.000000;Æ;0.000000;0.000000;0.000000;0.000000;0.000000;0.000000;0.000000;0.000000;0.000000;0.000000;0.000000;0.494200;0.000000;0.000000;0.000000;0.000000;0.000000;0.000000;0.000000;0.000000;0.000000;3ac73599-a4f5-4922-9f20-d803949eaed1;TRUE;0.000000;282;2023-05-18 10:25:29.0568;0.000000;0.000000;0.000000;0.000000;0.000000
0.000000;0.503055;0.000000;0.000000;0.000000;0.000000;NA;0.000000;8011;26;0.000000;Æ;0.000000;0.000000;0.000000;0.000000;0.000000;0.000000;0.000000;0.000000;0.000000;0.000000;0.000000;0.496944;0.000000;0.000000;0.000000;0.000000;0.000000;0.000000;0.000000;0.000000;0.000000;3ac73599-a4f5-4922-9f20-d803949eaed1;TRUE;0.000000;293;2023-05-18 10:25:29.0681;0.000000;0.000000;0.000000;0.000000;0.000000
0.000000;0.497865;0.000000;0.000000;0.000000;0.000000;NA;0.000000;8012;27;0.000000;Æ;0.000000;0.000000;0.000000;0.000000;0.000000;0.000000;0.000000;0.000000;0.000000;0.000000;0.000000;0.502134;0.000000;0.000000;0.000000;0.000000;0.000000;0.000000;0.000000;0.000000;0.000000;3ac73599-a4f5-4922-9f20-d803949eaed1;TRUE;0.000000;304;2023-05-18 10:25:29.0787;0.000000;0.000000;0.000000;0.000000;0.000000
0.000000;0.499175;0.000000;0.000000;0.000000;0.000000;NA;0.000000;8013;28;0.000000;Æ;0.000000;0.000000;0.000000;0.000000;0.000000;0.000000;0.000000;0.000000;0.000000;0.000000;0.000000;0.500825;0.000000;0.000000;0.000000;0.000000;0.000000;0.000000;0.000000;0.000000;0.000000;3ac73599-a4f5-4922-9f20-d803949eaed1;TRUE;0.000000;315;2023-05-18 10:25:29.0900;0.000000;0.000000;0.000000;0.000000;0.000000
0.000000;0.491277;0.000000;0.000000;0.000000;0.000000;NA;0.000000;8014;29;0.000000;Æ;0.000000;0.000000;0.000000;0.000000;0.000000;0.000000;0.000000;0.000000;0.000000;0.000000;0.000000;0.508723;0.000000;0.000000;0.000000;0.000000;0.000000;0.000000;0.000000;0.000000;0.000000;3ac73599-a4f5-4922-9f20-d803949eaed1;TRUE;0.000000;326;2023-05-18 10:25:29.1011;0.000000;0.000000;0.000000;0.000000;0.000000
0.000000;0.481537;0.000000;0.000000;0.000000;0.000000;NA;0.000000;8015;30;0.000000;Æ;0.000000;0.000000;0.000000;0.000000;0.000000;0.000000;0.000000;0.000000;0.000000;0.000000;0.000000;0.518463;0.000000;0.000000;0.000000;0.000000;0.000000;0.000000;0.000000;0.000000;0.000000;3ac73599-a4f5-4922-9f20-d803949eaed1;TRUE;0.000000;337;2023-05-18 10:25:29.1128;0.000000;0.000000;0.000000;0.000000;0.000000
0.000000;0.470370;0.000000;0.000000;0.000000;0.000000;NA;0.000000;8016;31;0.000000;Æ;0.000000;0.000000;0.000000;0.000000;0.000000;0.000000;0.000000;0.000000;0.000000;0.000000;0.000000;0.529630;0.000000;0.000000;0.000000;0.000000;0.000000;0.000000;0.000000;0.000000;0.000000;3ac73599-a4f5-4922-9f20-d803949eaed1;TRUE;0.000000;349;2023-05-18 10:25:29.1234;0.000000;0.000000;0.000000;0.000000;0.000000
0.000000;0.469167;0.000000;0.000000;0.000000;0.000000;NA;0.000000;8017;32;0.000000;Æ;0.000000;0.000000;0.000000;0.000000;0.000000;0.000000;0.000000;0.000000;0.000000;0.000000;0.000000;0.530833;0.000000;0.000000;0.000000;0.000000;0.000000;0.000000;0.000000;0.000000;0.000000;3ac73599-a4f5-4922-9f20-d803949eaed1;TRUE;0.000000;360;2023-05-18 10:25:29.1346;0.000000;0.000000;0.000000;0.000000;0.000000
0.000000;0.469335;0.000000;0.000000;0.000000;0.000000;NA;0.000000;8018;33;0.000000;Æ;0.000000;0.000000;0.000000;0.000000;0.000000;0.000000;0.000000;0.000000;0.000000;0.000000;0.000000;0.530665;0.000000;0.000000;0.000000;0.000000;0.000000;0.000000;0.000000;0.000000;0.000000;3ac73599-a4f5-4922-9f20-d803949eaed1;TRUE;0.000000;371;2023-05-18 10:25:29.1458;0.000000;0.000000;0.000000;0.000000;0.000000
0.000000;0.448724;0.000000;0.000000;0.000000;0.000000;NA;0.000000;8019;34;0.000000;Æ;0.000000;0.000000;0.000000;0.000000;0.000000;0.000000;0.000000;0.000000;0.000000;0.000000;0.000000;0.551276;0.000000;0.000000;0.000000;0.000000;0.000000;0.000000;0.000000;0.000000;0.000000;3ac73599-a4f5-4922-9f20-d803949eaed1;TRUE;0.000000;382;2023-05-18 10:25:29.1565;0.000000;0.000000;0.000000;0.000000;0.000000
0.000000;0.440285;0.000000;0.000000;0.000000;0.000000;NA;0.000000;8020;35;0.000000;Æ;0.000000;0.000000;0.000000;0.000000;0.000000;0.000000;0.000000;0.000000;0.000000;0.000000;0.000000;0.559714;0.000000;0.000000;0.000000;0.000000;0.000000;0.000000;0.000000;0.000000;0.000000;3ac73599-a4f5-4922-9f20-d803949eaed1;TRUE;0.000000;393;2023-05-18 10:25:29.1677;0.000000;0.000000;0.000000;0.000000;0.000000
0.000000;0.433213;0.000000;0.000000;0.000000;0.000000;NA;0.000000;8021;36;0.000000;Æ;0.000000;0.000000;0.000000;0.000000;0.000000;0.000000;0.000000;0.000000;0.000000;0.000000;0.000000;0.566787;0.000000;0.000000;0.000000;0.000000;0.000000;0.000000;0.000000;0.000000;0.000000;3ac73599-a4f5-4922-9f20-d803949eaed1;TRUE;0.000000;404;2023-05-18 10:25:29.1789;0.000000;0.000000;0.000000;0.000000;0.000000
0.000000;0.417244;0.000000;0.000000;0.000000;0.000000;NA;0.000000;8022;37;0.000000;Æ;0.000000;0.000000;0.000000;0.000000;0.000000;0.000000;0.000000;0.000000;0.000000;0.000000;0.000000;0.582756;0.000000;0.000000;0.000000;0.000000;0.000000;0.000000;0.000000;0.000000;0.000000;3ac73599-a4f5-4922-9f20-d803949eaed1;TRUE;0.000000;416;2023-05-18 10:25:29.1906;0.000000;0.000000;0.000000;0.000000;0.000000
0.000000;0.401025;0.000000;0.000000;0.000000;0.000000;NA;0.000000;8023;38;0.000000;Æ;0.000000;0.000000;0.000000;0.000000;0.000000;0.000000;0.000000;0.000000;0.000000;0.000000;0.000000;0.598975;0.000000;0.000000;0.000000;0.000000;0.000000;0.000000;0.000000;0.000000;0.000000;3ac73599-a4f5-4922-9f20-d803949eaed1;TRUE;0.000000;426;2023-05-18 10:25:29.2012;0.000000;0.000000;0.000000;0.000000;0.000000
0.000000;0.384664;0.000000;0.000000;0.000000;0.000000;NA;0.000000;8024;39;0.000000;Æ;0.000000;0.000000;0.000000;0.000000;0.000000;0.000000;0.000000;0.000000;0.000000;0.000000;0.000000;0.615335;0.000000;0.000000;0.000000;0.000000;0.000000;0.000000;0.000000;0.000000;0.000000;3ac73599-a4f5-4922-9f20-d803949eaed1;TRUE;0.000000;437;2023-05-18 10:25:29.2124;0.000000;0.000000;0.000000;0.000000;0.000000
0.000000;0.370382;0.000000;0.000000;0.000000;0.000000;NA;0.000000;8025;40;0.000000;Æ;0.000000;0.000000;0.000000;0.000000;0.000000;0.000000;0.000000;0.000000;0.000000;0.000000;0.000000;0.629618;0.000000;0.000000;0.000000;0.000000;0.000000;0.000000;0.000000;0.000000;0.000000;3ac73599-a4f5-4922-9f20-d803949eaed1;TRUE;0.000000;449;2023-05-18 10:25:29.2236;0.000000;0.000000;0.000000;0.000000;0.000000
0.000000;0.356496;0.000000;0.000000;0.000000;0.000000;NA;0.000000;8026;41;0.000000;Æ;0.000000;0.000000;0.000000;0.000000;0.000000;0.000000;0.000000;0.000000;0.000000;0.000000;0.000000;0.643503;0.000000;0.000000;0.000000;0.000000;0.000000;0.000000;0.000000;0.000000;0.000000;3ac73599-a4f5-4922-9f20-d803949eaed1;TRUE;0.000000;460;2023-05-18 10:25:29.2348;0.000000;0.000000;0.000000;0.000000;0.000000
0.000000;0.342964;0.000000;0.000000;0.000000;0.000000;NA;0.000000;8027;42;0.000000;Æ;0.000000;0.000000;0.000000;0.000000;0.000000;0.000000;0.000000;0.000000;0.000000;0.000000;0.000000;0.657036;0.000000;0.000000;0.000000;0.000000;0.000000;0.000000;0.000000;0.000000;0.000000;3ac73599-a4f5-4922-9f20-d803949eaed1;TRUE;0.000000;471;2023-05-18 10:25:29.2455;0.000000;0.000000;0.000000;0.000000;0.000000
0.000000;0.348340;0.000000;0.000000;0.000000;0.000000;NA;0.000000;8028;43;0.000000;Æ;0.000000;0.000000;0.000000;0.000000;0.000000;0.000000;0.000000;0.000001;0.000000;0.000000;0.000000;0.651660;0.000000;0.000000;0.000000;0.000000;0.000000;0.000000;0.000000;0.000000;0.000000;3ac73599-a4f5-4922-9f20-d803949eaed1;TRUE;0.000000;482;2023-05-18 10:25:29.2567;0.000000;0.000000;0.000000;0.000000;0.000000
0.000000;0.352911;0.000000;0.000000;0.000000;0.000000;NA;0.000000;8029;44;0.000000;Æ;0.000000;0.000000;0.000000;0.000000;0.000000;0.000000;0.000000;0.000001;0.000000;0.000000;0.000000;0.647089;0.000000;0.000000;0.000000;0.000000;0.000000;0.000000;0.000000;0.000000;0.000000;3ac73599-a4f5-4922-9f20-d803949eaed1;TRUE;0.000000;493;2023-05-18 10:25:29.2679;0.000000;0.000000;0.000000;0.000000;0.000000
0.000000;0.358452;0.000000;0.000000;0.000000;0.000000;NA;0.000000;8030;45;0.000000;Æ;0.000000;0.000000;0.000000;0.000000;0.000000;0.000000;0.000000;0.000001;0.000000;0.000000;0.000000;0.641548;0.000000;0.000000;0.000000;0.000000;0.000000;0.000000;0.000000;0.000000;0.000000;3ac73599-a4f5-4922-9f20-d803949eaed1;TRUE;0.000000;504;2023-05-18 10:25:29.2795;0.000000;0.000000;0.000000;0.000000;0.000000
0.000000;0.366987;0.000000;0.000000;0.000000;0.000000;NA;0.000000;8031;46;0.000000;Æ;0.000000;0.000000;0.000000;0.000000;0.000000;0.000000;0.000000;0.000001;0.000000;0.000000;0.000000;0.633012;0.000000;0.000000;0.000000;0.000000;0.000000;0.000000;0.000000;0.000000;0.000000;3ac73599-a4f5-4922-9f20-d803949eaed1;TRUE;0.000000;515;2023-05-18 10:25:29.2897;0.000000;0.000000;0.000000;0.000000;0.000000
0.000000;0.373612;0.000000;0.000000;0.000000;0.000000;NA;0.000000;8032;47;0.000000;Æ;0.000000;0.000000;0.000000;0.000000;0.000000;0.000000;0.000000;0.000001;0.000000;0.000000;0.000000;0.626388;0.000000;0.000000;0.000000;0.000000;0.000000;0.000000;0.000000;0.000000;0.000000;3ac73599-a4f5-4922-9f20-d803949eaed1;TRUE;0.000000;526;2023-05-18 10:25:29.3014;0.000000;0.000000;0.000000;0.000000;0.000000
0.000000;0.379877;0.000000;0.000000;0.000000;0.000000;NA;0.000000;8033;48;0.000000;Æ;0.000000;0.000000;0.000000;0.000000;0.000000;0.000000;0.000000;0.000001;0.000000;0.000000;0.000000;0.620122;0.000000;0.000000;0.000000;0.000000;0.000000;0.000000;0.000000;0.000000;0.000000;3ac73599-a4f5-4922-9f20-d803949eaed1;TRUE;0.000000;537;2023-05-18 10:25:29.3126;0.000000;0.000000;0.000000;0.000000;0.000000
0.000000;0.385885;0.000000;0.000000;0.000000;0.000000;NA;0.000000;8034;49;0.000000;Æ;0.000000;0.000000;0.000000;0.000000;0.000000;0.000000;0.000000;0.000001;0.000000;0.000000;0.000000;0.614115;0.000000;0.000000;0.000000;0.000000;0.000000;0.000000;0.000000;0.000000;0.000000;3ac73599-a4f5-4922-9f20-d803949eaed1;TRUE;0.000000;549;2023-05-18 10:25:29.3238;0.000000;0.000000;0.000000;0.000000;0.000000
0.000000;0.376535;0.000000;0.000000;0.000000;0.000000;NA;0.000000;8035;50;0.000000;Æ;0.000000;0.000000;0.000000;0.000000;0.000000;0.000000;0.000000;0.000001;0.000000;0.000000;0.000000;0.623464;0.000000;0.000000;0.000000;0.000000;0.000000;0.000000;0.000000;0.000000;0.000000;3ac73599-a4f5-4922-9f20-d803949eaed1;TRUE;0.000000;560;2023-05-18 10:25:29.3345;0.000000;0.000000;0.000000;0.000000;0.000000
0.000000;0.366447;0.000000;0.000000;0.000000;0.000000;NA;0.000000;8036;51;0.000000;Æ;0.000000;0.000000;0.000000;0.000000;0.000000;0.000000;0.000000;0.000001;0.000000;0.000000;0.000000;0.633552;0.000000;0.000000;0.000000;0.000000;0.000000;0.000000;0.000000;0.000000;0.000000;3ac73599-a4f5-4922-9f20-d803949eaed1;TRUE;0.000000;571;2023-05-18 10:25:29.3457;0.000000;0.000000;0.000000;0.000000;0.000000
0.000000;0.384593;0.000000;0.000000;0.000000;0.000000;NA;0.000000;8037;52;0.000000;Æ;0.000000;0.000000;0.000000;0.000000;0.000000;0.000000;0.000000;0.000001;0.000000;0.000000;0.000000;0.615406;0.000000;0.000000;0.000000;0.000000;0.000000;0.000000;0.000000;0.000000;0.000000;3ac73599-a4f5-4922-9f20-d803949eaed1;TRUE;0.000000;582;2023-05-18 10:25:29.3568;0.000000;0.000000;0.000000;0.000000;0.000000
0.000000;0.377813;0.000000;0.000000;0.000000;0.000000;NA;0.000000;8038;53;0.000000;Æ;0.000000;0.000000;0.000000;0.000000;0.000000;0.000000;0.000000;0.000001;0.000000;0.000000;0.000000;0.622186;0.000000;0.000000;0.000000;0.000000;0.000000;0.000000;0.000000;0.000000;0.000000;3ac73599-a4f5-4922-9f20-d803949eaed1;TRUE;0.000000;593;2023-05-18 10:25:29.3675;0.000000;0.000000;0.000000;0.000000;0.000000
0.000000;0.368666;0.000000;0.000000;0.000000;0.000000;NA;0.000000;8039;54;0.000000;Æ;0.000000;0.000000;0.000000;0.000000;0.000000;0.000000;0.000000;0.000002;0.000000;0.000000;0.000000;0.631333;0.000000;0.000000;0.000000;0.000000;0.000000;0.000000;0.000000;0.000000;0.000000;3ac73599-a4f5-4922-9f20-d803949eaed1;TRUE;0.000000;604;2023-05-18 10:25:29.3787;0.000000;0.000000;0.000000;0.000000;0.000000
0.000000;0.383717;0.000000;0.000000;0.000000;0.000000;NA;0.000000;8040;55;0.000000;Æ;0.000000;0.000000;0.000000;0.000000;0.000000;0.000000;0.000000;0.000002;0.000000;0.000000;0.000000;0.616281;0.000000;0.000000;0.000000;0.000000;0.000000;0.000000;0.000000;0.000000;0.000000;3ac73599-a4f5-4922-9f20-d803949eaed1;TRUE;0.000000;615;2023-05-18 10:25:29.3899;0.000000;0.000000;0.000000;0.000000;0.000000
0.000000;0.400449;0.000000;0.000000;0.000000;0.000000;NA;0.000000;8041;56;0.000000;Æ;0.000000;0.000000;0.000000;0.000000;0.000000;0.000000;0.000000;0.000002;0.000000;0.000000;0.000000;0.599549;0.000000;0.000000;0.000000;0.000000;0.000000;0.000000;0.000000;0.000000;0.000000;3ac73599-a4f5-4922-9f20-d803949eaed1;TRUE;0.000000;627;2023-05-18 10:25:29.4057;0.000000;0.000000;0.000000;0.000000;0.000000
0.000000;0.422013;0.000000;0.000000;0.000000;0.000000;NA;0.000000;8042;57;0.000000;Æ;0.000000;0.000000;0.000000;0.000000;0.000000;0.000000;0.000000;0.000002;0.000000;0.000000;0.000000;0.577985;0.000000;0.000000;0.000000;0.000000;0.000000;0.000000;0.000000;0.000000;0.000000;3ac73599-a4f5-4922-9f20-d803949eaed1;TRUE;0.000000;638;2023-05-18 10:25:29.4129;0.000000;0.000000;0.000000;0.000000;0.000000
0.000000;0.447112;0.000000;0.000000;0.000000;0.000000;NA;0.000000;8043;58;0.000000;Æ;0.000000;0.000000;0.000000;0.000000;0.000000;0.000000;0.000000;0.000002;0.000000;0.000000;0.000000;0.552886;0.000000;0.000000;0.000000;0.000000;0.000000;0.000000;0.000000;0.000000;0.000000;3ac73599-a4f5-4922-9f20-d803949eaed1;TRUE;0.000000;649;2023-05-18 10:25:29.4235;0.000000;0.000000;0.000000;0.000000;0.000000
0.000000;0.473909;0.000000;0.000000;0.000000;0.000000;NA;0.000000;8044;59;0.000000;Æ;0.000000;0.000000;0.000000;0.000000;0.000000;0.000000;0.000000;0.000001;0.000000;0.000000;0.000000;0.526090;0.000000;0.000000;0.000000;0.000000;0.000000;0.000000;0.000000;0.000000;0.000000;3ac73599-a4f5-4922-9f20-d803949eaed1;TRUE;0.000000;660;2023-05-18 10:25:29.4347;0.000000;0.000000;0.000000;0.000000;0.000000
0.000000;0.501555;0.000000;0.000000;0.000000;0.000000;NA;0.000000;8045;60;0.000000;Æ;0.000000;0.000000;0.000000;0.000000;0.000000;0.000000;0.000000;0.000001;0.000000;0.000000;0.000000;0.498443;0.000000;0.000000;0.000000;0.000000;0.000000;0.000000;0.000000;0.000000;0.000000;3ac73599-a4f5-4922-9f20-d803949eaed1;TRUE;0.000000;671;2023-05-18 10:25:29.4459;0.000000;0.000000;0.000000;0.000000;0.000000
0.000000;0.480694;0.000000;0.000000;0.000000;0.000000;NA;0.000000;8046;61;0.000000;Æ;0.000000;0.000000;0.000000;0.000000;0.000000;0.000000;0.000000;0.000001;0.000000;0.000000;0.000000;0.519305;0.000000;0.000000;0.000000;0.000000;0.000000;0.000000;0.000000;0.000000;0.000000;3ac73599-a4f5-4922-9f20-d803949eaed1;TRUE;0.000000;682;2023-05-18 10:25:29.4576;0.000000;0.000000;0.000000;0.000000;0.000000
0.000000;0.475382;0.000000;0.000000;0.000000;0.000000;NA;0.000000;8047;62;0.000000;Æ;0.000000;0.000000;0.000000;0.000000;0.000000;0.000000;0.000000;0.000001;0.000000;0.000000;0.000000;0.524617;0.000000;0.000000;0.000000;0.000000;0.000000;0.000000;0.000000;0.000000;0.000000;3ac73599-a4f5-4922-9f20-d803949eaed1;TRUE;0.000000;693;2023-05-18 10:25:29.4679;0.000000;0.000000;0.000000;0.000000;0.000000
0.000000;0.471257;0.000000;0.000000;0.000000;0.000000;NA;0.000000;8048;63;0.000000;Æ;0.000000;0.000000;0.000000;0.000000;0.000000;0.000000;0.000000;0.000001;0.000000;0.000000;0.000000;0.528742;0.000000;0.000000;0.000000;0.000000;0.000000;0.000000;0.000000;0.000000;0.000000;3ac73599-a4f5-4922-9f20-d803949eaed1;TRUE;0.000000;704;2023-05-18 10:25:29.4795;0.000000;0.000000;0.000000;0.000000;0.000000
0.000000;0.465842;0.000000;0.000000;0.000000;0.000000;NA;0.000000;8049;64;0.000000;Æ;0.000000;0.000000;0.000000;0.000000;0.000000;0.000000;0.000000;0.000001;0.000000;0.000000;0.000000;0.534157;0.000000;0.000000;0.000000;0.000000;0.000000;0.000000;0.000000;0.000000;0.000000;3ac73599-a4f5-4922-9f20-d803949eaed1;TRUE;0.000000;715;2023-05-18 10:25:29.4907;0.000000;0.000000;0.000000;0.000000;0.000000
0.000000;0.462404;0.000000;0.000000;0.000000;0.000000;NA;0.000000;8050;65;0.000000;Æ;0.000000;0.000000;0.000000;0.000000;0.000000;0.000000;0.000000;0.000001;0.000000;0.000000;0.000000;0.537595;0.000000;0.000000;0.000000;0.000000;0.000000;0.000000;0.000000;0.000000;0.000000;3ac73599-a4f5-4922-9f20-d803949eaed1;TRUE;0.000000;726;2023-05-18 10:25:29.5014;0.000000;0.000000;0.000000;0.000000;0.000000
0.000000;0.459551;0.000000;0.000000;0.000000;0.000000;NA;0.000000;8051;66;0.000000;Æ;0.000000;0.000000;0.000000;0.000000;0.000000;0.000000;0.000000;0.000001;0.000000;0.000000;0.000000;0.540448;0.000000;0.000000;0.000000;0.000000;0.000000;0.000000;0.000000;0.000000;0.000000;3ac73599-a4f5-4922-9f20-d803949eaed1;TRUE;0.000000;738;2023-05-18 10:25:29.5125;0.000000;0.000000;0.000000;0.000000;0.000000
0.000000;0.457198;0.000000;0.000000;0.000000;0.000000;NA;0.000000;8052;67;0.000000;Æ;0.000000;0.000000;0.000000;0.000000;0.000000;0.000000;0.000000;0.000001;0.000000;0.000000;0.000000;0.542801;0.000000;0.000000;0.000000;0.000000;0.000000;0.000000;0.000000;0.000000;0.000000;3ac73599-a4f5-4922-9f20-d803949eaed1;TRUE;0.000000;749;2023-05-18 10:25:29.5237;0.000000;0.000000;0.000000;0.000000;0.000000
0.000000;0.441473;0.000000;0.000000;0.000000;0.000000;NA;0.000000;8053;68;0.000000;Æ;0.000000;0.000000;0.000000;0.000000;0.000000;0.000000;0.000000;0.000001;0.000000;0.000000;0.000000;0.558526;0.000000;0.000000;0.000000;0.000000;0.000000;0.000000;0.000000;0.000000;0.000000;3ac73599-a4f5-4922-9f20-d803949eaed1;TRUE;0.000000;760;2023-05-18 10:25:29.5349;0.000000;0.000000;0.000000;0.000000;0.000000
0.000000;0.425075;0.000000;0.000000;0.000000;0.000000;NA;0.000000;8054;69;0.000000;Æ;0.000000;0.000000;0.000000;0.000000;0.000000;0.000000;0.000000;0.000001;0.000000;0.000000;0.000000;0.574924;0.000000;0.000000;0.000000;0.000000;0.000000;0.000000;0.000000;0.000000;0.000000;3ac73599-a4f5-4922-9f20-d803949eaed1;TRUE;0.000000;771;2023-05-18 10:25:29.5455;0.000000;0.000000;0.000000;0.000000;0.000000
0.000000;0.421281;0.000000;0.000000;0.000000;0.000000;NA;0.000000;8055;70;0.000000;Æ;0.000000;0.000000;0.000000;0.000000;0.000000;0.000000;0.000000;0.000001;0.000000;0.000000;0.000000;0.578718;0.000000;0.000000;0.000000;0.000000;0.000000;0.000000;0.000000;0.000000;0.000000;3ac73599-a4f5-4922-9f20-d803949eaed1;TRUE;0.000000;782;2023-05-18 10:25:29.5567;0.000000;0.000000;0.000000;0.000000;0.000000
0.000000;0.410676;0.000000;0.000000;0.000000;0.000000;NA;0.000000;8056;71;0.000000;Æ;0.000000;0.000000;0.000000;0.000000;0.000000;0.000000;0.000000;0.000001;0.000000;0.000000;0.000000;0.589323;0.000000;0.000000;0.000000;0.000000;0.000000;0.000000;0.000000;0.000000;0.000000;3ac73599-a4f5-4922-9f20-d803949eaed1;TRUE;0.000000;793;2023-05-18 10:25:29.5679;0.000000;0.000000;0.000000;0.000000;0.000000
0.000000;0.399672;0.000000;0.000000;0.000000;0.000000;NA;0.000000;8057;72;0.000000;Æ;0.000000;0.000000;0.000000;0.000000;0.000000;0.000000;0.000000;0.000001;0.000000;0.000000;0.000000;0.600327;0.000000;0.000000;0.000000;0.000000;0.000000;0.000000;0.000000;0.000000;0.000000;3ac73599-a4f5-4922-9f20-d803949eaed1;TRUE;0.000000;804;2023-05-18 10:25:29.5786;0.000000;0.000000;0.000000;0.000000;0.000000
0.000000;0.410967;0.000000;0.000000;0.000000;0.000000;NA;0.000000;8058;73;0.000000;Æ;0.000000;0.000000;0.000000;0.000000;0.000000;0.000000;0.000000;0.000001;0.000000;0.000000;0.000000;0.589033;0.000000;0.000000;0.000000;0.000000;0.000000;0.000000;0.000000;0.000000;0.000000;3ac73599-a4f5-4922-9f20-d803949eaed1;TRUE;0.000000;816;2023-05-18 10:25:29.5908;0.000000;0.000000;0.000000;0.000000;0.000000
0.000000;0.412360;0.000000;0.000000;0.000000;0.000000;NA;0.000000;8059;74;0.000000;Æ;0.000000;0.000000;0.000000;0.000000;0.000000;0.000000;0.000000;0.000001;0.000000;0.000000;0.000000;0.587639;0.000000;0.000000;0.000000;0.000000;0.000000;0.000000;0.000000;0.000000;0.000000;3ac73599-a4f5-4922-9f20-d803949eaed1;TRUE;0.000000;827;2023-05-18 10:25:29.6026;0.000000;0.000000;0.000000;0.000000;0.000000
0.000000;0.412030;0.000000;0.000000;0.000000;0.000000;NA;0.000000;8060;75;0.000000;Æ;0.000000;0.000000;0.000000;0.000000;0.000000;0.000000;0.000000;0.000001;0.000000;0.000000;0.000000;0.587969;0.000000;0.000000;0.000000;0.000000;0.000000;0.000000;0.000000;0.000000;0.000000;3ac73599-a4f5-4922-9f20-d803949eaed1;TRUE;0.000000;842;2023-05-18 10:25:29.6176;0.000000;0.000000;0.000000;0.000000;0.000000
0.000000;0.415160;0.000000;0.000000;0.000000;0.000000;NA;0.000000;8061;76;0.000000;Æ;0.000000;0.000000;0.000000;0.000000;0.000000;0.000000;0.000000;0.000001;0.000000;0.000000;0.000000;0.584839;0.000000;0.000000;0.000000;0.000000;0.000000;0.000000;0.000000;0.000000;0.000000;3ac73599-a4f5-4922-9f20-d803949eaed1;TRUE;0.000000;851;2023-05-18 10:25:29.6268;0.000000;0.000000;0.000000;0.000000;0.000000
0.000000;0.418449;0.000000;0.000000;0.000000;0.000000;NA;0.000000;8062;77;0.000000;Æ;0.000000;0.000000;0.000000;0.000000;0.000000;0.000000;0.000000;0.000001;0.000000;0.000000;0.000000;0.581550;0.000000;0.000000;0.000000;0.000000;0.000000;0.000000;0.000000;0.000000;0.000000;3ac73599-a4f5-4922-9f20-d803949eaed1;TRUE;0.000000;865;2023-05-18 10:25:29.6407;0.000000;0.000000;0.000000;0.000000;0.000000
0.000000;0.421624;0.000000;0.000000;0.000000;0.000000;NA;0.000000;8063;78;0.000000;Æ;0.000000;0.000000;0.000000;0.000000;0.000000;0.000000;0.000000;0.000001;0.000000;0.000000;0.000000;0.578376;0.000000;0.000000;0.000000;0.000000;0.000000;0.000000;0.000000;0.000000;0.000000;3ac73599-a4f5-4922-9f20-d803949eaed1;TRUE;0.000000;873;2023-05-18 10:25:29.6479;0.000000;0.000000;0.000000;0.000000;0.000000
0.000000;0.459473;0.000000;0.000000;0.000000;0.000000;NA;0.000000;8064;79;0.000000;Æ;0.000000;0.000000;0.000000;0.000000;0.000000;0.000000;0.000000;0.000001;0.000000;0.000000;0.000000;0.540526;0.000000;0.000000;0.000000;0.000000;0.000000;0.000000;0.000000;0.000000;0.000000;3ac73599-a4f5-4922-9f20-d803949eaed1;TRUE;0.000000;884;2023-05-18 10:25:29.6585;0.000000;0.000000;0.000000;0.000000;0.000000
0.000000;0.459473;0.000000;0.000000;0.000000;0.000000;NA;0.000000;8065;80;0.000000;Æ;0.000000;0.000000;0.000000;0.000000;0.000000;0.000000;0.000000;0.000001;0.000000;0.000000;0.000000;0.540526;0.000000;0.000000;0.000000;0.000000;0.000000;0.000000;0.000000;0.000000;0.000000;3ac73599-a4f5-4922-9f20-d803949eaed1;TRUE;0.000000;895;2023-05-18 10:25:29.6697;0.000000;0.000000;0.000000;0.000000;0.000000
0.000000;0.447434;0.000000;0.000000;0.000000;0.000000;NA;0.000000;8066;81;0.000000;Æ;0.000000;0.000000;0.000000;0.000000;0.000000;0.000000;0.000000;0.000001;0.000000;0.000000;0.000000;0.552565;0.000000;0.000000;0.000000;0.000000;0.000000;0.000000;0.000000;0.000000;0.000000;3ac73599-a4f5-4922-9f20-d803949eaed1;TRUE;0.000000;905;2023-05-18 10:25:29.6799;0.000000;0.000000;0.000000;0.000000;0.000000
0.000000;0.443656;0.000000;0.000000;0.000000;0.000000;NA;0.000000;8067;82;0.000000;Æ;0.000000;0.000000;0.000000;0.000000;0.000000;0.000000;0.000000;0.000001;0.000000;0.000000;0.000000;0.556344;0.000000;0.000000;0.000000;0.000000;0.000000;0.000000;0.000000;0.000000;0.000000;3ac73599-a4f5-4922-9f20-d803949eaed1;TRUE;0.000000;917;2023-05-18 10:25:29.6916;0.000000;0.000000;0.000000;0.000000;0.000000
0.000000;0.456650;0.000000;0.000000;0.000000;0.000000;NA;0.000000;8068;83;0.000000;Æ;0.000000;0.000000;0.000000;0.000000;0.000000;0.000000;0.000000;0.000001;0.000000;0.000000;0.000000;0.543350;0.000000;0.000000;0.000000;0.000000;0.000000;0.000000;0.000000;0.000000;0.000000;3ac73599-a4f5-4922-9f20-d803949eaed1;TRUE;0.000000;927;2023-05-18 10:25:29.7018;0.000000;0.000000;0.000000;0.000000;0.000000
0.000000;0.471580;0.000000;0.000000;0.000000;0.000000;NA;0.000000;8069;84;0.000000;Æ;0.000000;0.000000;0.000000;0.000000;0.000000;0.000000;0.000000;0.000001;0.000000;0.000000;0.000000;0.528419;0.000000;0.000000;0.000000;0.000000;0.000000;0.000000;0.000000;0.000000;0.000000;3ac73599-a4f5-4922-9f20-d803949eaed1;TRUE;0.000000;938;2023-05-18 10:25:29.7134;0.000000;0.000000;0.000000;0.000000;0.000000
0.000000;0.470480;0.000000;0.000000;0.000000;0.000000;NA;0.000000;8070;85;0.000000;Æ;0.000000;0.000000;0.000000;0.000000;0.000000;0.000000;0.000000;0.000001;0.000000;0.000000;0.000000;0.529520;0.000000;0.000000;0.000000;0.000000;0.000000;0.000000;0.000000;0.000000;0.000000;3ac73599-a4f5-4922-9f20-d803949eaed1;TRUE;0.000000;950;2023-05-18 10:25:29.7257;0.000000;0.000000;0.000000;0.000000;0.000000
0.000000;0.473214;0.000000;0.000000;0.000000;0.000000;NA;0.000000;8071;86;0.000000;Æ;0.000000;0.000000;0.000000;0.000000;0.000000;0.000000;0.000000;0.000001;0.000000;0.000000;0.000000;0.526785;0.000000;0.000000;0.000000;0.000000;0.000000;0.000000;0.000000;0.000000;0.000000;3ac73599-a4f5-4922-9f20-d803949eaed1;TRUE;0.000000;963;2023-05-18 10:25:29.7375;0.000000;0.000000;0.000000;0.000000;0.000000
0.000000;0.475942;0.000000;0.000000;0.000000;0.000000;NA;0.000000;8072;87;0.000000;Æ;0.000000;0.000000;0.000000;0.000000;0.000000;0.000000;0.000000;0.000001;0.000000;0.000000;0.000000;0.524058;0.000000;0.000000;0.000000;0.000000;0.000000;0.000000;0.000000;0.000000;0.000000;3ac73599-a4f5-4922-9f20-d803949eaed1;TRUE;0.000000;972;2023-05-18 10:25:29.7479;0.000000;0.000000;0.000000;0.000000;0.000000
0.000000;0.479602;0.000000;0.000000;0.000000;0.000000;NA;0.000000;8073;88;0.000000;Æ;0.000000;0.000000;0.000000;0.000000;0.000000;0.000000;0.000000;0.000001;0.000000;0.000000;0.000000;0.520398;0.000000;0.000000;0.000000;0.000000;0.000000;0.000000;0.000000;0.000000;0.000000;3ac73599-a4f5-4922-9f20-d803949eaed1;TRUE;0.000000;983;2023-05-18 10:25:29.7575;0.000000;0.000000;0.000000;0.000000;0.000000
0.000000;0.488229;0.000000;0.000000;0.000000;0.000000;NA;0.000000;8074;89;0.000000;Æ;0.000000;0.000000;0.000000;0.000000;0.000000;0.000000;0.000000;0.000001;0.000000;0.000000;0.000000;0.511770;0.000000;0.000000;0.000000;0.000000;0.000000;0.000000;0.000000;0.000000;0.000000;3ac73599-a4f5-4922-9f20-d803949eaed1;TRUE;0.000000;994;2023-05-18 10:25:29.7686;0.000000;0.000000;0.000000;0.000000;0.000000
0.000000;0.495284;0.000000;0.000000;0.000000;0.000000;NA;0.000000;8075;90;0.000000;Æ;0.000000;0.000000;0.000000;0.000000;0.000000;0.000000;0.000000;0.000001;0.000000;0.000000;0.000000;0.504715;0.000000;0.000000;0.000000;0.000000;0.000000;0.000000;0.000000;0.000000;0.000000;3ac73599-a4f5-4922-9f20-d803949eaed1;TRUE;0.000000;1005;2023-05-18 10:25:29.7798;0.000000;0.000000;0.000000;0.000000;0.000000
0.000000;0.496845;0.000000;0.000000;0.000000;0.000000;NA;0.000000;8076;91;0.000000;Æ;0.000000;0.000000;0.000000;0.000000;0.000000;0.000000;0.000000;0.000001;0.000000;0.000000;0.000000;0.503155;0.000000;0.000000;0.000000;0.000000;0.000000;0.000000;0.000000;0.000000;0.000000;3ac73599-a4f5-4922-9f20-d803949eaed1;TRUE;0.000000;1016;2023-05-18 10:25:29.7915;0.000000;0.000000;0.000000;0.000000;0.000000
0.000000;0.503396;0.000000;0.000000;0.000000;0.000000;NA;0.000000;8077;92;0.000000;Æ;0.000000;0.000000;0.000000;0.000000;0.000000;0.000000;0.000000;0.000000;0.000000;0.000000;0.000000;0.496603;0.000000;0.000000;0.000000;0.000000;0.000000;0.000000;0.000000;0.000000;0.000000;3ac73599-a4f5-4922-9f20-d803949eaed1;TRUE;0.000000;1027;2023-05-18 10:25:29.8017;0.000000;0.000000;0.000000;0.000000;0.000000
0.000000;0.513833;0.000000;0.000000;0.000000;0.000000;NA;0.000000;8078;93;0.000000;Æ;0.000000;0.000000;0.000000;0.000000;0.000000;0.000000;0.000000;0.000000;0.000000;0.000000;0.000000;0.486166;0.000000;0.000000;0.000000;0.000000;0.000000;0.000000;0.000000;0.000000;0.000000;3ac73599-a4f5-4922-9f20-d803949eaed1;TRUE;0.000000;1038;2023-05-18 10:25:29.8128;0.000000;0.000000;0.000000;0.000000;0.000000
0.000000;0.536011;0.000000;0.000000;0.000000;0.000000;NA;0.000000;8079;94;0.000000;Æ;0.000000;0.000000;0.000000;0.000000;0.000000;0.000000;0.000000;0.000000;0.000000;0.000000;0.000000;0.463989;0.000000;0.000000;0.000000;0.000000;0.000000;0.000000;0.000000;0.000000;0.000000;3ac73599-a4f5-4922-9f20-d803949eaed1;TRUE;0.000000;1049;2023-05-18 10:25:29.8246;0.000000;0.000000;0.000000;0.000000;0.000000
0.000000;0.565228;0.000000;0.000000;0.000000;0.000000;NA;0.000000;8080;95;0.000000;Æ;0.000000;0.000000;0.000000;0.000000;0.000000;0.000000;0.000000;0.000000;0.000000;0.000000;0.000000;0.434771;0.000000;0.000000;0.000000;0.000000;0.000000;0.000000;0.000000;0.000000;0.000000;3ac73599-a4f5-4922-9f20-d803949eaed1;TRUE;0.000000;1060;2023-05-18 10:25:29.8348;0.000000;0.000000;0.000000;0.000000;0.000000
0.000000;0.594207;0.000000;0.000000;0.000000;0.000000;NA;0.000000;8081;96;0.000000;Æ;0.000000;0.000000;0.000000;0.000000;0.000000;0.000000;0.000000;0.000000;0.000000;0.000000;0.000000;0.405793;0.000000;0.000000;0.000000;0.000000;0.000000;0.000000;0.000000;0.000000;0.000000;3ac73599-a4f5-4922-9f20-d803949eaed1;TRUE;0.000000;1071;2023-05-18 10:25:29.8459;0.000000;0.000000;0.000000;0.000000;0.000000
0.000000;0.617259;0.000000;0.000000;0.000000;0.000000;NA;0.000000;8082;97;0.000000;Æ;0.000000;0.000000;0.000000;0.000000;0.000000;0.000000;0.000000;0.000000;0.000000;0.000000;0.000000;0.382741;0.000000;0.000000;0.000000;0.000000;0.000000;0.000000;0.000000;0.000000;0.000000;3ac73599-a4f5-4922-9f20-d803949eaed1;TRUE;0.000000;1082;2023-05-18 10:25:29.8566;0.000000;0.000000;0.000000;0.000000;0.000000
0.000000;0.637787;0.000000;0.000000;0.000000;0.000000;NA;0.000000;8083;98;0.000000;Æ;0.000000;0.000000;0.000000;0.000000;0.000000;0.000000;0.000000;0.000000;0.000000;0.000000;0.000000;0.362213;0.000000;0.000000;0.000000;0.000000;0.000000;0.000000;0.000000;0.000000;0.000000;3ac73599-a4f5-4922-9f20-d803949eaed1;TRUE;0.000000;1093;2023-05-18 10:25:29.8678;0.000000;0.000000;0.000000;0.000000;0.000000
0.000000;0.656246;0.000000;0.000000;0.000000;0.000000;NA;0.000000;8084;99;0.000000;Æ;0.000000;0.000000;0.000000;0.000000;0.000000;0.000000;0.000000;0.000000;0.000000;0.000000;0.000000;0.343753;0.000000;0.000000;0.000000;0.000000;0.000000;0.000000;0.000000;0.000000;0.000000;3ac73599-a4f5-4922-9f20-d803949eaed1;TRUE;0.000000;1104;2023-05-18 10:25:29.8790;0.000000;0.000000;0.000000;0.000000;0.000000
0.000000;0.660499;0.000000;0.000000;0.000000;0.000000;NA;0.000000;8085;100;0.000000;Æ;0.000000;0.000000;0.000000;0.000000;0.000000;0.000000;0.000000;0.000000;0.000000;0.000000;0.000000;0.339500;0.000000;0.000000;0.000000;0.000000;0.000000;0.000000;0.000000;0.000000;0.000000;3ac73599-a4f5-4922-9f20-d803949eaed1;TRUE;0.000000;1115;2023-05-18 10:25:29.8896;0.000000;0.000000;0.000000;0.000000;0.000000
0.000000;0.656440;0.000000;0.000000;0.000000;0.000000;NA;0.000000;8086;101;0.000000;Æ;0.000000;0.000000;0.000000;0.000000;0.000000;0.000000;0.000000;0.000000;0.000000;0.000000;0.000000;0.343560;0.000000;0.000000;0.000000;0.000000;0.000000;0.000000;0.000000;0.000000;0.000000;3ac73599-a4f5-4922-9f20-d803949eaed1;TRUE;0.000000;1126;2023-05-18 10:25:29.9008;0.000000;0.000000;0.000000;0.000000;0.000000
0.000000;0.651261;0.000000;0.000000;0.000000;0.000000;NA;0.000000;8087;102;0.000000;Æ;0.000000;0.000000;0.000000;0.000000;0.000000;0.000000;0.000000;0.000000;0.000000;0.000000;0.000000;0.348738;0.000000;0.000000;0.000000;0.000000;0.000000;0.000000;0.000000;0.000000;0.000000;3ac73599-a4f5-4922-9f20-d803949eaed1;TRUE;0.000000;1137;2023-05-18 10:25:29.9126;0.000000;0.000000;0.000000;0.000000;0.000000
0.000000;0.666799;0.000000;0.000000;0.000000;0.000000;NA;0.000000;8088;103;0.000000;Æ;0.000000;0.000000;0.000000;0.000000;0.000000;0.000000;0.000000;0.000000;0.000000;0.000000;0.000000;0.333201;0.000000;0.000000;0.000000;0.000000;0.000000;0.000000;0.000000;0.000000;0.000000;3ac73599-a4f5-4922-9f20-d803949eaed1;TRUE;0.000000;1149;2023-05-18 10:25:29.9237;0.000000;0.000000;0.000000;0.000000;0.000000
0.000000;0.678406;0.000000;0.000000;0.000000;0.000000;NA;0.000000;8089;104;0.000000;Æ;0.000000;0.000000;0.000000;0.000000;0.000000;0.000000;0.000000;0.000000;0.000000;0.000000;0.000000;0.321594;0.000000;0.000000;0.000000;0.000000;0.000000;0.000000;0.000000;0.000000;0.000000;3ac73599-a4f5-4922-9f20-d803949eaed1;TRUE;0.000000;1160;2023-05-18 10:25:29.9344;0.000000;0.000000;0.000000;0.000000;0.000000
0.000000;0.689802;0.000000;0.000000;0.000000;0.000000;NA;0.000000;8090;105;0.000000;Æ;0.000000;0.000000;0.000000;0.000000;0.000000;0.000000;0.000000;0.000000;0.000000;0.000000;0.000000;0.310197;0.000000;0.000000;0.000000;0.000000;0.000000;0.000000;0.000000;0.000000;0.000000;3ac73599-a4f5-4922-9f20-d803949eaed1;TRUE;0.000000;1171;2023-05-18 10:25:29.9456;0.000000;0.000000;0.000000;0.000000;0.000000
0.000000;0.700696;0.000000;0.000000;0.000000;0.000000;NA;0.000000;8091;106;0.000000;Æ;0.000000;0.000000;0.000000;0.000000;0.000000;0.000000;0.000000;0.000000;0.000000;0.000000;0.000000;0.299304;0.000000;0.000000;0.000000;0.000000;0.000000;0.000000;0.000000;0.000000;0.000000;3ac73599-a4f5-4922-9f20-d803949eaed1;TRUE;0.000000;1182;2023-05-18 10:25:29.9568;0.000000;0.000000;0.000000;0.000000;0.000000
0.000000;0.698237;0.000000;0.000000;0.000000;0.000000;NA;0.000000;8092;107;0.000000;Æ;0.000000;0.000000;0.000000;0.000000;0.000000;0.000000;0.000000;0.000000;0.000000;0.000000;0.000000;0.301763;0.000000;0.000000;0.000000;0.000000;0.000000;0.000000;0.000000;0.000000;0.000000;3ac73599-a4f5-4922-9f20-d803949eaed1;TRUE;0.000000;1193;2023-05-18 10:25:29.9674;0.000000;0.000000;0.000000;0.000000;0.000000
0.000000;0.694973;0.000000;0.000000;0.000000;0.000000;NA;0.000000;8093;108;0.000000;Æ;0.000000;0.000000;0.000000;0.000000;0.000000;0.000000;0.000000;0.000000;0.000000;0.000000;0.000000;0.305027;0.000000;0.000000;0.000000;0.000000;0.000000;0.000000;0.000000;0.000000;0.000000;3ac73599-a4f5-4922-9f20-d803949eaed1;TRUE;0.000000;1204;2023-05-18 10:25:29.9787;0.000000;0.000000;0.000000;0.000000;0.000000
0.000000;0.707461;0.000000;0.000000;0.000000;0.000000;NA;0.000000;8094;109;0.000000;Æ;0.000000;0.000000;0.000000;0.000000;0.000000;0.000000;0.000000;0.000000;0.000000;0.000000;0.000000;0.292539;0.000000;0.000000;0.000000;0.000000;0.000000;0.000000;0.000000;0.000000;0.000000;3ac73599-a4f5-4922-9f20-d803949eaed1;TRUE;0.000000;1215;2023-05-18 10:25:29.9899;0.000000;0.000000;0.000000;0.000000;0.000000
0.000000;0.716296;0.000000;0.000000;0.000000;0.000000;NA;0.000000;8095;110;0.000000;Æ;0.000000;0.000000;0.000000;0.000000;0.000000;0.000000;0.000000;0.000000;0.000000;0.000000;0.000000;0.283703;0.000000;0.000000;0.000000;0.000000;0.000000;0.000000;0.000000;0.000000;0.000000;3ac73599-a4f5-4922-9f20-d803949eaed1;TRUE;0.000000;1226;2023-05-18 10:25:30.0010;0.000000;0.000000;0.000000;0.000000;0.000000
0.000000;0.724580;0.000000;0.000000;0.000000;0.000000;NA;0.000000;8096;111;0.000000;Æ;0.000000;0.000000;0.000000;0.000000;0.000000;0.000000;0.000000;0.000000;0.000000;0.000000;0.000000;0.275420;0.000000;0.000000;0.000000;0.000000;0.000000;0.000000;0.000000;0.000000;0.000000;3ac73599-a4f5-4922-9f20-d803949eaed1;TRUE;0.000000;1237;2023-05-18 10:25:30.0117;0.000000;0.000000;0.000000;0.000000;0.000000
0.000000;0.738595;0.000000;0.000000;0.000000;0.000000;NA;0.000000;8097;112;0.000000;Æ;0.000000;0.000000;0.000000;0.000000;0.000000;0.000000;0.000000;0.000000;0.000000;0.000000;0.000000;0.261404;0.000000;0.000000;0.000000;0.000000;0.000000;0.000000;0.000000;0.000000;0.000000;3ac73599-a4f5-4922-9f20-d803949eaed1;TRUE;0.000000;1249;2023-05-18 10:25:30.0239;0.000000;0.000000;0.000000;0.000000;0.000000
0.000000;0.752510;0.000000;0.000000;0.000000;0.000000;NA;0.000000;8098;113;0.000000;Æ;0.000000;0.000000;0.000000;0.000000;0.000000;0.000000;0.000000;0.000000;0.000000;0.000000;0.000000;0.247490;0.000000;0.000000;0.000000;0.000000;0.000000;0.000000;0.000000;0.000000;0.000000;3ac73599-a4f5-4922-9f20-d803949eaed1;TRUE;0.000000;1260;2023-05-18 10:25:30.0345;0.000000;0.000000;0.000000;0.000000;0.000000
0.000000;0.766034;0.000000;0.000000;0.000000;0.000000;NA;0.000000;8099;114;0.000000;Æ;0.000000;0.000000;0.000000;0.000000;0.000000;0.000000;0.000000;0.000000;0.000000;0.000000;0.000000;0.233966;0.000000;0.000000;0.000000;0.000000;0.000000;0.000000;0.000000;0.000000;0.000000;3ac73599-a4f5-4922-9f20-d803949eaed1;TRUE;0.000000;1271;2023-05-18 10:25:30.0457;0.000000;0.000000;0.000000;0.000000;0.000000
0.000000;0.756297;0.000000;0.000000;0.000000;0.000000;NA;0.000000;8100;115;0.000000;Æ;0.000000;0.000000;0.000000;0.000000;0.000000;0.000000;0.000000;0.000000;0.000000;0.000000;0.000000;0.243703;0.000000;0.000000;0.000000;0.000000;0.000000;0.000000;0.000000;0.000000;0.000000;3ac73599-a4f5-4922-9f20-d803949eaed1;TRUE;0.000000;1282;2023-05-18 10:25:30.0569;0.000000;0.000000;0.000000;0.000000;0.000000
0.000000;0.750889;0.000000;0.000000;0.000000;0.000000;NA;0.000000;8101;116;0.000000;Æ;0.000000;0.000000;0.000000;0.000000;0.000000;0.000000;0.000000;0.000000;0.000000;0.000000;0.000000;0.249111;0.000000;0.000000;0.000000;0.000000;0.000000;0.000000;0.000000;0.000000;0.000000;3ac73599-a4f5-4922-9f20-d803949eaed1;TRUE;0.000000;1293;2023-05-18 10:25:30.0676;0.000000;0.000000;0.000000;0.000000;0.000000
0.000000;0.745853;0.000000;0.000000;0.000000;0.000000;NA;0.000000;8102;117;0.000000;Æ;0.000000;0.000000;0.000000;0.000000;0.000000;0.000000;0.000000;0.000000;0.000000;0.000000;0.000000;0.254146;0.000000;0.000000;0.000000;0.000000;0.000000;0.000000;0.000000;0.000000;0.000000;3ac73599-a4f5-4922-9f20-d803949eaed1;TRUE;0.000000;1304;2023-05-18 10:25:30.0788;0.000000;0.000000;0.000000;0.000000;0.000000
0.000000;0.738474;0.000000;0.000000;0.000000;0.000000;NA;0.000000;8103;118;0.000000;Æ;0.000000;0.000000;0.000000;0.000000;0.000000;0.000000;0.000000;0.000000;0.000000;0.000000;0.000000;0.261525;0.000000;0.000000;0.000000;0.000000;0.000000;0.000000;0.000000;0.000000;0.000000;3ac73599-a4f5-4922-9f20-d803949eaed1;TRUE;0.000000;1315;2023-05-18 10:25:30.0900;0.000000;0.000000;0.000000;0.000000;0.000000
0.000000;0.731242;0.000000;0.000000;0.000000;0.000000;NA;0.000000;8104;119;0.000000;Æ;0.000000;0.000000;0.000000;0.000000;0.000000;0.000000;0.000000;0.000000;0.000000;0.000000;0.000000;0.268757;0.000000;0.000000;0.000000;0.000000;0.000000;0.000000;0.000000;0.000000;0.000000;3ac73599-a4f5-4922-9f20-d803949eaed1;TRUE;0.000000;1326;2023-05-18 10:25:30.1011;0.000000;0.000000;0.000000;0.000000;0.000000
0.000000;0.743050;0.000000;0.000000;0.000000;0.000000;NA;0.000000;8105;120;0.000000;Æ;0.000000;0.000000;0.000000;0.000000;0.000000;0.000000;0.000000;0.000000;0.000000;0.000000;0.000000;0.256950;0.000000;0.000000;0.000000;0.000000;0.000000;0.000000;0.000000;0.000000;0.000000;3ac73599-a4f5-4922-9f20-d803949eaed1;TRUE;0.000000;1337;2023-05-18 10:25:30.1118;0.000000;0.000000;0.000000;0.000000;0.000000
0.000000;0.728714;0.000000;0.000000;0.000000;0.000000;NA;0.000000;8106;121;0.000000;Æ;0.000000;0.000000;0.000000;0.000000;0.000000;0.000000;0.000000;0.000000;0.000000;0.000000;0.000000;0.271286;0.000000;0.000000;0.000000;0.000000;0.000000;0.000000;0.000000;0.000000;0.000000;3ac73599-a4f5-4922-9f20-d803949eaed1;TRUE;0.000000;1348;2023-05-18 10:25:30.1235;0.000000;0.000000;0.000000;0.000000;0.000000
0.000000;0.711199;0.000000;0.000000;0.000000;0.000000;NA;0.000000;8107;122;0.000000;Æ;0.000000;0.000000;0.000000;0.000000;0.000000;0.000000;0.000000;0.000000;0.000000;0.000000;0.000000;0.288801;0.000000;0.000000;0.000000;0.000000;0.000000;0.000000;0.000000;0.000000;0.000000;3ac73599-a4f5-4922-9f20-d803949eaed1;TRUE;0.000000;1359;2023-05-18 10:25:30.1337;0.000000;0.000000;0.000000;0.000000;0.000000
0.000000;0.709046;0.000000;0.000000;0.000000;0.000000;NA;0.000000;8108;123;0.000000;Æ;0.000000;0.000000;0.000000;0.000000;0.000000;0.000000;0.000000;0.000000;0.000000;0.000000;0.000000;0.290954;0.000000;0.000000;0.000000;0.000000;0.000000;0.000000;0.000000;0.000000;0.000000;3ac73599-a4f5-4922-9f20-d803949eaed1;TRUE;0.000000;1371;2023-05-18 10:25:30.1454;0.000000;0.000000;0.000000;0.000000;0.000000
0.000000;0.706485;0.000000;0.000000;0.000000;0.000000;NA;0.000000;8109;124;0.000000;Æ;0.000000;0.000000;0.000000;0.000000;0.000000;0.000000;0.000000;0.000000;0.000000;0.000000;0.000000;0.293515;0.000000;0.000000;0.000000;0.000000;0.000000;0.000000;0.000000;0.000000;0.000000;3ac73599-a4f5-4922-9f20-d803949eaed1;TRUE;0.000000;1382;2023-05-18 10:25:30.1567;0.000000;0.000000;0.000000;0.000000;0.000000
0.000000;0.712624;0.000000;0.000000;0.000000;0.000000;NA;0.000000;8110;125;0.000000;Æ;0.000000;0.000000;0.000000;0.000000;0.000000;0.000000;0.000000;0.000000;0.000000;0.000000;0.000000;0.287376;0.000000;0.000000;0.000000;0.000000;0.000000;0.000000;0.000000;0.000000;0.000000;3ac73599-a4f5-4922-9f20-d803949eaed1;TRUE;0.000000;1393;2023-05-18 10:25:30.1679;0.000000;0.000000;0.000000;0.000000;0.000000
0.000000;0.727293;0.000000;0.000000;0.000000;0.000000;NA;0.000000;8111;126;0.000000;Æ;0.000000;0.000000;0.000000;0.000000;0.000000;0.000000;0.000000;0.000000;0.000000;0.000000;0.000000;0.272707;0.000000;0.000000;0.000000;0.000000;0.000000;0.000000;0.000000;0.000000;0.000000;3ac73599-a4f5-4922-9f20-d803949eaed1;TRUE;0.000000;1404;2023-05-18 10:25:30.1786;0.000000;0.000000;0.000000;0.000000;0.000000
0.000000;0.752605;0.000000;0.000000;0.000000;0.000000;NA;0.000000;8112;127;0.000000;Æ;0.000000;0.000000;0.000000;0.000000;0.000000;0.000000;0.000000;0.000000;0.000000;0.000000;0.000000;0.247395;0.000000;0.000000;0.000000;0.000000;0.000000;0.000000;0.000000;0.000000;0.000000;3ac73599-a4f5-4922-9f20-d803949eaed1;TRUE;0.000000;1415;2023-05-18 10:25:30.1897;0.000000;0.000000;0.000000;0.000000;0.000000
0.000000;0.776867;0.000000;0.000000;0.000000;0.000000;NA;0.000000;8113;128;0.000000;Æ;0.000000;0.000000;0.000000;0.000000;0.000000;0.000000;0.000000;0.000000;0.000000;0.000000;0.000000;0.223132;0.000000;0.000000;0.000000;0.000000;0.000000;0.000000;0.000000;0.000000;0.000000;3ac73599-a4f5-4922-9f20-d803949eaed1;TRUE;0.000000;1426;2023-05-18 10:25:30.2009;0.000000;0.000000;0.000000;0.000000;0.000000
0.000000;0.793142;0.000000;0.000000;0.000000;0.000000;NA;0.000000;8114;129;0.000000;Æ;0.000000;0.000000;0.000000;0.000000;0.000000;0.000000;0.000000;0.000000;0.000000;0.000000;0.000000;0.206858;0.000000;0.000000;0.000000;0.000000;0.000000;0.000000;0.000000;0.000000;0.000000;3ac73599-a4f5-4922-9f20-d803949eaed1;TRUE;0.000000;1437;2023-05-18 10:25:30.2117;0.000000;0.000000;0.000000;0.000000;0.000000
0.000000;0.815843;0.000000;0.000000;0.000000;0.000000;NA;0.000000;8115;130;0.000000;Æ;0.000000;0.000000;0.000000;0.000000;0.000000;0.000000;0.000000;0.000000;0.000000;0.000000;0.000000;0.184157;0.000000;0.000000;0.000000;0.000000;0.000000;0.000000;0.000000;0.000000;0.000000;3ac73599-a4f5-4922-9f20-d803949eaed1;TRUE;0.000000;1449;2023-05-18 10:25:30.2229;0.000000;0.000000;0.000000;0.000000;0.000000
0.000000;0.837242;0.000000;0.000000;0.000000;0.000000;NA;0.000000;8116;131;0.000000;Æ;0.000000;0.000000;0.000000;0.000000;0.000000;0.000000;0.000000;0.000000;0.000000;0.000000;0.000000;0.162758;0.000000;0.000000;0.000000;0.000000;0.000000;0.000000;0.000000;0.000000;0.000000;3ac73599-a4f5-4922-9f20-d803949eaed1;TRUE;0.000000;1460;2023-05-18 10:25:30.2341;0.000000;0.000000;0.000000;0.000000;0.000000
0.000000;0.840576;0.000000;0.000000;0.000000;0.000000;NA;0.000000;8117;132;0.000000;Æ;0.000000;0.000000;0.000000;0.000000;0.000000;0.000000;0.000000;0.000000;0.000000;0.000000;0.000000;0.159424;0.000000;0.000000;0.000000;0.000000;0.000000;0.000000;0.000000;0.000000;0.000000;3ac73599-a4f5-4922-9f20-d803949eaed1;TRUE;0.000000;1471;2023-05-18 10:25:30.2457;0.000000;0.000000;0.000000;0.000000;0.000000
0.000000;0.842925;0.000000;0.000000;0.000000;0.000000;NA;0.000000;8118;133;0.000000;Æ;0.000000;0.000000;0.000000;0.000000;0.000000;0.000000;0.000000;0.000000;0.000000;0.000000;0.000000;0.157074;0.000000;0.000000;0.000000;0.000000;0.000000;0.000000;0.000000;0.000000;0.000000;3ac73599-a4f5-4922-9f20-d803949eaed1;TRUE;0.000000;1482;2023-05-18 10:25:30.2581;0.000000;0.000000;0.000000;0.000000;0.000000
0.000000;0.859768;0.000000;0.000000;0.000000;0.000000;NA;0.000000;8119;134;0.000000;Æ;0.000000;0.000000;0.000000;0.000000;0.000000;0.000000;0.000000;0.000000;0.000000;0.000000;0.000000;0.140232;0.000000;0.000000;0.000000;0.000000;0.000000;0.000000;0.000000;0.000000;0.000000;3ac73599-a4f5-4922-9f20-d803949eaed1;TRUE;0.000000;1498;2023-05-18 10:25:30.2726;0.000000;0.000000;0.000000;0.000000;0.000000
0.000000;0.876568;0.000000;0.000000;0.000000;0.000000;NA;0.000000;8120;135;0.000000;Æ;0.000000;0.000000;0.000000;0.000000;0.000000;0.000000;0.000000;0.000000;0.000000;0.000000;0.000000;0.123432;0.000000;0.000000;0.000000;0.000000;0.000000;0.000000;0.000000;0.000000;0.000000;3ac73599-a4f5-4922-9f20-d803949eaed1;TRUE;0.000000;1505;2023-05-18 10:25:30.2797;0.000000;0.000000;0.000000;0.000000;0.000000
0.000000;0.864518;0.000000;0.000000;0.000000;0.000000;NA;0.000000;8121;136;0.000000;Æ;0.000000;0.000000;0.000000;0.000000;0.000000;0.000000;0.000000;0.000000;0.000000;0.000000;0.000000;0.135482;0.000000;0.000000;0.000000;0.000000;0.000000;0.000000;0.000000;0.000000;0.000000;3ac73599-a4f5-4922-9f20-d803949eaed1;TRUE;0.000000;1517;2023-05-18 10:25:30.2925;0.000000;0.000000;0.000000;0.000000;0.000000
0.000000;0.872101;0.000000;0.000000;0.000000;0.000000;NA;0.000000;8122;137;0.000000;Æ;0.000000;0.000000;0.000000;0.000000;0.000000;0.000000;0.000000;0.000000;0.000000;0.000000;0.000000;0.127899;0.000000;0.000000;0.000000;0.000000;0.000000;0.000000;0.000000;0.000000;0.000000;3ac73599-a4f5-4922-9f20-d803949eaed1;TRUE;0.000000;1532;2023-05-18 10:25:30.3065;0.000000;0.000000;0.000000;0.000000;0.000000
0.000000;0.882808;0.000000;0.000000;0.000000;0.000000;NA;0.000000;8123;138;0.000000;Æ;0.000000;0.000000;0.000000;0.000000;0.000000;0.000000;0.000000;0.000000;0.000000;0.000000;0.000000;0.117192;0.000000;0.000000;0.000000;0.000000;0.000000;0.000000;0.000000;0.000000;0.000000;3ac73599-a4f5-4922-9f20-d803949eaed1;TRUE;0.000000;1540;2023-05-18 10:25:30.3147;0.000000;0.000000;0.000000;0.000000;0.000000
0.000000;0.881286;0.000000;0.000000;0.000000;0.000000;NA;0.000000;8124;139;0.000000;Æ;0.000000;0.000000;0.000000;0.000000;0.000000;0.000000;0.000000;0.000000;0.000000;0.000000;0.000000;0.118714;0.000000;0.000000;0.000000;0.000000;0.000000;0.000000;0.000000;0.000000;0.000000;3ac73599-a4f5-4922-9f20-d803949eaed1;TRUE;0.000000;1550;2023-05-18 10:25:30.3249;0.000000;0.000000;0.000000;0.000000;0.000000
0.000000;0.881286;0.000000;0.000000;0.000000;0.000000;NA;0.000000;8125;140;0.000000;Æ;0.000000;0.000000;0.000000;0.000000;0.000000;0.000000;0.000000;0.000000;0.000000;0.000000;0.000000;0.118714;0.000000;0.000000;0.000000;0.000000;0.000000;0.000000;0.000000;0.000000;0.000000;3ac73599-a4f5-4922-9f20-d803949eaed1;TRUE;0.000000;1560;2023-05-18 10:25:30.3345;0.000000;0.000000;0.000000;0.000000;0.000000
0.000000;0.883734;0.000000;0.000000;0.000000;0.000000;NA;0.000000;8126;141;0.000000;Æ;0.000000;0.000000;0.000000;0.000000;0.000000;0.000000;0.000000;0.000000;0.000000;0.000000;0.000000;0.116266;0.000000;0.000000;0.000000;0.000000;0.000000;0.000000;0.000000;0.000000;0.000000;3ac73599-a4f5-4922-9f20-d803949eaed1;TRUE;0.000000;1571;2023-05-18 10:25:30.3457;0.000000;0.000000;0.000000;0.000000;0.000000
0.000000;0.886301;0.000000;0.000000;0.000000;0.000000;NA;0.000000;8127;142;0.000000;Æ;0.000000;0.000000;0.000000;0.000000;0.000000;0.000000;0.000000;0.000000;0.000000;0.000000;0.000000;0.113699;0.000000;0.000000;0.000000;0.000000;0.000000;0.000000;0.000000;0.000000;0.000000;3ac73599-a4f5-4922-9f20-d803949eaed1;TRUE;0.000000;1582;2023-05-18 10:25:30.3568;0.000000;0.000000;0.000000;0.000000;0.000000
0.000000;0.888892;0.000000;0.000000;0.000000;0.000000;NA;0.000000;8128;143;0.000000;Æ;0.000000;0.000000;0.000000;0.000000;0.000000;0.000000;0.000000;0.000000;0.000000;0.000000;0.000000;0.111108;0.000000;0.000000;0.000000;0.000000;0.000000;0.000000;0.000000;0.000000;0.000000;3ac73599-a4f5-4922-9f20-d803949eaed1;TRUE;0.000000;1594;2023-05-18 10:25:30.3685;0.000000;0.000000;0.000000;0.000000;0.000000
0.000000;0.884201;0.000000;0.000000;0.000000;0.000000;NA;0.000000;8129;144;0.000000;Æ;0.000000;0.000000;0.000000;0.000000;0.000000;0.000000;0.000000;0.000000;0.000000;0.000000;0.000000;0.115799;0.000000;0.000000;0.000000;0.000000;0.000000;0.000000;0.000000;0.000000;0.000000;3ac73599-a4f5-4922-9f20-d803949eaed1;TRUE;0.000000;1605;2023-05-18 10:25:30.3798;0.000000;0.000000;0.000000;0.000000;0.000000
0.000000;0.888005;0.000000;0.000000;0.000000;0.000000;NA;0.000000;8130;145;0.000000;Æ;0.000000;0.000000;0.000000;0.000000;0.000000;0.000000;0.000000;0.000000;0.000000;0.000000;0.000000;0.111995;0.000000;0.000000;0.000000;0.000000;0.000000;0.000000;0.000000;0.000000;0.000000;3ac73599-a4f5-4922-9f20-d803949eaed1;TRUE;0.000000;1615;2023-05-18 10:25:30.3899;0.000000;0.000000;0.000000;0.000000;0.000000
0.000000;0.892436;0.000000;0.000000;0.000000;0.000000;NA;0.000000;8131;146;0.000000;Æ;0.000000;0.000000;0.000000;0.000000;0.000000;0.000000;0.000000;0.000000;0.000000;0.000000;0.000000;0.107564;0.000000;0.000000;0.000000;0.000000;0.000000;0.000000;0.000000;0.000000;0.000000;3ac73599-a4f5-4922-9f20-d803949eaed1;TRUE;0.000000;1626;2023-05-18 10:25:30.4011;0.000000;0.000000;0.000000;0.000000;0.000000
0.000000;0.882446;0.000000;0.000000;0.000000;0.000000;NA;0.000000;8132;147;0.000000;Æ;0.000000;0.000000;0.000000;0.000000;0.000000;0.000000;0.000000;0.000000;0.000000;0.000000;0.000000;0.117554;0.000000;0.000000;0.000000;0.000000;0.000000;0.000000;0.000000;0.000000;0.000000;3ac73599-a4f5-4922-9f20-d803949eaed1;TRUE;0.000000;1637;2023-05-18 10:25:30.4118;0.000000;0.000000;0.000000;0.000000;0.000000
0.000000;0.879223;0.000000;0.000000;0.000000;0.000000;NA;0.000000;8133;148;0.000000;Æ;0.000000;0.000000;0.000000;0.000000;0.000000;0.000000;0.000000;0.000000;0.000000;0.000000;0.000000;0.120777;0.000000;0.000000;0.000000;0.000000;0.000000;0.000000;0.000000;0.000000;0.000000;3ac73599-a4f5-4922-9f20-d803949eaed1;TRUE;0.000000;1648;2023-05-18 10:25:30.4246;0.000000;0.000000;0.000000;0.000000;0.000000
0.000000;0.879649;0.000000;0.000000;0.000000;0.000000;NA;0.000000;8134;149;0.000000;Æ;0.000000;0.000000;0.000000;0.000000;0.000000;0.000000;0.000000;0.000000;0.000000;0.000000;0.000000;0.120351;0.000000;0.000000;0.000000;0.000000;0.000000;0.000000;0.000000;0.000000;0.000000;3ac73599-a4f5-4922-9f20-d803949eaed1;TRUE;0.000000;1664;2023-05-18 10:25:30.4391;0.000000;0.000000;0.000000;0.000000;0.000000
0.000000;0.881837;0.000000;0.000000;0.000000;0.000000;NA;0.000000;8135;150;0.000000;Æ;0.000000;0.000000;0.000000;0.000000;0.000000;0.000000;0.000000;0.000000;0.000000;0.000000;0.000000;0.118163;0.000000;0.000000;0.000000;0.000000;0.000000;0.000000;0.000000;0.000000;0.000000;3ac73599-a4f5-4922-9f20-d803949eaed1;TRUE;0.000000;1673;2023-05-18 10:25:30.4476;0.000000;0.000000;0.000000;0.000000;0.000000
0.000000;0.885091;0.000000;0.000000;0.000000;0.000000;NA;0.000000;8136;151;0.000000;Æ;0.000000;0.000000;0.000000;0.000000;0.000000;0.000000;0.000000;0.000000;0.000000;0.000000;0.000000;0.114909;0.000000;0.000000;0.000000;0.000000;0.000000;0.000000;0.000000;0.000000;0.000000;3ac73599-a4f5-4922-9f20-d803949eaed1;TRUE;0.000000;1683;2023-05-18 10:25:30.4569;0.000000;0.000000;0.000000;0.000000;0.000000
0.000000;0.889473;0.000000;0.000000;0.000000;0.000000;NA;0.000000;8137;152;0.000000;Æ;0.000000;0.000000;0.000000;0.000000;0.000000;0.000000;0.000000;0.000000;0.000000;0.000000;0.000000;0.110527;0.000000;0.000000;0.000000;0.000000;0.000000;0.000000;0.000000;0.000000;0.000000;3ac73599-a4f5-4922-9f20-d803949eaed1;TRUE;0.000000;1693;2023-05-18 10:25:30.4686;0.000000;0.000000;0.000000;0.000000;0.000000
0.000000;0.895351;0.000000;0.000000;0.000000;0.000000;NA;0.000000;8138;153;0.000000;Æ;0.000000;0.000000;0.000000;0.000000;0.000000;0.000000;0.000000;0.000000;0.000000;0.000000;0.000000;0.104649;0.000000;0.000000;0.000000;0.000000;0.000000;0.000000;0.000000;0.000000;0.000000;3ac73599-a4f5-4922-9f20-d803949eaed1;TRUE;0.000000;1704;2023-05-18 10:25:30.4788;0.000000;0.000000;0.000000;0.000000;0.000000
0.000000;0.895343;0.000000;0.000000;0.000000;0.000000;NA;0.000000;8139;154;0.000000;Æ;0.000000;0.000000;0.000000;0.000000;0.000000;0.000000;0.000000;0.000000;0.000000;0.000000;0.000000;0.104657;0.000000;0.000000;0.000000;0.000000;0.000000;0.000000;0.000000;0.000000;0.000000;3ac73599-a4f5-4922-9f20-d803949eaed1;TRUE;0.000000;1715;2023-05-18 10:25:30.4901;0.000000;0.000000;0.000000;0.000000;0.000000
0.000000;0.894986;0.000000;0.000000;0.000000;0.000000;NA;0.000000;8140;155;0.000000;Æ;0.000000;0.000000;0.000000;0.000000;0.000000;0.000000;0.000000;0.000000;0.000000;0.000000;0.000000;0.105014;0.000000;0.000000;0.000000;0.000000;0.000000;0.000000;0.000000;0.000000;0.000000;3ac73599-a4f5-4922-9f20-d803949eaed1;TRUE;0.000000;1726;2023-05-18 10:25:30.5012;0.000000;0.000000;0.000000;0.000000;0.000000
0.000000;0.905772;0.000000;0.000000;0.000000;0.000000;NA;0.000000;8141;156;0.000000;Æ;0.000000;0.000000;0.000000;0.000000;0.000000;0.000000;0.000000;0.000000;0.000000;0.000000;0.000000;0.094228;0.000000;0.000000;0.000000;0.000000;0.000000;0.000000;0.000000;0.000000;0.000000;3ac73599-a4f5-4922-9f20-d803949eaed1;TRUE;0.000000;1737;2023-05-18 10:25:30.5114;0.000000;0.000000;0.000000;0.000000;0.000000
0.000000;0.907501;0.000000;0.000000;0.000000;0.000000;NA;0.000000;8142;157;0.000000;Æ;0.000000;0.000000;0.000000;0.000000;0.000000;0.000000;0.000000;0.000000;0.000000;0.000000;0.000000;0.092499;0.000000;0.000000;0.000000;0.000000;0.000000;0.000000;0.000000;0.000000;0.000000;3ac73599-a4f5-4922-9f20-d803949eaed1;TRUE;0.000000;1748;2023-05-18 10:25:30.5237;0.000000;0.000000;0.000000;0.000000;0.000000
0.000000;0.907829;0.000000;0.000000;0.000000;0.000000;NA;0.000000;8143;158;0.000000;Æ;0.000000;0.000000;0.000000;0.000000;0.000000;0.000000;0.000000;0.000000;0.000000;0.000000;0.000000;0.092171;0.000000;0.000000;0.000000;0.000000;0.000000;0.000000;0.000000;0.000000;0.000000;3ac73599-a4f5-4922-9f20-d803949eaed1;TRUE;0.000000;1759;2023-05-18 10:25:30.5338;0.000000;0.000000;0.000000;0.000000;0.000000
0.000000;0.908926;0.000000;0.000000;0.000000;0.000000;NA;0.000000;8144;159;0.000000;Æ;0.000000;0.000000;0.000000;0.000000;0.000000;0.000000;0.000000;0.000000;0.000000;0.000000;0.000000;0.091074;0.000000;0.000000;0.000000;0.000000;0.000000;0.000000;0.000000;0.000000;0.000000;3ac73599-a4f5-4922-9f20-d803949eaed1;TRUE;0.000000;1770;2023-05-18 10:25:30.5445;0.000000;0.000000;0.000000;0.000000;0.000000
0.000000;0.909553;0.000000;0.000000;0.000000;0.000000;NA;0.000000;8145;160;0.000000;Æ;0.000000;0.000000;0.000000;0.000000;0.000000;0.000000;0.000000;0.000000;0.000000;0.000000;0.000000;0.090447;0.000000;0.000000;0.000000;0.000000;0.000000;0.000000;0.000000;0.000000;0.000000;3ac73599-a4f5-4922-9f20-d803949eaed1;TRUE;0.000000;1781;2023-05-18 10:25:30.5567;0.000000;0.000000;0.000000;0.000000;0.000000
0.000000;0.909853;0.000000;0.000000;0.000000;0.000000;NA;0.000000;8146;161;0.000000;Æ;0.000000;0.000000;0.000000;0.000000;0.000000;0.000000;0.000000;0.000000;0.000000;0.000000;0.000000;0.090147;0.000000;0.000000;0.000000;0.000000;0.000000;0.000000;0.000000;0.000000;0.000000;3ac73599-a4f5-4922-9f20-d803949eaed1;TRUE;0.000000;1792;2023-05-18 10:25:30.5669;0.000000;0.000000;0.000000;0.000000;0.000000
0.000000;0.917657;0.000000;0.000000;0.000000;0.000000;NA;0.000000;8147;162;0.000000;Æ;0.000000;0.000000;0.000000;0.000000;0.000000;0.000000;0.000000;0.000000;0.000000;0.000000;0.000000;0.082343;0.000000;0.000000;0.000000;0.000000;0.000000;0.000000;0.000000;0.000000;0.000000;3ac73599-a4f5-4922-9f20-d803949eaed1;TRUE;0.000000;1803;2023-05-18 10:25:30.5786;0.000000;0.000000;0.000000;0.000000;0.000000
0.000000;0.925360;0.000000;0.000000;0.000000;0.000000;NA;0.000000;8148;163;0.000000;Æ;0.000000;0.000000;0.000000;0.000000;0.000000;0.000000;0.000000;0.000000;0.000000;0.000000;0.000000;0.074640;0.000000;0.000000;0.000000;0.000000;0.000000;0.000000;0.000000;0.000000;0.000000;3ac73599-a4f5-4922-9f20-d803949eaed1;TRUE;0.000000;1815;2023-05-18 10:25:30.5897;0.000000;0.000000;0.000000;0.000000;0.000000
0.000000;0.932388;0.000000;0.000000;0.000000;0.000000;NA;0.000000;8149;164;0.000000;Æ;0.000000;0.000000;0.000000;0.000000;0.000000;0.000000;0.000000;0.000000;0.000000;0.000000;0.000000;0.067612;0.000000;0.000000;0.000000;0.000000;0.000000;0.000000;0.000000;0.000000;0.000000;3ac73599-a4f5-4922-9f20-d803949eaed1;TRUE;0.000000;1826;2023-05-18 10:25:30.6000;0.000000;0.000000;0.000000;0.000000;0.000000
0.000000;0.934790;0.000000;0.000000;0.000000;0.000000;NA;0.000000;8150;165;0.000000;Æ;0.000000;0.000000;0.000000;0.000000;0.000000;0.000000;0.000000;0.000000;0.000000;0.000000;0.000000;0.065210;0.000000;0.000000;0.000000;0.000000;0.000000;0.000000;0.000000;0.000000;0.000000;3ac73599-a4f5-4922-9f20-d803949eaed1;TRUE;0.000000;1837;2023-05-18 10:25:30.6116;0.000000;0.000000;0.000000;0.000000;0.000000
0.000000;0.931748;0.000000;0.000000;0.000000;0.000000;NA;0.000000;8151;166;0.000000;Æ;0.000000;0.000000;0.000000;0.000000;0.000000;0.000000;0.000000;0.000000;0.000000;0.000000;0.000000;0.068252;0.000000;0.000000;0.000000;0.000000;0.000000;0.000000;0.000000;0.000000;0.000000;3ac73599-a4f5-4922-9f20-d803949eaed1;TRUE;0.000000;1848;2023-05-18 10:25:30.6227;0.000000;0.000000;0.000000;0.000000;0.000000
0.000000;0.926131;0.000000;0.000000;0.000000;0.000000;NA;0.000000;8152;167;0.000000;Æ;0.000000;0.000000;0.000000;0.000000;0.000000;0.000000;0.000000;0.000000;0.000000;0.000000;0.000000;0.073869;0.000000;0.000000;0.000000;0.000000;0.000000;0.000000;0.000000;0.000000;0.000000;3ac73599-a4f5-4922-9f20-d803949eaed1;TRUE;0.000000;1859;2023-05-18 10:25:30.6334;0.000000;0.000000;0.000000;0.000000;0.000000
0.000000;0.933021;0.000000;0.000000;0.000000;0.000000;NA;0.000000;8153;168;0.000000;Æ;0.000000;0.000000;0.000000;0.000000;0.000000;0.000000;0.000000;0.000000;0.000000;0.000000;0.000000;0.066979;0.000000;0.000000;0.000000;0.000000;0.000000;0.000000;0.000000;0.000000;0.000000;3ac73599-a4f5-4922-9f20-d803949eaed1;TRUE;0.000000;1870;2023-05-18 10:25:30.6446;0.000000;0.000000;0.000000;0.000000;0.000000
0.000000;0.939838;0.000000;0.000000;0.000000;0.000000;NA;0.000000;8154;169;0.000000;Æ;0.000000;0.000000;0.000000;0.000000;0.000000;0.000000;0.000000;0.000000;0.000000;0.000000;0.000000;0.060162;0.000000;0.000000;0.000000;0.000000;0.000000;0.000000;0.000000;0.000000;0.000000;3ac73599-a4f5-4922-9f20-d803949eaed1;TRUE;0.000000;1881;2023-05-18 10:25:30.6558;0.000000;0.000000;0.000000;0.000000;0.000000
0.000000;0.946339;0.000000;0.000000;0.000000;0.000000;NA;0.000000;8155;170;0.000000;Æ;0.000000;0.000000;0.000000;0.000000;0.000000;0.000000;0.000000;0.000000;0.000000;0.000000;0.000000;0.053661;0.000000;0.000000;0.000000;0.000000;0.000000;0.000000;0.000000;0.000000;0.000000;3ac73599-a4f5-4922-9f20-d803949eaed1;TRUE;0.000000;1892;2023-05-18 10:25:30.6664;0.000000;0.000000;0.000000;0.000000;0.000000
0.000000;0.949377;0.000000;0.000000;0.000000;0.000000;NA;0.000000;8156;171;0.000000;Æ;0.000000;0.000000;0.000000;0.000000;0.000000;0.000000;0.000000;0.000000;0.000000;0.000000;0.000000;0.050623;0.000000;0.000000;0.000000;0.000000;0.000000;0.000000;0.000000;0.000000;0.000000;3ac73599-a4f5-4922-9f20-d803949eaed1;TRUE;0.000000;1903;2023-05-18 10:25:30.6776;0.000000;0.000000;0.000000;0.000000;0.000000
0.000000;0.947755;0.000000;0.000000;0.000000;0.000000;NA;0.000000;8157;172;0.000000;Æ;0.000000;0.000000;0.000000;0.000000;0.000000;0.000000;0.000000;0.000000;0.000000;0.000000;0.000000;0.052245;0.000000;0.000000;0.000000;0.000000;0.000000;0.000000;0.000000;0.000000;0.000000;3ac73599-a4f5-4922-9f20-d803949eaed1;TRUE;0.000000;1915;2023-05-18 10:25:30.6899;0.000000;0.000000;0.000000;0.000000;0.000000
0.000000;0.946058;0.000000;0.000000;0.000000;0.000000;NA;0.000000;8158;173;0.000000;Æ;0.000000;0.000000;0.000000;0.000000;0.000000;0.000000;0.000000;0.000000;0.000000;0.000000;0.000000;0.053942;0.000000;0.000000;0.000000;0.000000;0.000000;0.000000;0.000000;0.000000;0.000000;3ac73599-a4f5-4922-9f20-d803949eaed1;TRUE;0.000000;1925;2023-05-18 10:25:30.7006;0.000000;0.000000;0.000000;0.000000;0.000000
0.000000;0.949244;0.000000;0.000000;0.000000;0.000000;NA;0.000000;8159;174;0.000000;Æ;0.000000;0.000000;0.000000;0.000000;0.000000;0.000000;0.000000;0.000000;0.000000;0.000000;0.000000;0.050756;0.000000;0.000000;0.000000;0.000000;0.000000;0.000000;0.000000;0.000000;0.000000;3ac73599-a4f5-4922-9f20-d803949eaed1;TRUE;0.000000;1937;2023-05-18 10:25:30.7117;0.000000;0.000000;0.000000;0.000000;0.000000
0.000000;0.957800;0.000000;0.000000;0.000000;0.000000;NA;0.000000;8160;175;0.000000;Æ;0.000000;0.000000;0.000000;0.000000;0.000000;0.000000;0.000000;0.000000;0.000000;0.000000;0.000000;0.042200;0.000000;0.000000;0.000000;0.000000;0.000000;0.000000;0.000000;0.000000;0.000000;3ac73599-a4f5-4922-9f20-d803949eaed1;TRUE;0.000000;1948;2023-05-18 10:25:30.7223;0.000000;0.000000;0.000000;0.000000;0.000000
0.000000;0.965493;0.000000;0.000000;0.000000;0.000000;NA;0.000000;8161;176;0.000000;Æ;0.000000;0.000000;0.000000;0.000000;0.000000;0.000000;0.000000;0.000000;0.000000;0.000000;0.000000;0.034508;0.000000;0.000000;0.000000;0.000000;0.000000;0.000000;0.000000;0.000000;0.000000;3ac73599-a4f5-4922-9f20-d803949eaed1;TRUE;0.000000;1959;2023-05-18 10:25:30.7335;0.000000;0.000000;0.000000;0.000000;0.000000
0.000000;0.967454;0.000000;0.000000;0.000000;0.000000;NA;0.000000;8162;177;0.000000;Æ;0.000000;0.000000;0.000000;0.000000;0.000000;0.000000;0.000000;0.000000;0.000000;0.000000;0.000000;0.032546;0.000000;0.000000;0.000000;0.000000;0.000000;0.000000;0.000000;0.000000;0.000000;3ac73599-a4f5-4922-9f20-d803949eaed1;TRUE;0.000000;1970;2023-05-18 10:25:30.7447;0.000000;0.000000;0.000000;0.000000;0.000000
0.000000;0.969190;0.000000;0.000000;0.000000;0.000000;NA;0.000000;8163;178;0.000000;Æ;0.000000;0.000000;0.000000;0.000000;0.000000;0.000000;0.000000;0.000000;0.000000;0.000000;0.000000;0.030810;0.000000;0.000000;0.000000;0.000000;0.000000;0.000000;0.000000;0.000000;0.000000;3ac73599-a4f5-4922-9f20-d803949eaed1;TRUE;0.000000;1981;2023-05-18 10:25:30.7559;0.000000;0.000000;0.000000;0.000000;0.000000
0.000000;0.970486;0.000000;0.000000;0.000000;0.000000;NA;0.000000;8164;179;0.000000;Æ;0.000000;0.000000;0.000000;0.000000;0.000000;0.000000;0.000000;0.000000;0.000000;0.000000;0.000000;0.029514;0.000000;0.000000;0.000000;0.000000;0.000000;0.000000;0.000000;0.000000;0.000000;3ac73599-a4f5-4922-9f20-d803949eaed1;TRUE;0.000000;1992;2023-05-18 10:25:30.7675;0.000000;0.000000;0.000000;0.000000;0.000000
0.000000;0.970617;0.000000;0.000000;0.000000;0.000000;NA;0.000000;8165;180;0.000000;Æ;0.000000;0.000000;0.000000;0.000000;0.000000;0.000000;0.000000;0.000000;0.000000;0.000000;0.000000;0.029383;0.000000;0.000000;0.000000;0.000000;0.000000;0.000000;0.000000;0.000000;0.000000;3ac73599-a4f5-4922-9f20-d803949eaed1;TRUE;0.000000;2003;2023-05-18 10:25:30.7777;0.000000;0.000000;0.000000;0.000000;0.000000
