,FrameCount,Head.pos.x,Head.pos.y,Head.pos.z,Head.rot.w,Head.rot.x,Head.rot.y,Head.rot.z,IndexDistalJoint.pos.x,IndexDistalJoint.pos.y,IndexDistalJoint.pos.z,IndexDistalJoint.rot.w,IndexDistalJoint.rot.x,IndexDistalJoint.rot.y,IndexDistalJoint.rot.z,IndexKnuckle.pos.x,IndexKnuckle.pos.y,IndexKnuckle.pos.z,IndexKnuckle.rot.w,IndexKnuckle.rot.x,IndexKnuckle.rot.y,IndexKnuckle.rot.z,IndexMetacarpal.pos.x,IndexMetacarpal.pos.y,IndexMetacarpal.pos.z,IndexMetacarpal.rot.w,IndexMetacarpal.rot.x,IndexMetacarpal.rot.y,IndexMetacarpal.rot.z,IndexMiddleJoint.pos.x,IndexMiddleJoint.pos.y,IndexMiddleJoint.pos.z,IndexMiddleJoint.rot.w,IndexMiddleJoint.rot.x,IndexMiddleJoint.rot.y,IndexMiddleJoint.rot.z,IndexTip.pos.x,IndexTip.pos.y,IndexTip.pos.z,IndexTip.rot.w,IndexTip.rot.x,IndexTip.rot.y,IndexTip.rot.z,MiddleDistalJoint.pos.x,MiddleDistalJoint.pos.y,MiddleDistalJoint.pos.z,MiddleDistalJoint.rot.w,MiddleDistalJoint.rot.x,MiddleDistalJoint.rot.y,MiddleDistalJoint.rot.z,MiddleKnuckle.pos.x,MiddleKnuckle.pos.y,MiddleKnuckle.pos.z,MiddleKnuckle.rot.w,MiddleKnuckle.rot.x,MiddleKnuckle.rot.y,MiddleKnuckle.rot.z,MiddleMetacarpal.pos.x,MiddleMetacarpal.pos.y,MiddleMetacarpal.pos.z,MiddleMetacarpal.rot.w,MiddleMetacarpal.rot.x,MiddleMetacarpal.rot.y,MiddleMetacarpal.rot.z,MiddleMiddleJoint.pos.x,MiddleMiddleJoint.pos.y,MiddleMiddleJoint.pos.z,MiddleMiddleJoint.rot.w,MiddleMiddleJoint.rot.x,MiddleMiddleJoint.rot.y,MiddleMiddleJoint.rot.z,MiddleTip.pos.x,MiddleTip.pos.y,MiddleTip.pos.z,MiddleTip.rot.w,MiddleTip.rot.x,MiddleTip.rot.y,MiddleTip.rot.z,Palm.pos.x,Palm.pos.y,Palm.pos.z,Palm.rot.w,Palm.rot.x,Palm.rot.y,Palm.rot.z,PinkyDistalJoint.pos.x,PinkyDistalJoint.pos.y,PinkyDistalJoint.pos.z,PinkyDistalJoint.rot.w,PinkyDistalJoint.rot.x,PinkyDistalJoint.rot.y,PinkyDistalJoint.rot.z,PinkyKnuckle.pos.x,PinkyKnuckle.pos.y,PinkyKnuckle.pos.z,PinkyKnuckle.rot.w,PinkyKnuckle.rot.x,PinkyKnuckle.rot.y,PinkyKnuckle.rot.z,PinkyMetacarpal.pos.x,PinkyMetacarpal.pos.y,PinkyMetacarpal.pos.z,PinkyMetacarpal.rot.w,PinkyMetacarpal.rot.x,PinkyMetacarpal.rot.y,PinkyMetacarpal.rot.z,PinkyMiddleJoint.pos.x,PinkyMiddleJoint.pos.y,PinkyMiddleJoint.pos.z,PinkyMiddleJoint.rot.w,PinkyMiddleJoint.rot.x,PinkyMiddleJoint.rot.y,PinkyMiddleJoint.rot.z,PinkyTip.pos.x,PinkyTip.pos.y,PinkyTip.pos.z,PinkyTip.rot.w,PinkyTip.rot.x,PinkyTip.rot.y,PinkyTip.rot.z,RingDistalJoint.pos.x,RingDistalJoint.pos.y,RingDistalJoint.pos.z,RingDistalJoint.rot.w,RingDistalJoint.rot.x,RingDistalJoint.rot.y,RingDistalJoint.rot.z,RingKnuckle.pos.x,RingKnuckle.pos.y,RingKnuckle.pos.z,RingKnuckle.rot.w,RingKnuckle.rot.x,RingKnuckle.rot.y,RingKnuckle.rot.z,RingMetacarpal.pos.x,RingMetacarpal.pos.y,RingMetacarpal.pos.z,RingMetacarpal.rot.w,RingMetacarpal.rot.x,RingMetacarpal.rot.y,RingMetacarpal.rot.z,RingMiddleJoint.pos.x,RingMiddleJoint.pos.y,RingMiddleJoint.pos.z,RingMiddleJoint.rot.w,RingMiddleJoint.rot.x,RingMiddleJoint.rot.y,RingMiddleJoint.rot.z,RingTip.pos.x,RingTip.pos.y,RingTip.pos.z,RingTip.rot.w,RingTip.rot.x,RingTip.rot.y,RingTip.rot.z,ThumbDistalJoint.pos.x,ThumbDistalJoint.pos.y,ThumbDistalJoint.pos.z,ThumbDistalJoint.rot.w,ThumbDistalJoint.rot.x,ThumbDistalJoint.rot.y,ThumbDistalJoint.rot.z,ThumbMetacarpalJoint.pos.x,ThumbMetacarpalJoint.pos.y,ThumbMetacarpalJoint.pos.z,ThumbMetacarpalJoint.rot.w,ThumbMetacarpalJoint.rot.x,ThumbMetacarpalJoint.rot.y,ThumbMetacarpalJoint.rot.z,ThumbProximalJoint.pos.x,ThumbProximalJoint.pos.y,ThumbProximalJoint.pos.z,ThumbProximalJoint.rot.w,ThumbProximalJoint.rot.x,ThumbProximalJoint.rot.y,ThumbProximalJoint.rot.z,ThumbTip.pos.x,ThumbTip.pos.y,ThumbTip.pos.z,ThumbTip.rot.w,ThumbTip.rot.x,ThumbTip.rot.y,ThumbTip.rot.z,Timestamp,Wrist.pos.x,Wrist.pos.y,Wrist.pos.z,Wrist.rot.w,Wrist.rot.x,Wrist.rot.y,Wrist.rot.z,Participant,Gesture,Temporality,Handedness
0,1,0.004669,1.664023,0.088274,0.962207,0.270691,-0.002782,0.029608,0.11199,1.528869,0.383878,-0.452802,-0.8754,0.052752,-0.160821,0.128453,1.544324,0.341347,-0.974826,0.127288,0.182824,-0.009372,0.140755,1.48301,0.332993,-0.788011,0.577642,0.171413,0.126431,0.113809,1.554312,0.378108,-0.772381,-0.608948,0.137395,-0.117182,0.117654,1.508756,0.371886,-0.452802,-0.8754,0.052752,-0.160821,0.130214,1.535169,0.391925,-0.376232,-0.917532,0.095264,-0.086666,0.151894,1.545481,0.346566,-0.959707,0.187764,0.192118,0.082455,0.158482,1.481964,0.336169,-0.788011,0.577642,0.171413,0.126431,0.136291,1.563591,0.38609,-0.769408,-0.602646,0.195981,-0.080129,0.132588,1.515287,0.373971,-0.376232,-0.917532,0.095264,-0.086666,0.159668,1.496812,0.331671,-0.788011,0.577642,0.171413,0.126431,0.15978,1.522398,0.400234,-0.418623,-0.823801,0.374721,-0.075436,0.185485,1.523608,0.368207,-0.924188,0.186877,0.24379,0.22698,0.181367,1.480033,0.345908,-0.771287,0.49152,0.177251,0.363466,0.173393,1.538685,0.395026,-0.782517,-0.512434,0.343893,0.082568,0.154233,1.504459,0.385893,-0.418623,-0.823801,0.374721,-0.075436,0.144644,1.529687,0.398136,-0.362882,-0.894897,0.233913,-0.112966,0.169895,1.53703,0.35683,-0.948715,0.195155,0.199374,0.148676,0.174895,1.481866,0.339353,-0.788011,0.577642,0.171413,0.126431,0.156456,1.555056,0.39226,-0.776297,-0.567745,0.273716,-0.010448,0.144866,1.510124,0.380657,-0.362882,-0.894897,0.233913,-0.112966,0.103875,1.516059,0.392142,-0.709816,0.064777,-0.295348,-0.636188,0.129663,1.479403,0.339381,-0.571004,0.397939,0.014456,-0.717907,0.109096,1.494576,0.363271,-0.70555,0.282915,-0.151583,-0.631808,0.11176,1.529261,0.413717,-0.709816,0.064777,-0.295348,-0.636188,28,0.167441,1.448143,0.316776,-0.788011,0.577642,0.171413,0.126431,26,E,Static,Right
1,2,0.004684,1.66389,0.087669,0.962214,0.270683,-0.004381,0.029245,0.112632,1.529401,0.384966,-0.456921,-0.873815,0.055929,-0.156659,0.129068,1.544717,0.342263,-0.975296,0.127755,0.180122,-0.005674,0.140896,1.483344,0.333662,-0.788858,0.577314,0.167318,0.128124,0.11467,1.554804,0.379095,-0.774355,-0.607123,0.138396,-0.112348,0.118025,1.509143,0.373096,-0.456921,-0.873815,0.055929,-0.156659,0.13095,1.535821,0.393022,-0.382435,-0.914933,0.099622,-0.081957,0.152541,1.545692,0.347375,-0.959412,0.190868,0.188745,0.086445,0.15863,1.482164,0.336751,-0.788858,0.577314,0.167318,0.128124,0.137336,1.564117,0.386909,-0.773007,-0.598415,0.197001,-0.074505,0.132953,1.515701,0.375288,-0.382435,-0.914933,0.099622,-0.081957,0.159899,1.497017,0.332293,-0.788858,0.577314,0.167318,0.128124,0.160519,1.522487,0.401027,-0.421735,-0.821457,0.377404,-0.070104,0.186077,1.523515,0.36879,-0.924106,0.187503,0.240264,0.23053,0.181546,1.480041,0.346375,-0.771175,0.491796,0.173131,0.365309,0.174255,1.538633,0.395706,-0.783552,-0.510078,0.343654,0.088143,0.154651,1.504572,0.386783,-0.421735,-0.821457,0.377404,-0.070104,0.145406,1.530093,0.399099,-0.368151,-0.892381,0.237479,-0.108285,0.17053,1.537083,0.357528,-0.9484,0.1974,0.195969,0.152206,0.175056,1.481939,0.339857,-0.788858,0.577314,0.167318,0.128124,0.157453,1.555298,0.392997,-0.778899,-0.564048,0.274118,-0.005056,0.145256,1.510386,0.381783,-0.368151,-0.892381,0.237479,-0.108285,0.104454,1.51642,0.393109,-0.710923,0.063166,-0.294204,-0.635644,0.12981,1.479797,0.340092,-0.57416,0.395041,0.013063,-0.717017,0.109466,1.495012,0.364146,-0.707508,0.280241,-0.152377,-0.630618,0.112372,1.529522,0.414732,-0.710923,0.063166,-0.294204,-0.635644,69,0.167258,1.448341,0.317211,-0.788858,0.577314,0.167318,0.128124,26,E,Static,Right
2,3,0.005303,1.663862,0.087252,0.962178,0.270656,-0.005405,0.030486,0.111283,1.529764,0.382922,-0.458636,-0.87142,0.05852,-0.163877,0.128353,1.54477,0.340428,-0.97336,0.131569,0.187697,-0.00551,0.140263,1.483348,0.332288,-0.786133,0.578358,0.173298,0.132154,0.113381,1.555139,0.376951,-0.774772,-0.604289,0.143738,-0.117907,0.116885,1.509451,0.371243,-0.458636,-0.87142,0.05852,-0.163877,0.129477,1.536206,0.391278,-0.385749,-0.912556,0.10283,-0.088691,0.151748,1.545759,0.345879,-0.957342,0.193412,0.195952,0.087703,0.157947,1.482173,0.33565,-0.786133,0.578358,0.173298,0.132154,0.135985,1.564453,0.385068,-0.773624,-0.595106,0.202727,-0.0791,0.131701,1.51593,0.373751,-0.385749,-0.912556,0.10283,-0.088691,0.159302,1.497006,0.33115,-0.786133,0.578358,0.173298,0.132154,0.159002,1.523039,0.399824,-0.424039,-0.817855,0.381595,-0.075428,0.184953,1.523674,0.367896,-0.921284,0.190667,0.246476,0.232663,0.18073,1.48009,0.345633,-0.768561,0.491053,0.179592,0.368683,0.172873,1.539079,0.394533,-0.783443,-0.506454,0.349934,0.085253,0.153193,1.505011,0.3857,-0.424039,-0.817855,0.381595,-0.075428,0.143868,1.530511,0.397554,-0.369424,-0.89023,0.240215,-0.115381,0.169581,1.537192,0.356339,-0.946168,0.19978,0.203211,0.153494,0.174338,1.481959,0.339011,-0.786133,0.578358,0.173298,0.132154,0.156018,1.555674,0.391486,-0.778466,-0.56168,0.280017,-0.009828,0.14395,1.510689,0.380368,-0.369424,-0.89023,0.240215,-0.115381,0.10283,1.516734,0.390956,-0.713024,0.071124,-0.289206,-0.634744,0.129072,1.479837,0.338553,-0.573085,0.402323,0.01588,-0.713764,0.108342,1.495177,0.362196,-0.707944,0.287489,-0.147935,-0.627918,0.110327,1.52996,0.412654,-0.713024,0.071124,-0.289206,-0.634744,110,0.166856,1.448253,0.31642,-0.786133,0.578358,0.173298,0.132154,26,E,Static,Right
3,4,0.00626,1.66467,0.088512,0.963245,0.266827,-0.003468,0.030841,0.110627,1.531771,0.381566,-0.455266,-0.8718,0.064915,-0.168772,0.128404,1.546716,0.339438,-0.972045,0.131734,0.194354,-0.00054,0.140036,1.485231,0.331368,-0.784805,0.57729,0.177317,0.139195,0.112978,1.55716,0.37575,-0.77261,-0.6048,0.151708,-0.119478,0.116289,1.511518,0.369812,-0.455266,-0.8718,0.064915,-0.168772,0.128696,1.538083,0.39029,-0.385749,-0.911289,0.108842,-0.09436,0.15172,1.547548,0.345246,-0.955646,0.192797,0.202645,0.092223,0.157657,1.483936,0.335,-0.784805,0.57729,0.177317,0.139195,0.135472,1.566295,0.38421,-0.771982,-0.594253,0.210523,-0.081169,0.131047,1.517772,0.372819,-0.385749,-0.911289,0.108842,-0.09436,0.159186,1.498769,0.330557,-0.784805,0.57729,0.177317,0.139195,0.158028,1.524777,0.399325,-0.42262,-0.815164,0.388219,-0.078654,0.184445,1.525217,0.367731,-0.918674,0.18941,0.252076,0.237949,0.180282,1.481695,0.345338,-0.766362,0.488224,0.183578,0.375001,0.172114,1.540687,0.394214,-0.780784,-0.505286,0.357441,0.085435,0.152215,1.506786,0.385155,-0.42262,-0.815164,0.388219,-0.078654,0.142933,1.532263,0.396806,-0.369198,-0.888012,0.246208,-0.120453,0.169337,1.538851,0.355963,-0.944304,0.198295,0.209809,0.157953,0.174003,1.483614,0.338622,-0.784805,0.57729,0.177317,0.139195,0.155338,1.557347,0.39093,-0.776284,-0.560795,0.287685,-0.011427,0.143099,1.512401,0.379667,-0.369198,-0.888012,0.246208,-0.120453,0.101749,1.519028,0.389252,-0.717943,0.078883,-0.281711,-0.631644,0.12872,1.481782,0.337441,-0.575583,0.409547,0.018618,-0.707552,0.107694,1.497354,0.360666,-0.711353,0.294332,-0.142494,-0.622127,0.108795,1.532274,0.411088,-0.717943,0.078883,-0.281711,-0.631644,151,0.166651,1.44999,0.315867,-0.784805,0.57729,0.177317,0.139195,26,E,Static,Right
4,5,0.007097,1.664228,0.088659,0.962313,0.270429,-0.00228,0.028571,0.110679,1.532048,0.380839,-0.448333,-0.874828,0.063624,-0.172122,0.128524,1.547292,0.339012,-0.971875,0.129196,0.196888,-0.001868,0.140336,1.48585,0.330843,-0.785077,0.576035,0.179831,0.139639,0.112886,1.55751,0.375298,-0.768696,-0.609037,0.152085,-0.122686,0.116557,1.512007,0.36883,-0.448333,-0.874828,0.063624,-0.172122,0.128574,1.538785,0.389964,-0.388046,-0.910012,0.10977,-0.096169,0.15181,1.548176,0.344932,-0.955111,0.193235,0.204768,0.092165,0.157936,1.484593,0.334568,-0.785077,0.576035,0.179831,0.139639,0.135387,1.56697,0.3838,-0.772752,-0.592538,0.211993,-0.082529,0.130969,1.518378,0.372612,-0.388046,-0.910012,0.10977,-0.096169,0.159477,1.499443,0.330193,-0.785077,0.576035,0.179831,0.139639,0.157836,1.52516,0.39903,-0.421291,-0.815805,0.387938,-0.080503,0.184489,1.525896,0.367532,-0.91906,0.185091,0.255035,0.236702,0.18055,1.482401,0.345044,-0.766863,0.486421,0.185721,0.375265,0.171889,1.541134,0.394023,-0.779484,-0.507079,0.358242,0.083301,0.152125,1.507172,0.384816,-0.421291,-0.815805,0.387938,-0.080503,0.142814,1.532943,0.396529,-0.370587,-0.887038,0.24687,-0.122,0.169399,1.539509,0.355716,-0.943922,0.198091,0.211793,0.157844,0.174298,1.484316,0.338302,-0.785077,0.576035,0.179831,0.139639,0.155246,1.558007,0.390621,-0.776633,-0.559622,0.288973,-0.012576,0.143011,1.513016,0.379466,-0.370587,-0.887038,0.24687,-0.122,0.101638,1.519388,0.388512,-0.718833,0.075993,-0.282237,-0.630751,0.128975,1.482358,0.336807,-0.574475,0.411987,0.022544,-0.706921,0.107691,1.497803,0.359881,-0.711792,0.294324,-0.140324,-0.622122,0.108821,1.532536,0.410363,-0.718833,0.075993,-0.282237,-0.630751,194,0.167145,1.450711,0.315455,-0.785077,0.576035,0.179831,0.139639,26,E,Static,Right
5,6,0.007789,1.664176,0.088341,0.962565,0.269608,-0.002472,0.027829,0.111658,1.532508,0.381056,-0.450152,-0.874504,0.06146,-0.169793,0.129258,1.547228,0.339007,-0.971665,0.135232,0.193841,-0.00244,0.141104,1.485755,0.331115,-0.783959,0.578717,0.178333,0.136719,0.113857,1.557914,0.375259,-0.772103,-0.605651,0.149515,-0.121196,0.117483,1.512426,0.36909,-0.450152,-0.874504,0.06146,-0.169793,0.129609,1.53912,0.39007,-0.392631,-0.908504,0.107995,-0.093804,0.152578,1.548185,0.34478,-0.955062,0.19695,0.202265,0.090308,0.158725,1.484545,0.334749,-0.783959,0.578717,0.178333,0.136719,0.136375,1.56725,0.383608,-0.776088,-0.589324,0.209068,-0.081703,0.131898,1.518552,0.372895,-0.392631,-0.908504,0.107995,-0.093804,0.160234,1.499375,0.330294,-0.783959,0.578717,0.178333,0.136719,0.159088,1.52598,0.399124,-0.43056,-0.811624,0.387009,-0.078157,0.185429,1.526095,0.367317,-0.918382,0.193938,0.251778,0.235733,0.181423,1.482457,0.34512,-0.766224,0.489758,0.18493,0.372611,0.173164,1.541794,0.393696,-0.785453,-0.499147,0.355925,0.085047,0.153126,1.507783,0.385282,-0.43056,-0.811624,0.387009,-0.078157,0.14392,1.533612,0.396678,-0.378433,-0.884373,0.245702,-0.119595,0.170246,1.539611,0.35551,-0.943381,0.204488,0.209128,0.156468,0.175128,1.48432,0.338405,-0.783959,0.578717,0.178333,0.136719,0.156374,1.558547,0.390292,-0.782009,-0.553429,0.286446,-0.01127,0.143917,1.513431,0.379915,-0.378433,-0.884373,0.245702,-0.119595,0.102692,1.519187,0.389024,-0.716601,0.070974,-0.288045,-0.631249,0.129771,1.48228,0.337143,-0.572178,0.409903,0.021586,-0.710019,0.108542,1.497618,0.360339,-0.709806,0.291571,-0.1434,-0.624978,0.110227,1.532338,0.410754,-0.716601,0.070974,-0.288045,-0.631249,235,0.16789,1.450564,0.315808,-0.783959,0.578717,0.178333,0.136719,26,E,Static,Right
6,7,0.008086,1.664439,0.088095,0.96297,0.268254,-0.003278,0.02681,0.111879,1.532826,0.380476,-0.450251,-0.874317,0.062083,-0.170264,0.129549,1.547373,0.338453,-0.971279,0.137172,0.194419,-0.001692,0.141431,1.485911,0.330532,-0.784089,0.57829,0.178917,0.137021,0.114117,1.558221,0.374643,-0.772536,-0.604872,0.150359,-0.121289,0.117706,1.512738,0.368522,-0.450251,-0.874317,0.062083,-0.170264,0.129836,1.539316,0.389535,-0.393449,-0.908045,0.108568,-0.094156,0.152861,1.548335,0.344257,-0.954859,0.197287,0.20275,0.090635,0.159048,1.484705,0.334187,-0.784089,0.57829,0.178917,0.137021,0.136628,1.567436,0.383055,-0.776268,-0.588864,0.209646,-0.081833,0.132121,1.518715,0.372399,-0.393449,-0.908045,0.108568,-0.094156,0.160556,1.499539,0.329744,-0.784089,0.57829,0.178917,0.137021,0.159274,1.525993,0.398572,-0.429406,-0.812218,0.386915,-0.078802,0.18569,1.52624,0.366821,-0.91857,0.192185,0.252722,0.235427,0.181732,1.482617,0.344586,-0.766362,0.489178,0.185393,0.372859,0.173334,1.541845,0.393213,-0.784531,-0.500502,0.356246,0.084251,0.153361,1.507814,0.384685,-0.429406,-0.812218,0.386915,-0.078802,0.144134,1.533706,0.396142,-0.37853,-0.884202,0.245994,-0.119955,0.170518,1.53976,0.355004,-0.943392,0.203789,0.209736,0.156503,0.175445,1.484483,0.337863,-0.784089,0.57829,0.178917,0.137021,0.15659,1.558649,0.389789,-0.781633,-0.553737,0.286864,-0.011603,0.144138,1.513519,0.379387,-0.37853,-0.884202,0.245994,-0.119955,0.103018,1.519252,0.388463,-0.716912,0.068712,-0.289128,-0.630652,0.130093,1.482427,0.336544,-0.572185,0.409877,0.022394,-0.710003,0.108834,1.497724,0.35974,-0.710106,0.290721,-0.143296,-0.625058,0.110679,1.532348,0.410182,-0.716912,0.068712,-0.289128,-0.630652,274,0.16825,1.450742,0.31523,-0.784089,0.57829,0.178917,0.137021,26,E,Static,Right
7,8,0.008889,1.66449,0.087611,0.963245,0.267412,-0.0015,0.025455,0.112031,1.532525,0.378949,-0.438797,-0.8794,0.060271,-0.174589,0.129772,1.547073,0.337386,-0.970486,0.138476,0.197427,-0.002134,0.14179,1.485603,0.329741,-0.782721,0.578974,0.181925,0.137984,0.114109,1.558008,0.373451,-0.767762,-0.609967,0.151115,-0.125082,0.118158,1.512792,0.366561,-0.438797,-0.8794,0.060271,-0.174589,0.129848,1.538749,0.38822,-0.38753,-0.9103,0.107151,-0.098453,0.153047,1.548085,0.34333,-0.954711,0.194896,0.20613,0.089743,0.159387,1.484434,0.333506,-0.782721,0.578974,0.181925,0.137984,0.136482,1.566983,0.382088,-0.772057,-0.593397,0.210839,-0.085765,0.132418,1.518361,0.37087,-0.38753,-0.9103,0.107151,-0.098453,0.160895,1.499254,0.329018,-0.782721,0.578974,0.181925,0.137984,0.159103,1.525565,0.397607,-0.42493,-0.814181,0.386921,-0.082686,0.185767,1.526105,0.366164,-0.918398,0.188742,0.256602,0.234684,0.182003,1.482408,0.344042,-0.765273,0.489108,0.188657,0.37355,0.173115,1.541547,0.392513,-0.781073,-0.504977,0.35842,0.080363,0.153424,1.507437,0.383557,-0.42493,-0.814181,0.386921,-0.082686,0.144033,1.533124,0.394985,-0.373174,-0.886133,0.245171,-0.124098,0.170649,1.539567,0.354213,-0.943462,0.200324,0.213445,0.155537,0.175755,1.484244,0.337275,-0.782721,0.578974,0.181925,0.137984,0.156364,1.558215,0.388983,-0.777626,-0.558422,0.288477,-0.01561,0.144324,1.513083,0.378057,-0.373174,-0.886133,0.245171,-0.124098,0.103166,1.519246,0.387272,-0.718488,0.068761,-0.291688,-0.627667,0.130425,1.482123,0.335704,-0.571219,0.413802,0.02218,-0.708509,0.109024,1.497563,0.358674,-0.710453,0.293348,-0.143978,-0.623277,0.110962,1.532395,0.40891,-0.718488,0.068761,-0.291688,-0.627667,316,0.168744,1.450423,0.314705,-0.782721,0.578974,0.181925,0.137984,26,E,Static,Right
8,9,0.010077,1.665153,0.086944,0.963473,0.266638,0.004012,0.024647,0.113266,1.533403,0.379283,-0.442002,-0.878542,0.060732,-0.170616,0.130817,1.547606,0.3375,-0.97073,0.14185,0.19381,-0.000492,0.142468,1.486025,0.330184,-0.781015,0.58247,0.178394,0.137552,0.115455,1.558837,0.373604,-0.770622,-0.607409,0.149927,-0.121315,0.119201,1.513566,0.366968,-0.442002,-0.878542,0.060732,-0.170616,0.13116,1.539807,0.388459,-0.393413,-0.908019,0.108634,-0.094484,0.154133,1.548536,0.343289,-0.954126,0.200549,0.202707,0.091289,0.160082,1.484789,0.333845,-0.781015,0.58247,0.178394,0.137552,0.137957,1.567923,0.381969,-0.776351,-0.588639,0.209879,-0.082061,0.13346,1.519206,0.371325,-0.393413,-0.908019,0.108634,-0.094484,0.16164,1.499572,0.329252,-0.781015,0.58247,0.178394,0.137552,0.160375,1.526437,0.397802,-0.433575,-0.809582,0.38769,-0.079281,0.186885,1.526539,0.366061,-0.917917,0.193579,0.254313,0.235118,0.182756,1.482717,0.344254,-0.763279,0.493315,0.186194,0.373333,0.174461,1.54224,0.392364,-0.785771,-0.497986,0.357242,0.083381,0.15438,1.508152,0.384093,-0.433575,-0.809582,0.38769,-0.079281,0.145364,1.534171,0.395206,-0.380064,-0.883319,0.246447,-0.120675,0.171761,1.54,0.354116,-0.942675,0.206272,0.21024,0.156892,0.176474,1.48454,0.337515,-0.781015,0.58247,0.178394,0.137552,0.157844,1.559087,0.388798,-0.782249,-0.552499,0.287549,-0.012122,0.145364,1.513923,0.378525,-0.380064,-0.883319,0.246447,-0.120675,0.104408,1.520176,0.387779,-0.718753,0.067648,-0.296282,-0.625328,0.131121,1.482643,0.336238,-0.571649,0.413165,0.017385,-0.708667,0.109938,1.498307,0.359258,-0.710662,0.292553,-0.14914,-0.622198,0.112432,1.533404,0.409286,-0.718753,0.067648,-0.296282,-0.625328,357,0.169146,1.450607,0.315215,-0.781015,0.58247,0.178394,0.137552,26,E,Static,Right
9,10,0.011568,1.667193,0.086435,0.965152,0.26028,0.013073,0.023765,0.114127,1.534283,0.37932,-0.438478,-0.880531,0.061364,-0.169227,0.131591,1.548564,0.337647,-0.97111,0.140927,0.192569,0.001157,0.143027,1.486953,0.330264,-0.781304,0.582432,0.176519,0.138485,0.116341,1.559752,0.373811,-0.768778,-0.610068,0.149971,-0.119612,0.120018,1.514544,0.366828,-0.438478,-0.880531,0.061364,-0.169227,0.132016,1.540565,0.388543,-0.391513,-0.908882,0.109428,-0.093147,0.154922,1.549404,0.343392,-0.954533,0.199209,0.201499,0.092633,0.160648,1.485653,0.333881,-0.781304,0.582432,0.176519,0.138485,0.138858,1.568696,0.382166,-0.775298,-0.590201,0.210042,-0.080361,0.134248,1.520038,0.371311,-0.391513,-0.908882,0.109428,-0.093147,0.162228,1.500431,0.329279,-0.781304,0.582432,0.176519,0.138485,0.161146,1.527102,0.397791,-0.431758,-0.810543,0.38773,-0.079188,0.18764,1.527263,0.366072,-0.918063,0.192861,0.253942,0.235539,0.183313,1.483483,0.344219,-0.763102,0.49353,0.184348,0.374325,0.17523,1.542923,0.392407,-0.784972,-0.499195,0.357235,0.083703,0.155182,1.508864,0.384005,-0.431758,-0.810543,0.38773,-0.079188,0.146199,1.53485,0.395223,-0.377918,-0.884235,0.246928,-0.119719,0.172541,1.540792,0.354174,-0.942995,0.205008,0.209301,0.157875,0.177025,1.485337,0.337495,-0.781304,0.582432,0.176519,0.138485,0.158693,1.55979,0.388932,-0.78095,-0.554353,0.287556,-0.011006,0.146179,1.514687,0.378439,-0.377918,-0.884235,0.246928,-0.119719,0.105503,1.521369,0.38797,-0.720574,0.063516,-0.300157,-0.621808,0.131697,1.483605,0.336369,-0.573623,0.41248,0.014682,-0.707532,0.110687,1.499434,0.359434,-0.71259,0.290382,-0.152683,-0.620146,0.11386,1.534529,0.409391,-0.720574,0.063516,-0.300157,-0.621808,401,0.169533,1.451458,0.315167,-0.781304,0.582432,0.176519,0.138485,26,E,Static,Right
10,11,0.013274,1.669019,0.085829,0.967317,0.251102,0.024796,0.025104,0.114977,1.534015,0.379935,-0.434712,-0.88231,0.061376,-0.169669,0.132451,1.548299,0.338372,-0.971039,0.141033,0.192845,0.001819,0.143713,1.486655,0.330993,-0.780997,0.58276,0.1759,0.139621,0.117187,1.559506,0.374525,-0.767533,-0.611516,0.150398,-0.119671,0.120913,1.514389,0.367286,-0.434712,-0.88231,0.061376,-0.169669,0.132823,1.540262,0.389257,-0.392167,-0.908487,0.110267,-0.09327,0.155782,1.549079,0.344126,-0.954399,0.199237,0.201812,0.093274,0.161326,1.485306,0.334622,-0.780997,0.58276,0.1759,0.139621,0.139705,1.568384,0.382888,-0.775243,-0.590054,0.210732,-0.08017,0.135036,1.519707,0.372056,-0.392167,-0.908487,0.110267,-0.09327,0.16296,1.500082,0.330031,-0.780997,0.58276,0.1759,0.139621,0.162033,1.527172,0.398684,-0.438409,-0.805897,0.390546,-0.076176,0.188431,1.526856,0.366825,-0.916805,0.197563,0.252378,0.238208,0.183994,1.483081,0.344984,-0.762489,0.493822,0.18388,0.375419,0.176245,1.542805,0.39309,-0.787648,-0.493674,0.358211,0.08707,0.155759,1.508842,0.38516,-0.438409,-0.805897,0.390546,-0.076176,0.147007,1.53474,0.396042,-0.38092,-0.882495,0.249094,-0.118556,0.173373,1.540422,0.354917,-0.94239,0.206839,0.208773,0.159789,0.177713,1.48495,0.338256,-0.780997,0.58276,0.1759,0.139621,0.159635,1.559581,0.38963,-0.782327,-0.551857,0.288678,-0.009127,0.146835,1.514484,0.37937,-0.38092,-0.882495,0.249094,-0.118556,0.106196,1.521141,0.388649,-0.721507,0.062949,-0.300116,-0.620802,0.132361,1.483339,0.337076,-0.57431,0.413033,0.014824,-0.706648,0.111343,1.499203,0.360109,-0.713472,0.29026,-0.152701,-0.619184,0.114591,1.534268,0.410076,-0.721507,0.062949,-0.300116,-0.620802,430,0.170139,1.451085,0.315936,-0.780997,0.58276,0.1759,0.139621,26,E,Static,Right
11,12,0.014021,1.66924,0.084984,0.967939,0.248048,0.031233,0.02431,0.115059,1.535381,0.379075,-0.435975,-0.881582,0.061088,-0.170315,0.132563,1.549454,0.337494,-0.970576,0.143565,0.193312,0.00153,0.14367,1.487733,0.330539,-0.778822,0.585539,0.175819,0.14024,0.117267,1.560852,0.373573,-0.768573,-0.610054,0.150465,-0.120372,0.121018,1.515719,0.366492,-0.435975,-0.881582,0.061088,-0.170315,0.132917,1.541744,0.388353,-0.393332,-0.90788,0.110663,-0.093798,0.155893,1.55021,0.343256,-0.953502,0.202843,0.2022,0.093829,0.161279,1.486363,0.334185,-0.778822,0.585539,0.175819,0.14024,0.13984,1.569831,0.381869,-0.776454,-0.58821,0.211319,-0.080452,0.135136,1.521143,0.371208,-0.393332,-0.90788,0.110663,-0.093798,0.16295,1.501102,0.329491,-0.778822,0.585539,0.175819,0.14024,0.162025,1.528437,0.397839,-0.437229,-0.806249,0.390695,-0.078427,0.18847,1.528052,0.366122,-0.916152,0.198928,0.253756,0.23812,0.18393,1.484145,0.344568,-0.760295,0.496482,0.184694,0.375959,0.176232,1.544096,0.392305,-0.786968,-0.494181,0.359433,0.085293,0.155854,1.5101,0.384277,-0.437229,-0.806249,0.390695,-0.078427,0.147057,1.536064,0.395145,-0.380841,-0.882366,0.248885,-0.120195,0.173455,1.541579,0.354115,-0.941707,0.208973,0.209799,0.159696,0.177658,1.485986,0.337825,-0.778822,0.585539,0.175819,0.14024,0.159675,1.560906,0.388718,-0.782478,-0.551269,0.289345,-0.010471,0.146964,1.515795,0.378489,-0.380841,-0.882366,0.248885,-0.120195,0.106204,1.522728,0.387942,-0.722044,0.066376,-0.301263,-0.619264,0.132312,1.484488,0.336645,-0.57396,0.415049,0.011768,-0.705808,0.111341,1.500575,0.359567,-0.713217,0.293072,-0.15476,-0.617641,0.114545,1.536002,0.4093,-0.722044,0.066376,-0.301263,-0.619264,463,0.170007,1.451994,0.315725,-0.778822,0.585539,0.175819,0.14024,26,E,Static,Right
12,13,0.014634,1.669143,0.084175,0.967736,0.248326,0.035077,0.024324,0.114487,1.534986,0.38004,-0.438352,-0.88069,0.059029,-0.169555,0.131839,1.549244,0.338301,-0.971103,0.141563,0.19214,-0.00104,0.14321,1.487592,0.331157,-0.780152,0.584409,0.175715,0.137671,0.116598,1.560449,0.374464,-0.769431,-0.609463,0.148126,-0.120789,0.120447,1.515267,0.367549,-0.438352,-0.88069,0.059029,-0.169555,0.132367,1.541674,0.389258,-0.395997,-0.907055,0.108949,-0.092564,0.155184,1.550095,0.343988,-0.953807,0.203646,0.200867,0.091834,0.160837,1.486296,0.334742,-0.780152,0.584409,0.175715,0.137671,0.139213,1.569743,0.382621,-0.778122,-0.586808,0.209066,-0.080464,0.134547,1.520981,0.372219,-0.395997,-0.907055,0.108949,-0.092564,0.162424,1.501054,0.330079,-0.780152,0.584409,0.175715,0.137671,0.161626,1.528357,0.398568,-0.439299,-0.806223,0.388777,-0.076638,0.18794,1.528033,0.366691,-0.917089,0.198965,0.251941,0.236405,0.183533,1.484158,0.345045,-0.762079,0.495746,0.184125,0.37359,0.175774,1.544034,0.392934,-0.788382,-0.493712,0.356873,0.085699,0.155393,1.509982,0.385086,-0.439299,-0.806223,0.388777,-0.076638,0.146595,1.536012,0.395954,-0.38271,-0.882281,0.246933,-0.1189,0.172822,1.541519,0.354767,-0.942202,0.209738,0.208273,0.157759,0.17723,1.485986,0.338327,-0.780152,0.584409,0.175715,0.137671,0.15913,1.560861,0.389397,-0.783935,-0.550452,0.286951,-0.010453,0.146463,1.515689,0.379364,-0.38271,-0.882281,0.246933,-0.1189,0.105772,1.522211,0.388814,-0.719846,0.065408,-0.300868,-0.622111,0.131886,1.48428,0.337293,-0.572792,0.412756,0.012978,-0.708077,0.110916,1.500179,0.360346,-0.711791,0.291098,-0.154326,-0.620322,0.11408,1.535466,0.410196,-0.719846,0.065408,-0.300868,-0.622111,497,0.169663,1.452013,0.316169,-0.780152,0.584409,0.175715,0.137671,26,E,Static,Right
13,14,0.015554,1.669164,0.083216,0.967662,0.247614,0.042633,0.022388,0.11525,1.533223,0.380533,-0.428573,-0.886805,0.053259,-0.164519,0.131854,1.548273,0.338825,-0.973551,0.133266,0.185528,-0.004324,0.14344,1.486791,0.33065,-0.785944,0.579434,0.170337,0.132417,0.117064,1.558798,0.375377,-0.764582,-0.617715,0.140914,-0.118261,0.121212,1.513833,0.367538,-0.428573,-0.886805,0.053259,-0.164519,0.13322,1.540121,0.389645,-0.389618,-0.911016,0.104419,-0.085705,0.155278,1.549168,0.344168,-0.956694,0.19839,0.19319,0.089761,0.161128,1.48554,0.333944,-0.785944,0.579434,0.170337,0.132417,0.139849,1.568305,0.383276,-0.775652,-0.592979,0.202348,-0.076138,0.135234,1.519704,0.372258,-0.389618,-0.911016,0.104419,-0.085705,0.162557,1.500368,0.329455,-0.785944,0.579434,0.170337,0.132417,0.162712,1.526583,0.398207,-0.432217,-0.813019,0.383955,-0.069049,0.188489,1.526964,0.366056,-0.921099,0.192761,0.243151,0.235155,0.183978,1.483376,0.343859,-0.767928,0.492674,0.17698,0.369104,0.176679,1.542483,0.392748,-0.78538,-0.503113,0.349256,0.089868,0.156452,1.508469,0.384389,-0.432217,-0.813019,0.383955,-0.069049,0.147612,1.534281,0.395958,-0.375073,-0.887733,0.242528,-0.111495,0.173122,1.540536,0.354556,-0.945619,0.203702,0.200025,0.155885,0.177564,1.485266,0.337263,-0.785944,0.579434,0.170337,0.132417,0.159913,1.559319,0.389677,-0.780882,-0.558505,0.279749,-0.006007,0.147379,1.514298,0.378961,-0.375073,-0.887733,0.242528,-0.111495,0.106794,1.52038,0.389417,-0.716295,0.05512,-0.302785,-0.626262,0.132237,1.483332,0.336925,-0.574053,0.402656,0.014376,-0.712829,0.111576,1.498788,0.360551,-0.710973,0.281213,-0.154967,-0.625637,0.11544,1.533359,0.410834,-0.716295,0.05512,-0.302785,-0.626262,529,0.169836,1.451568,0.314743,-0.785944,0.579434,0.170337,0.132417,26,E,Static,Right
14,15,0.015861,1.669034,0.082693,0.967242,0.248902,0.044759,0.022094,0.115645,1.533008,0.38062,-0.42377,-0.889139,0.053488,-0.164286,0.132213,1.548178,0.339067,-0.97378,0.132002,0.18525,-0.003284,0.14362,1.486719,0.330467,-0.787739,0.577227,0.16863,0.133571,0.117453,1.55862,0.375656,-0.762275,-0.620615,0.141164,-0.117673,0.121625,1.513764,0.367417,-0.42377,-0.889139,0.053488,-0.164286,0.133636,1.539831,0.389836,-0.387349,-0.911976,0.105608,-0.084302,0.155647,1.548979,0.344384,-0.957047,0.197031,0.191985,0.091555,0.161307,1.4854,0.333733,-0.787739,0.577227,0.16863,0.133571,0.140339,1.568024,0.383584,-0.774565,-0.594475,0.20286,-0.074133,0.135573,1.519502,0.372337,-0.387349,-0.911976,0.105608,-0.084302,0.16278,1.500256,0.32935,-0.787739,0.577227,0.16863,0.133571,0.163066,1.525757,0.398148,-0.42474,-0.816827,0.384507,-0.067418,0.18883,1.526551,0.366084,-0.922131,0.187172,0.241674,0.23714,0.184177,1.483117,0.343615,-0.769146,0.490697,0.174639,0.370314,0.177031,1.541751,0.392963,-0.781148,-0.509391,0.349158,0.09175,0.156878,1.507868,0.384009,-0.42474,-0.816827,0.384507,-0.067418,0.148006,1.533653,0.396039,-0.370952,-0.889425,0.243376,-0.109936,0.173482,1.540235,0.354692,-0.946455,0.199856,0.198815,0.15733,0.177759,1.485065,0.33704,-0.787739,0.577227,0.16863,0.133571,0.16033,1.558735,0.389984,-0.778368,-0.561977,0.279838,-0.004128,0.147746,1.513832,0.378853,-0.370952,-0.889425,0.243376,-0.109936,0.107061,1.520016,0.389446,-0.717293,0.051562,-0.301646,-0.625973,0.132407,1.483248,0.336717,-0.576105,0.400872,0.016227,-0.712139,0.111778,1.498599,0.36044,-0.71262,0.278592,-0.153447,-0.625311,0.115802,1.532824,0.410928,-0.717293,0.051562,-0.301646,-0.625973,567,0.169913,1.451532,0.314316,-0.787739,0.577227,0.16863,0.133571,26,E,Static,Right
15,16,0.016224,1.669082,0.081804,0.966794,0.250046,0.048217,0.021474,0.114309,1.53243,0.38114,-0.420934,-0.890475,0.048036,-0.166016,0.130637,1.547893,0.339584,-0.974057,0.129697,0.18524,-0.008844,0.142632,1.486582,0.330739,-0.789621,0.57514,0.170293,0.12928,0.115816,1.558071,0.376222,-0.761114,-0.622227,0.137113,-0.121403,0.120501,1.513317,0.367846,-0.420934,-0.890475,0.048036,-0.166016,0.132288,1.539303,0.390233,-0.382106,-0.914725,0.099723,-0.085611,0.154075,1.548907,0.344847,-0.95815,0.194023,0.191884,0.086514,0.16034,1.485426,0.333957,-0.789621,0.57514,0.170293,0.12928,0.13864,1.567615,0.38416,-0.77228,-0.598347,0.198855,-0.0776,0.134466,1.519185,0.37252,-0.382106,-0.914725,0.099723,-0.085611,0.161653,1.50031,0.329622,-0.789621,0.57514,0.170293,0.12928,0.161872,1.525453,0.39842,-0.419575,-0.821538,0.37995,-0.068336,0.187531,1.526731,0.366388,-0.924094,0.183493,0.240776,0.233257,0.183253,1.483334,0.343774,-0.772052,0.4889,0.175475,0.366226,0.175651,1.541655,0.393386,-0.779265,-0.5151,0.34569,0.088975,0.155921,1.507646,0.384076,-0.419575,-0.821538,0.37995,-0.068336,0.146717,1.53317,0.396389,-0.365662,-0.892923,0.23813,-0.110787,0.172021,1.540303,0.355081,-0.948105,0.195976,0.198451,0.152671,0.1768,1.485242,0.337222,-0.789621,0.57514,0.170293,0.12928,0.158742,1.558439,0.390514,-0.776314,-0.566648,0.276037,-0.007116,0.146701,1.513528,0.378997,-0.365662,-0.892923,0.23813,-0.110787,0.105957,1.519336,0.389922,-0.714008,0.051025,-0.301248,-0.629952,0.131471,1.482978,0.337007,-0.573363,0.399025,0.018532,-0.715326,0.110756,1.498058,0.360827,-0.710054,0.276944,-0.152471,-0.629189,0.114628,1.532157,0.411424,-0.714008,0.051025,-0.301248,-0.629952,605,0.169231,1.451714,0.314396,-0.789621,0.57514,0.170293,0.12928,26,E,Static,Right
16,17,0.016748,1.669522,0.081278,0.967289,0.247538,0.050544,0.022872,0.113715,1.533162,0.381137,-0.421903,-0.890163,0.043123,-0.166581,0.129798,1.548442,0.339431,-0.973803,0.132589,0.184253,-0.013416,0.1421,1.487163,0.330793,-0.789206,0.576517,0.17038,0.125513,0.115008,1.558779,0.376037,-0.76299,-0.620295,0.133142,-0.123907,0.120035,1.514055,0.367894,-0.421903,-0.890163,0.043123,-0.166581,0.131768,1.539921,0.389956,-0.379529,-0.916305,0.094973,-0.085581,0.153253,1.549605,0.344587,-0.958606,0.194636,0.190645,0.082745,0.15983,1.486119,0.333932,-0.789206,0.576517,0.17038,0.125513,0.137857,1.568299,0.383921,-0.771652,-0.600156,0.195012,-0.079598,0.134073,1.519915,0.372132,-0.379529,-0.916305,0.094973,-0.085581,0.16103,1.50099,0.32952,-0.789206,0.576517,0.17038,0.125513,0.161451,1.526289,0.398117,-0.418507,-0.823509,0.376886,-0.068137,0.186925,1.527698,0.366066,-0.925063,0.184004,0.239067,0.230755,0.182785,1.484188,0.343643,-0.772467,0.490751,0.175834,0.362686,0.175111,1.542598,0.393106,-0.779087,-0.51743,0.342966,0.087542,0.155582,1.508489,0.383731,-0.418507,-0.823509,0.376886,-0.068137,0.146229,1.533785,0.396086,-0.363207,-0.895008,0.234066,-0.110699,0.171291,1.54114,0.354775,-0.949033,0.195373,0.197194,0.149268,0.176293,1.486035,0.337112,-0.789206,0.576517,0.17038,0.125513,0.158033,1.559171,0.39027,-0.775644,-0.569175,0.272648,-0.008913,0.146341,1.514231,0.378595,-0.363207,-0.895008,0.234066,-0.110699,0.105681,1.519932,0.390096,-0.7114,0.050261,-0.305055,-0.63113,0.130997,1.483524,0.337142,-0.570789,0.397817,0.016583,-0.7181,0.110346,1.498579,0.361035,-0.707641,0.275975,-0.155664,-0.631546,0.114474,1.532858,0.411486,-0.7114,0.050261,-0.305055,-0.63113,646,0.168807,1.452376,0.314452,-0.789206,0.576517,0.17038,0.125513,26,E,Static,Right
17,18,0.016587,1.669792,0.080802,0.967432,0.246791,0.051589,0.022538,0.113773,1.533186,0.381471,-0.417114,-0.892457,0.040935,-0.16692,0.129721,1.548664,0.339858,-0.974097,0.13078,0.183869,-0.014977,0.142081,1.487439,0.330936,-0.79079,0.574787,0.169427,0.124759,0.114942,1.558837,0.376514,-0.761041,-0.622837,0.131536,-0.124857,0.120186,1.514246,0.368033,-0.417114,-0.892457,0.040935,-0.16692,0.131899,1.539615,0.39009,-0.369972,-0.920489,0.092091,-0.085672,0.153187,1.549829,0.344961,-0.95978,0.190146,0.1897,0.081741,0.159823,1.486402,0.33402,-0.79079,0.574787,0.169427,0.124759,0.137802,1.568121,0.384488,-0.766852,-0.60675,0.193294,-0.080193,0.134342,1.519991,0.371864,-0.369972,-0.920489,0.092091,-0.085672,0.160979,1.501291,0.329654,-0.79079,0.574787,0.169427,0.124759,0.161552,1.526079,0.398219,-0.411856,-0.827451,0.375734,-0.067261,0.186935,1.52786,0.366257,-0.926226,0.180086,0.237388,0.230916,0.182786,1.484449,0.343647,-0.773992,0.489351,0.174317,0.362058,0.175148,1.542512,0.393444,-0.775568,-0.52345,0.341711,0.087909,0.155803,1.508464,0.383559,-0.411856,-0.827451,0.375734,-0.067261,0.146328,1.533381,0.396194,-0.35443,-0.899072,0.232174,-0.1102,0.171259,1.541337,0.355065,-0.950507,0.18978,0.196011,0.148658,0.176276,1.486318,0.33714,-0.79079,0.574787,0.169427,0.124759,0.157991,1.558921,0.39078,-0.77109,-0.576039,0.271145,-0.008933,0.14659,1.514155,0.378345,-0.35443,-0.899072,0.232174,-0.1102,0.105922,1.520089,0.390434,-0.711379,0.048015,-0.30585,-0.630944,0.131012,1.48376,0.337321,-0.571669,0.396061,0.016138,-0.71838,0.110458,1.498791,0.361312,-0.708083,0.274041,-0.156413,-0.631708,0.114821,1.532956,0.411816,-0.711379,0.048015,-0.30585,-0.630944,690,0.16877,1.452754,0.314347,-0.79079,0.574787,0.169427,0.124759,26,E,Static,Right
18,19,0.016556,1.669812,0.08017,0.967315,0.246843,0.052965,0.023754,0.115831,1.534859,0.377681,-0.41718,-0.892261,0.043268,-0.167213,0.131951,1.549286,0.336171,-0.972334,0.142895,0.184477,-0.010786,0.143442,1.487742,0.328356,-0.784681,0.582797,0.166936,0.129441,0.117184,1.560464,0.372538,-0.763556,-0.619394,0.13425,-0.123733,0.122203,1.5159,0.36425,-0.41718,-0.892261,0.043268,-0.167213,0.134007,1.540848,0.386326,-0.371806,-0.919305,0.096736,-0.085329,0.155424,1.5502,0.341291,-0.957696,0.198056,0.189787,0.08702,0.161165,1.486504,0.331483,-0.784681,0.582797,0.166936,0.129441,0.140225,1.569248,0.380531,-0.769233,-0.602817,0.197155,-0.077611,0.136315,1.52114,0.368174,-0.371806,-0.919305,0.096736,-0.085329,0.162532,1.501294,0.326847,-0.784681,0.582797,0.166936,0.129441,0.163312,1.526739,0.394666,-0.407592,-0.827357,0.379865,-0.071078,0.18882,1.52812,0.363023,-0.923738,0.184203,0.239667,0.235239,0.184073,1.484385,0.341168,-0.766906,0.497075,0.174507,0.366496,0.177048,1.543097,0.390039,-0.773415,-0.52318,0.347034,0.087632,0.157697,1.509211,0.379851,-0.407592,-0.827357,0.379865,-0.071078,0.148285,1.534288,0.392538,-0.354836,-0.897576,0.236807,-0.111225,0.173357,1.541625,0.351572,-0.948435,0.195134,0.196781,0.153852,0.1776,1.486234,0.334619,-0.784681,0.582797,0.166936,0.129441,0.160214,1.559698,0.387089,-0.771515,-0.573377,0.275597,-0.00705,0.14848,1.515038,0.374714,-0.354836,-0.897576,0.236807,-0.111225,0.107615,1.522029,0.387191,-0.716025,0.051961,-0.312539,-0.622035,0.132321,1.484337,0.334802,-0.573551,0.40162,0.006659,-0.71393,0.111991,1.500123,0.358498,-0.709932,0.281091,-0.162676,-0.624917,0.11675,1.535149,0.408317,-0.716025,0.051961,-0.312539,-0.622035,720,0.169639,1.452388,0.312403,-0.784681,0.582797,0.166936,0.129441,26,E,Static,Right
19,20,0.016524,1.669548,0.079549,0.966902,0.248346,0.052969,0.024893,0.115796,1.534475,0.378882,-0.416935,-0.892787,0.040585,-0.165678,0.131655,1.549121,0.337267,-0.973049,0.140584,0.182307,-0.013241,0.14335,1.487652,0.329173,-0.786421,0.581431,0.165715,0.126566,0.117024,1.560089,0.373752,-0.763412,-0.620276,0.131129,-0.123555,0.122168,1.515541,0.365416,-0.416935,-0.892787,0.040585,-0.165678,0.134029,1.540573,0.387367,-0.369609,-0.92066,0.093784,-0.08354,0.155153,1.55011,0.342261,-0.958592,0.196887,0.18744,0.084867,0.161094,1.486474,0.332197,-0.786421,0.581431,0.165715,0.126566,0.140097,1.569016,0.381626,-0.768671,-0.604612,0.193947,-0.077294,0.136333,1.520964,0.369106,-0.369609,-0.92066,0.093784,-0.08354,0.162375,1.501285,0.327606,-0.786421,0.581431,0.165715,0.126566,0.163451,1.52654,0.395527,-0.407114,-0.828856,0.377573,-0.06852,0.188756,1.528089,0.363732,-0.925084,0.183171,0.23663,0.233825,0.184063,1.484412,0.341748,-0.768989,0.496377,0.172745,0.363903,0.177115,1.54295,0.390868,-0.773749,-0.524639,0.34378,0.088786,0.1578,1.509048,0.380682,-0.407114,-0.828856,0.377573,-0.06852,0.14838,1.534064,0.393486,-0.353234,-0.899129,0.234284,-0.109104,0.173176,1.541571,0.352414,-0.94945,0.194305,0.194079,0.152064,0.177546,1.486258,0.335242,-0.786421,0.581431,0.165715,0.126566,0.160191,1.559531,0.388046,-0.771418,-0.575023,0.272438,-0.006332,0.148562,1.514895,0.375576,-0.353234,-0.899129,0.234284,-0.109104,0.107705,1.521595,0.388322,-0.713934,0.050259,-0.312801,-0.624443,0.132279,1.48418,0.335669,-0.572865,0.398622,0.007075,-0.716154,0.11202,1.499804,0.359533,-0.708691,0.278579,-0.162901,-0.627387,0.11686,1.534689,0.409456,-0.713934,0.050259,-0.312801,-0.624443,755,0.169598,1.452459,0.31295,-0.786421,0.581431,0.165715,0.126566,26,E,Static,Right
20,21,0.016508,1.66984,0.079357,0.9674,0.246322,0.053385,0.024747,0.1152,1.534904,0.378229,-0.418399,-0.891966,0.03767,-0.167091,0.130988,1.549416,0.336547,-0.972603,0.142689,0.182799,-0.016382,0.14293,1.48796,0.328712,-0.785393,0.582875,0.167112,0.124452,0.116286,1.560499,0.372969,-0.76463,-0.618666,0.129189,-0.12611,0.121685,1.515949,0.364848,-0.418399,-0.891966,0.03767,-0.167091,0.133407,1.541246,0.386724,-0.372575,-0.919591,0.091918,-0.084219,0.154483,1.550527,0.34153,-0.958067,0.200013,0.187813,0.082636,0.160678,1.486868,0.33174,-0.785393,0.582875,0.167112,0.124452,0.139386,1.569664,0.380767,-0.770862,-0.602045,0.192541,-0.079008,0.135766,1.521523,0.368593,-0.372575,-0.919591,0.091918,-0.084219,0.161907,1.501666,0.327093,-0.785393,0.582875,0.167112,0.124452,0.162897,1.52719,0.394877,-0.407841,-0.829246,0.375632,-0.070122,0.188184,1.528744,0.363089,-0.925273,0.184282,0.237314,0.2315,0.183669,1.484948,0.341305,-0.768653,0.497802,0.174502,0.361822,0.176487,1.543649,0.390177,-0.774612,-0.524382,0.342804,0.086518,0.157335,1.509638,0.380071,-0.407841,-0.829246,0.375632,-0.070122,0.147807,1.534731,0.392823,-0.354692,-0.898971,0.232127,-0.110281,0.172545,1.54211,0.351715,-0.949243,0.196585,0.194543,0.149813,0.177143,1.486738,0.334792,-0.785393,0.582875,0.167112,0.124452,0.159518,1.560216,0.387257,-0.772815,-0.57372,0.271169,-0.008351,0.148071,1.515495,0.374985,-0.354692,-0.898971,0.232127,-0.110281,0.107059,1.522064,0.387628,-0.712791,0.053041,-0.314049,-0.624892,0.131867,1.484469,0.335211,-0.570351,0.400634,0.006378,-0.717044,0.111511,1.500138,0.358963,-0.706766,0.281321,-0.163428,-0.628197,0.116146,1.535305,0.4087,-0.712791,0.053041,-0.314049,-0.624892,789,0.169331,1.452806,0.312656,-0.785393,0.582875,0.167112,0.124452,26,E,Static,Right
21,22,0.016497,1.670595,0.079271,0.968008,0.2436,0.054764,0.024933,0.114844,1.535211,0.377616,-0.417271,-0.892455,0.032301,-0.168423,0.130398,1.54955,0.335907,-0.972127,0.145713,0.182452,-0.021176,0.142644,1.488088,0.328597,-0.783165,0.586238,0.168422,0.120878,0.115669,1.560797,0.372268,-0.765158,-0.618139,0.125198,-0.129476,0.121511,1.516336,0.36421,-0.417271,-0.892455,0.032301,-0.168423,0.132971,1.542001,0.386179,-0.376696,-0.918195,0.088764,-0.084496,0.153897,1.550837,0.340827,-0.957271,0.205375,0.187547,0.079239,0.160401,1.487119,0.331603,-0.783165,0.586238,0.168422,0.120878,0.138814,1.570372,0.379873,-0.774465,-0.597993,0.18984,-0.081049,0.135387,1.522125,0.368225,-0.376696,-0.918195,0.088764,-0.084496,0.161557,1.501884,0.326833,-0.783165,0.586238,0.168422,0.120878,0.162574,1.528016,0.394344,-0.410071,-0.829277,0.372764,-0.072029,0.187764,1.529442,0.362515,-0.925335,0.187815,0.237476,0.228224,0.183441,1.485419,0.341154,-0.767482,0.501328,0.176714,0.358348,0.176069,1.544515,0.389512,-0.776869,-0.522636,0.34104,0.083769,0.157106,1.510349,0.379639,-0.410071,-0.829277,0.372764,-0.072029,0.147454,1.535563,0.392265,-0.357313,-0.89863,0.228902,-0.111332,0.172027,1.542614,0.351051,-0.948753,0.20146,0.194283,0.146752,0.176891,1.487112,0.334639,-0.783165,0.586238,0.168422,0.120878,0.159038,1.561048,0.386439,-0.77574,-0.570796,0.268903,-0.01056,0.147801,1.516219,0.374546,-0.357313,-0.89863,0.228902,-0.111332,0.106565,1.522644,0.387106,-0.711214,0.057066,-0.31791,-0.624382,0.131598,1.484596,0.335127,-0.56634,0.404069,0.003658,-0.718313,0.111144,1.500425,0.358687,-0.70373,0.285824,-0.16596,-0.628909,0.115636,1.536147,0.408017,-0.711214,0.057066,-0.31791,-0.624382,826,0.169217,1.45293,0.31284,-0.783165,0.586238,0.168422,0.120878,26,E,Static,Right
22,23,0.016346,1.670634,0.078575,0.967649,0.245121,0.053945,0.025713,0.114195,1.535338,0.380144,-0.405365,-0.897574,0.033019,-0.170147,0.129819,1.550643,0.338818,-0.973363,0.134756,0.18435,-0.020534,0.142152,1.489336,0.330425,-0.788276,0.578789,0.168855,0.12293,0.114947,1.561041,0.375374,-0.757783,-0.626686,0.126713,-0.130279,0.120982,1.516844,0.366278,-0.405365,-0.897574,0.033019,-0.170147,0.132296,1.54181,0.388732,-0.360406,-0.924646,0.087365,-0.086627,0.153301,1.551863,0.343835,-0.95947,0.193292,0.188911,0.079797,0.159901,1.488331,0.33347,-0.788276,0.578789,0.168855,0.12293,0.137981,1.570389,0.383279,-0.765002,-0.609609,0.190786,-0.08215,0.134956,1.522579,0.370121,-0.360406,-0.924646,0.087365,-0.086627,0.161057,1.503181,0.328975,-0.788276,0.578789,0.168855,0.12293,0.161877,1.528081,0.396914,-0.399894,-0.833885,0.373918,-0.070033,0.187122,1.53011,0.365237,-0.926691,0.179022,0.236303,0.230988,0.182913,1.48648,0.343062,-0.771929,0.493646,0.174911,0.36034,0.175378,1.544687,0.392483,-0.770671,-0.531112,0.341416,0.086146,0.1565,1.510739,0.381794,-0.399894,-0.833885,0.373918,-0.070033,0.146718,1.535398,0.394825,-0.343833,-0.903828,0.22882,-0.111871,0.171407,1.543474,0.353965,-0.950765,0.190274,0.19495,0.147772,0.176382,1.488285,0.336559,-0.788276,0.578789,0.168855,0.12293,0.158211,1.561074,0.389699,-0.767803,-0.581083,0.269651,-0.010448,0.147285,1.516555,0.37658,-0.343833,-0.903828,0.22882,-0.111871,0.105847,1.523053,0.389244,-0.712921,0.053451,-0.311469,-0.625999,0.131089,1.485716,0.336854,-0.569799,0.401875,0.009987,-0.716747,0.110536,1.501237,0.360532,-0.706723,0.282229,-0.159852,-0.628759,0.11482,1.53624,0.410398,-0.712921,0.053451,-0.311469,-0.625999,868,0.168814,1.454499,0.314115,-0.788276,0.578789,0.168855,0.12293,26,E,Static,Right
23,24,0.015908,1.670875,0.078402,0.96825,0.243221,0.05235,0.024378,0.114969,1.535447,0.379171,-0.400149,-0.90067,0.025917,-0.16734,0.129965,1.550541,0.337824,-0.973665,0.138262,0.179549,-0.024932,0.142414,1.489208,0.32981,-0.787039,0.582443,0.165801,0.117644,0.115414,1.561164,0.374444,-0.7572,-0.628749,0.119582,-0.13047,0.121824,1.517172,0.365049,-0.400149,-0.90067,0.025917,-0.16734,0.133082,1.542027,0.387659,-0.36042,-0.925444,0.082485,-0.082751,0.153498,1.551878,0.342563,-0.960006,0.19667,0.184108,0.076244,0.160201,1.488286,0.332656,-0.787039,0.582443,0.165801,0.117644,0.138555,1.570617,0.382049,-0.766833,-0.60927,0.18486,-0.081141,0.135662,1.52282,0.369013,-0.36042,-0.925444,0.082485,-0.082751,0.161246,1.5031,0.328015,-0.787039,0.582443,0.165801,0.117644,0.162742,1.528305,0.39556,-0.398793,-0.836617,0.369143,-0.069064,0.187633,1.530411,0.363754,-0.928112,0.181168,0.232615,0.227324,0.183316,1.486586,0.341988,-0.771464,0.49858,0.172788,0.355535,0.176083,1.545024,0.391064,-0.77176,-0.53274,0.336621,0.085214,0.157452,1.510975,0.380397,-0.398793,-0.836617,0.369143,-0.069064,0.147567,1.535594,0.393641,-0.344065,-0.905259,0.224326,-0.108645,0.171747,1.543631,0.352553,-0.951734,0.192605,0.190414,0.144391,0.176706,1.488316,0.335544,-0.787039,0.582443,0.165801,0.117644,0.158872,1.561322,0.388359,-0.769587,-0.581243,0.264192,-0.009725,0.148086,1.516773,0.375371,-0.344065,-0.905259,0.224326,-0.108645,0.106787,1.523314,0.388805,-0.710083,0.051241,-0.319988,-0.625112,0.131446,1.485606,0.33641,-0.567163,0.399719,0.003929,-0.720094,0.11115,1.501271,0.360215,-0.703718,0.281195,-0.166791,-0.630787,0.116109,1.536677,0.409696,-0.710083,0.051241,-0.319988,-0.625112,911,0.168993,1.454323,0.313467,-0.787039,0.582443,0.165801,0.117644,26,E,Static,Right
24,25,0.01579,1.671821,0.07868,0.96927,0.238985,0.05282,0.024731,0.115253,1.535345,0.379568,-0.397582,-0.901999,0.027716,-0.166009,0.13027,1.550432,0.338271,-0.973912,0.137989,0.178752,-0.022413,0.142413,1.489085,0.329912,-0.788486,0.580806,0.163349,0.119464,0.115807,1.561075,0.37492,-0.756577,-0.629719,0.120789,-0.128279,0.122028,1.517137,0.365322,-0.397582,-0.901999,0.027716,-0.166009,0.133444,1.541685,0.388038,-0.357288,-0.926647,0.084363,-0.080951,0.153818,1.551629,0.342973,-0.960389,0.195187,0.182569,0.078886,0.160202,1.488063,0.332717,-0.788486,0.580806,0.163349,0.119464,0.139042,1.570278,0.382566,-0.765602,-0.610886,0.18583,-0.078345,0.135916,1.522603,0.369248,-0.357288,-0.926647,0.084363,-0.080951,0.161302,1.502895,0.328146,-0.788486,0.580806,0.163349,0.119464,0.163,1.527451,0.395705,-0.392108,-0.839357,0.370446,-0.067096,0.187886,1.529883,0.363985,-0.928821,0.176099,0.231107,0.229934,0.183318,1.486199,0.341988,-0.772114,0.497221,0.169905,0.357412,0.176372,1.54421,0.39146,-0.767734,-0.537894,0.336985,0.087728,0.157731,1.510354,0.380271,-0.392108,-0.839357,0.370446,-0.067096,0.147916,1.534938,0.393861,-0.338353,-0.907246,0.225759,-0.107026,0.172044,1.54324,0.352885,-0.952348,0.18925,0.188833,0.146833,0.176704,1.487996,0.335567,-0.788486,0.580806,0.163349,0.119464,0.159283,1.560693,0.388849,-0.766552,-0.585007,0.26479,-0.007195,0.148409,1.516351,0.375353,-0.338353,-0.907246,0.225759,-0.107026,0.107208,1.523145,0.389132,-0.711915,0.046844,-0.320641,-0.623035,0.131447,1.485501,0.336523,-0.57015,0.397886,0.003571,-0.718751,0.111294,1.501194,0.360431,-0.706312,0.277791,-0.167884,-0.629104,0.116743,1.536342,0.410032,-0.711915,0.046844,-0.320641,-0.623035,951,0.168787,1.454161,0.313319,-0.788486,0.580806,0.163349,0.119464,26,E,Static,Right
25,26,0.01558,1.672456,0.078621,0.969672,0.237197,0.053523,0.024696,0.115056,1.535336,0.379571,-0.403276,-0.899981,0.026751,-0.163361,0.129879,1.550253,0.338004,-0.974151,0.139669,0.175998,-0.023394,0.142107,1.488916,0.329697,-0.788527,0.581696,0.161851,0.116872,0.115618,1.561023,0.374695,-0.759734,-0.626668,0.118586,-0.126604,0.121715,1.516941,0.36551,-0.403276,-0.899981,0.026751,-0.163361,0.133346,1.541686,0.387805,-0.358813,-0.926417,0.082746,-0.078473,0.15345,1.551507,0.342572,-0.960666,0.196789,0.179939,0.077568,0.159915,1.487937,0.332402,-0.788527,0.581696,0.161851,0.116872,0.138891,1.570262,0.382195,-0.767257,-0.609766,0.183178,-0.077122,0.135724,1.522553,0.369056,-0.358813,-0.926417,0.082746,-0.078473,0.160953,1.502761,0.327793,-0.788527,0.581696,0.161851,0.116872,0.162983,1.527449,0.395289,-0.393069,-0.839938,0.368336,-0.0658,0.187682,1.52987,0.363432,-0.929522,0.177454,0.228867,0.228296,0.18308,1.486136,0.341542,-0.772497,0.498756,0.168587,0.355063,0.176295,1.54423,0.390944,-0.769188,-0.537381,0.334379,0.088104,0.157691,1.510331,0.379888,-0.393069,-0.839938,0.368336,-0.0658,0.147883,1.53496,0.393542,-0.339653,-0.907424,0.224171,-0.104717,0.171749,1.543174,0.352397,-0.952738,0.190853,0.18612,0.145691,0.176427,1.487907,0.335154,-0.788527,0.581696,0.161851,0.116872,0.159201,1.56071,0.388395,-0.768098,-0.584157,0.262204,-0.005971,0.148288,1.516345,0.37506,-0.339653,-0.907424,0.224171,-0.104717,0.107132,1.523088,0.389011,-0.710495,0.046877,-0.323165,-0.623349,0.13119,1.485322,0.336384,-0.56915,0.396623,0.001171,-0.720248,0.111155,1.501058,0.360362,-0.7048,0.277833,-0.169945,-0.630227,0.116734,1.53637,0.409827,-0.710495,0.046877,-0.323165,-0.623349,995,0.168456,1.454015,0.313014,-0.788527,0.581696,0.161851,0.116872,26,E,Static,Right
26,27,0.015283,1.672714,0.07838,0.969799,0.236428,0.054372,0.025211,0.114072,1.535939,0.377817,-0.406212,-0.897874,0.026912,-0.167599,0.129216,1.550565,0.336255,-0.972844,0.143329,0.180098,-0.024413,0.141576,1.489195,0.328371,-0.786195,0.583511,0.165768,0.118041,0.114629,1.561588,0.372742,-0.761591,-0.623231,0.120685,-0.130374,0.120885,1.517458,0.363943,-0.406212,-0.897874,0.026912,-0.167599,0.132329,1.542141,0.386056,-0.358354,-0.926223,0.082669,-0.082823,0.152749,1.551885,0.341,-0.959739,0.197721,0.184064,0.076997,0.159357,1.488256,0.331235,-0.786195,0.583511,0.165768,0.118041,0.137835,1.570725,0.38045,-0.766819,-0.609186,0.185332,-0.080823,0.134921,1.523016,0.367327,-0.358354,-0.926223,0.082669,-0.082823,0.160443,1.503062,0.326579,-0.786195,0.583511,0.165768,0.118041,0.161905,1.528002,0.39382,-0.389925,-0.84081,0.368682,-0.071205,0.186848,1.53043,0.362261,-0.928526,0.1775,0.23337,0.227753,0.182488,1.486556,0.340603,-0.77058,0.49958,0.173102,0.355896,0.175195,1.544841,0.389634,-0.767288,-0.538911,0.337377,0.083793,0.156873,1.51089,0.378324,-0.389925,-0.84081,0.368682,-0.071205,0.146811,1.535408,0.391912,-0.337658,-0.907668,0.223813,-0.109701,0.170983,1.543641,0.35102,-0.951972,0.190823,0.190629,0.144904,0.175882,1.488278,0.334153,-0.786195,0.583511,0.165768,0.118041,0.158073,1.561205,0.386876,-0.766781,-0.584755,0.264585,-0.010177,0.147479,1.516823,0.373407,-0.337658,-0.907668,0.223813,-0.109701,0.105767,1.523704,0.386997,-0.711747,0.053131,-0.321361,-0.622351,0.130583,1.485621,0.334945,-0.566976,0.403081,0.002596,-0.718372,0.110219,1.501481,0.358562,-0.704103,0.284667,-0.167233,-0.628679,0.115119,1.537147,0.407824,-0.711747,0.053131,-0.321361,-0.622351,1034,0.168138,1.454238,0.312158,-0.786195,0.583511,0.165768,0.118041,26,E,Static,Right
27,28,0.014852,1.672606,0.078331,0.969778,0.236635,0.053878,0.025145,0.114212,1.536203,0.378136,-0.406652,-0.898037,0.025836,-0.165818,0.129175,1.550911,0.336491,-0.973336,0.142329,0.178115,-0.025188,0.141555,1.489565,0.328462,-0.787095,0.58305,0.164152,0.116573,0.114731,1.561852,0.37306,-0.761795,-0.623553,0.118875,-0.129306,0.120974,1.517712,0.364252,-0.406652,-0.898037,0.025836,-0.165818,0.132516,1.542442,0.386279,-0.357617,-0.926779,0.081763,-0.080655,0.152727,1.552242,0.341134,-0.960286,0.197315,0.181803,0.076583,0.159351,1.488636,0.331243,-0.787095,0.58305,0.164152,0.116573,0.137995,1.571033,0.380676,-0.766945,-0.609758,0.183567,-0.079331,0.135028,1.523356,0.3675,-0.357617,-0.926779,0.081763,-0.080655,0.160396,1.503448,0.326598,-0.787095,0.58305,0.164152,0.116573,0.162116,1.52816,0.393822,-0.388072,-0.842425,0.367269,-0.069529,0.186938,1.530779,0.362207,-0.929522,0.175715,0.23142,0.227062,0.182515,1.486937,0.340496,-0.77152,0.499658,0.17129,0.354625,0.175354,1.545051,0.389682,-0.766524,-0.541121,0.335375,0.084573,0.157084,1.511119,0.378248,-0.388072,-0.842425,0.367269,-0.069529,0.147034,1.535624,0.392016,-0.336089,-0.908765,0.222687,-0.107706,0.171012,1.543995,0.351059,-0.95271,0.189753,0.188417,0.144347,0.175879,1.488664,0.334078,-0.787095,0.58305,0.164152,0.116573,0.158246,1.56145,0.387019,-0.766352,-0.586203,0.262661,-0.008933,0.147658,1.517119,0.373431,-0.336089,-0.908765,0.222687,-0.107706,0.106042,1.523961,0.387337,-0.710753,0.051128,-0.322643,-0.622992,0.130601,1.485972,0.335091,-0.56714,0.400677,0.001723,-0.719589,0.110359,1.501785,0.358843,-0.703699,0.282533,-0.168488,-0.629758,0.115488,1.537378,0.408137,-0.710753,0.051128,-0.322643,-0.622992,1074,0.168065,1.454655,0.312061,-0.787095,0.58305,0.164152,0.116573,26,E,Static,Right
28,29,0.014273,1.672277,0.078116,0.969443,0.238128,0.052772,0.026278,0.11342,1.53477,0.377747,-0.398024,-0.90141,0.024168,-0.168682,0.128416,1.549905,0.336401,-0.973489,0.138089,0.180387,-0.026661,0.14117,1.488671,0.328134,-0.78867,0.580166,0.166973,0.116304,0.113782,1.560485,0.373001,-0.757138,-0.628587,0.1189,-0.132226,0.120379,1.516583,0.363562,-0.398024,-0.90141,0.024168,-0.168682,0.131664,1.540888,0.385922,-0.347757,-0.930475,0.078878,-0.084026,0.151941,1.551328,0.341153,-0.961126,0.191606,0.184169,0.07488,0.158965,1.487821,0.330971,-0.78867,0.580166,0.166973,0.116304,0.136914,1.569615,0.38082,-0.76105,-0.616682,0.18344,-0.082806,0.134463,1.522205,0.366781,-0.347757,-0.930475,0.078878,-0.084026,0.159917,1.502657,0.326375,-0.78867,0.580166,0.166973,0.116304,0.161142,1.526566,0.393544,-0.378372,-0.847597,0.364841,-0.072831,0.186169,1.529918,0.362252,-0.930933,0.166984,0.234452,0.224749,0.18206,1.486178,0.340276,-0.773444,0.496291,0.173198,0.354235,0.17422,1.543679,0.389831,-0.76059,-0.550135,0.335266,0.080316,0.156468,1.509745,0.377623,-0.378372,-0.847597,0.364841,-0.072831,0.146125,1.53398,0.391709,-0.326269,-0.912569,0.220302,-0.110608,0.170224,1.543118,0.351109,-0.953977,0.182241,0.190829,0.142484,0.175443,1.487908,0.333839,-0.78867,0.580166,0.166973,0.116304,0.157126,1.55999,0.387228,-0.760394,-0.5939,0.262552,-0.012257,0.147069,1.515831,0.372788,-0.326269,-0.912569,0.220302,-0.110608,0.105655,1.522508,0.387286,-0.7096,0.047289,-0.322162,-0.624856,0.130238,1.484989,0.334748,-0.566846,0.398499,0.00486,-0.721014,0.10994,1.50055,0.35862,-0.70352,0.279195,-0.166991,-0.631842,0.115184,1.535792,0.408135,-0.7096,0.047289,-0.322162,-0.624856,1103,0.167894,1.453985,0.311598,-0.78867,0.580166,0.166973,0.116304,26,E,Static,Right
29,30,0.013966,1.671822,0.077845,0.969103,0.239756,0.051939,0.025667,0.113299,1.53489,0.378445,-0.401391,-0.9005,0.020834,-0.165985,0.127944,1.549876,0.336861,-0.973787,0.139925,0.1769,-0.029445,0.140818,1.488652,0.328699,-0.788483,0.58177,0.164909,0.112442,0.113547,1.560573,0.373521,-0.759521,-0.62666,0.114686,-0.131421,0.120202,1.516611,0.364351,-0.401391,-0.9005,0.020834,-0.165985,0.131593,1.541261,0.386492,-0.352495,-0.929183,0.076719,-0.080502,0.151502,1.551389,0.341418,-0.96124,0.195269,0.18056,0.072699,0.158636,1.487867,0.331398,-0.788483,0.58177,0.164909,0.112442,0.13678,1.569942,0.381075,-0.764692,-0.613507,0.179594,-0.081249,0.134238,1.522398,0.367506,-0.352495,-0.929183,0.076719,-0.080502,0.159512,1.50269,0.326749,-0.788483,0.58177,0.164909,0.112442,0.161219,1.526849,0.393839,-0.380958,-0.847717,0.362448,-0.06984,0.185966,1.530161,0.362317,-0.93192,0.168929,0.230757,0.223025,0.181817,1.48633,0.340529,-0.773802,0.498816,0.171487,0.35072,0.174239,1.543971,0.389966,-0.762838,-0.54903,0.331597,0.081779,0.156431,1.509982,0.378001,-0.380958,-0.847717,0.362448,-0.06984,0.146163,1.534318,0.392108,-0.329041,-0.912556,0.217672,-0.107667,0.169891,1.543271,0.351256,-0.954404,0.185366,0.18723,0.140349,0.175143,1.488017,0.33414,-0.788483,0.58177,0.164909,0.112442,0.157078,1.560323,0.387392,-0.763109,-0.592127,0.258702,-0.01108,0.146992,1.516089,0.373259,-0.329041,-0.912556,0.217672,-0.107667,0.105571,1.522555,0.388001,-0.707058,0.04765,-0.324904,-0.626287,0.129945,1.484959,0.335405,-0.56493,0.396663,0.002338,-0.723538,0.109771,1.500521,0.359381,-0.701143,0.278712,-0.169651,-0.633984,0.115139,1.535956,0.408756,-0.707058,0.04765,-0.324904,-0.626287,1138,0.167522,1.453991,0.31208,-0.788483,0.58177,0.164909,0.112442,26,E,Static,Right
30,31,0.013425,1.671458,0.07742,0.96893,0.240656,0.051167,0.025328,0.11278,1.535335,0.377717,-0.412839,-0.89528,0.016759,-0.166603,0.127304,1.549778,0.335713,-0.972757,0.146425,0.176364,-0.034634,0.140648,1.488569,0.328213,-0.785774,0.585764,0.16693,0.107587,0.112887,1.560905,0.372236,-0.766018,-0.61875,0.111117,-0.134235,0.119741,1.516719,0.3641,-0.412839,-0.89528,0.016759,-0.166603,0.131076,1.542147,0.385671,-0.363757,-0.925086,0.074073,-0.080067,0.150861,1.551533,0.340193,-0.959954,0.203337,0.180134,0.068512,0.158477,1.487958,0.330879,-0.785774,0.585764,0.16693,0.107587,0.136173,1.570705,0.379567,-0.772034,-0.604908,0.176469,-0.083116,0.133693,1.522836,0.367137,-0.363757,-0.925086,0.074073,-0.080067,0.159229,1.502734,0.326065,-0.785774,0.585764,0.16693,0.107587,0.160902,1.527645,0.392869,-0.384913,-0.847489,0.358306,-0.072257,0.185545,1.530825,0.361247,-0.932193,0.173017,0.231343,0.218086,0.181699,1.486715,0.339976,-0.772541,0.502996,0.174562,0.345983,0.173782,1.544824,0.388787,-0.766371,-0.546265,0.328936,0.077917,0.156223,1.510594,0.377196,-0.384913,-0.847489,0.358306,-0.072257,0.145779,1.535242,0.391226,-0.336964,-0.910447,0.214048,-0.108282,0.169338,1.543677,0.350077,-0.953697,0.192289,0.187002,0.13608,0.174996,1.488274,0.333584,-0.785774,0.585764,0.16693,0.107587,0.156567,1.561203,0.386001,-0.768877,-0.585894,0.25568,-0.013573,0.146609,1.516701,0.372684,-0.336964,-0.910447,0.214048,-0.108282,0.105218,1.522831,0.387202,-0.70379,0.052338,-0.32885,-0.627534,0.129815,1.484865,0.334979,-0.559612,0.399102,-0.000495,-0.726327,0.109552,1.500518,0.358819,-0.696714,0.282693,-0.172651,-0.636291,0.114711,1.536543,0.407789,-0.70379,0.052338,-0.32885,-0.627534,1178,0.167597,1.453936,0.311937,-0.785774,0.585764,0.16693,0.107587,26,E,Static,Right
31,32,0.013231,1.671432,0.076928,0.968854,0.240854,0.051625,0.025421,0.112888,1.535834,0.377971,-0.417123,-0.893404,0.01888,-0.165776,0.127516,1.550141,0.335832,-0.972696,0.147423,0.176177,-0.033021,0.140649,1.488904,0.328187,-0.786258,0.585249,0.165623,0.108869,0.113131,1.561371,0.372337,-0.768179,-0.616135,0.112514,-0.132741,0.119748,1.517063,0.364518,-0.417123,-0.893404,0.01888,-0.165776,0.131273,1.542628,0.385862,-0.365209,-0.92445,0.076306,-0.078684,0.15108,1.55181,0.340302,-0.959657,0.204777,0.179241,0.070689,0.158477,1.488228,0.330844,-0.786258,0.585249,0.165623,0.108869,0.136527,1.571135,0.379651,-0.773438,-0.603069,0.177646,-0.080893,0.133765,1.523256,0.367376,-0.365209,-0.92445,0.076306,-0.078684,0.159281,1.503014,0.326067,-0.786258,0.585249,0.165623,0.108869,0.16108,1.527782,0.392974,-0.384353,-0.847064,0.360369,-0.069933,0.18571,1.530945,0.361292,-0.932131,0.171937,0.229913,0.220705,0.181707,1.486892,0.339931,-0.772551,0.502578,0.173145,0.347276,0.17405,1.544896,0.388899,-0.765923,-0.546044,0.329582,0.081083,0.156277,1.510799,0.377266,-0.384353,-0.847064,0.360369,-0.069933,0.145987,1.535538,0.391341,-0.336634,-0.910281,0.21591,-0.106999,0.169538,1.543873,0.350159,-0.953521,0.192649,0.185931,0.138256,0.175005,1.488486,0.333547,-0.786258,0.585249,0.165623,0.108869,0.156895,1.561447,0.386104,-0.769055,-0.585307,0.256599,-0.011303,0.146722,1.517021,0.372772,-0.336634,-0.910281,0.21591,-0.106999,0.105282,1.523273,0.387147,-0.705221,0.052501,-0.327952,-0.626383,0.129803,1.485221,0.334943,-0.561208,0.39941,-0.000898,-0.724926,0.109579,1.500951,0.358766,-0.698111,0.282816,-0.172516,-0.63474,0.114767,1.536948,0.407762,-0.705221,0.052501,-0.327952,-0.626383,1221,0.167481,1.454218,0.311832,-0.786258,0.585249,0.165623,0.108869,26,E,Static,Right
32,33,0.012955,1.671561,0.076416,0.968843,0.240752,0.052181,0.025655,0.112039,1.536786,0.377366,-0.42235,-0.890457,0.025729,-0.167469,0.127236,1.55075,0.335216,-0.971761,0.15038,0.179749,-0.027497,0.139867,1.489395,0.327662,-0.785078,0.585471,0.166299,0.114985,0.112641,1.562274,0.371544,-0.770732,-0.611939,0.119294,-0.131424,0.118786,1.5178,0.364159,-0.42235,-0.890457,0.025729,-0.167469,0.130475,1.543327,0.385366,-0.36743,-0.922846,0.083019,-0.080362,0.150776,1.552202,0.339887,-0.958362,0.206209,0.182119,0.076501,0.157663,1.488555,0.330474,-0.785078,0.585471,0.166299,0.114985,0.136109,1.571746,0.379086,-0.774376,-0.600169,0.184055,-0.079135,0.132884,1.523843,0.366986,-0.36743,-0.922846,0.083019,-0.080362,0.158651,1.503335,0.325714,-0.785078,0.585471,0.166299,0.114985,0.160078,1.527925,0.392567,-0.379837,-0.846723,0.365406,-0.072544,0.185032,1.531019,0.361169,-0.930433,0.170143,0.233426,0.225518,0.180809,1.487007,0.339766,-0.770242,0.501817,0.174123,0.352971,0.17321,1.544966,0.38871,-0.762614,-0.547088,0.335326,0.081682,0.155354,1.511069,0.376699,-0.379837,-0.846723,0.365406,-0.072544,0.145095,1.535962,0.390895,-0.335624,-0.908997,0.221769,-0.109087,0.169075,1.544096,0.3499,-0.952139,0.192542,0.18889,0.143804,0.174177,1.488663,0.333325,-0.785078,0.585471,0.166299,0.114985,0.156305,1.561761,0.385756,-0.767963,-0.584073,0.262671,-0.009774,0.145809,1.517462,0.372308,-0.335624,-0.908997,0.221769,-0.109087,0.104293,1.524224,0.386187,-0.710119,0.054804,-0.325054,-0.622148,0.128925,1.48581,0.334313,-0.564554,0.403812,-0.000756,-0.719871,0.108614,1.5018,0.357889,-0.702157,0.285571,-0.17133,-0.629342,0.113699,1.537841,0.406876,-0.710119,0.054804,-0.325054,-0.622148,1254,0.166525,1.454468,0.31154,-0.785078,0.585471,0.166299,0.114985,26,E,Static,Right
33,34,0.013005,1.671568,0.076025,0.968789,0.240883,0.052476,0.025881,0.113547,1.5367,0.377067,-0.418205,-0.892649,0.031289,-0.16524,0.128908,1.550707,0.33509,-0.972234,0.149078,0.179162,-0.020948,0.14077,1.489237,0.327241,-0.785786,0.584477,0.162477,0.120534,0.114435,1.562231,0.371468,-0.768754,-0.614591,0.123411,-0.126748,0.120103,1.517796,0.363648,-0.418205,-0.892649,0.031289,-0.16524,0.132051,1.542765,0.385082,-0.361579,-0.924835,0.087963,-0.078759,0.152462,1.551836,0.339779,-0.958731,0.203015,0.181135,0.082525,0.158555,1.488157,0.330053,-0.785786,0.584477,0.162477,0.120534,0.137966,1.571198,0.379132,-0.771209,-0.603618,0.187868,-0.074748,0.13431,1.523507,0.366447,-0.361579,-0.924835,0.087963,-0.078759,0.159723,1.502946,0.32536,-0.785786,0.584477,0.162477,0.120534,0.161394,1.526977,0.392222,-0.374272,-0.847254,0.370273,-0.070559,0.186435,1.530111,0.360968,-0.929721,0.167046,0.232614,0.231529,0.181665,1.486266,0.339339,-0.769224,0.500854,0.17022,0.35842,0.174694,1.54394,0.388603,-0.758552,-0.549958,0.33875,0.085986,0.156597,1.510353,0.376133,-0.374272,-0.847254,0.370273,-0.070559,0.146542,1.535167,0.390592,-0.330714,-0.909694,0.227174,-0.107135,0.170651,1.543447,0.349759,-0.952116,0.188948,0.187872,0.149925,0.175058,1.488039,0.332903,-0.785786,0.584477,0.162477,0.120534,0.158017,1.560909,0.385763,-0.764475,-0.587023,0.266377,-0.005096,0.147116,1.516874,0.371795,-0.330714,-0.909694,0.227174,-0.107135,0.105627,1.524262,0.385927,-0.714259,0.051638,-0.323593,-0.61843,0.129787,1.485757,0.333881,-0.570272,0.402395,-0.001886,-0.716146,0.109699,1.501909,0.357537,-0.706775,0.2833,-0.17137,-0.625174,0.115174,1.537672,0.406687,-0.714259,0.051638,-0.323593,-0.61843,1290,0.166984,1.454055,0.31094,-0.785786,0.584477,0.162477,0.120534,26,E,Static,Right
34,35,0.012884,1.671801,0.075585,0.969035,0.239869,0.052959,0.025078,0.111958,1.537443,0.377336,-0.415845,-0.893101,0.028431,-0.169221,0.127397,1.55147,0.335491,-0.9715,0.149762,0.182127,-0.024261,0.139586,1.490031,0.327919,-0.78474,0.585118,0.16574,0.119792,0.112658,1.562985,0.371764,-0.767628,-0.615144,0.122762,-0.131434,0.118751,1.518646,0.363885,-0.415845,-0.893101,0.028431,-0.169221,0.130353,1.543852,0.38555,-0.363855,-0.923798,0.086875,-0.081608,0.150924,1.552721,0.340281,-0.957871,0.205409,0.183756,0.08077,0.157365,1.489043,0.330807,-0.78474,0.585118,0.16574,0.119792,0.136196,1.572269,0.379455,-0.772485,-0.601468,0.18824,-0.077909,0.132759,1.524497,0.367034,-0.363855,-0.923798,0.086875,-0.081608,0.15847,1.503818,0.326054,-0.78474,0.585118,0.16574,0.119792,0.15969,1.527911,0.392794,-0.372771,-0.848322,0.368593,-0.074369,0.1849,1.531219,0.361691,-0.929793,0.165446,0.235982,0.228966,0.180424,1.487283,0.340184,-0.768835,0.500922,0.173645,0.357516,0.172899,1.544962,0.389257,-0.757772,-0.551377,0.339215,0.08184,0.155103,1.511261,0.376671,-0.372771,-0.848322,0.368593,-0.074369,0.144856,1.536241,0.391151,-0.331882,-0.909218,0.225999,-0.110004,0.169107,1.544447,0.350369,-0.95164,0.190127,0.190437,0.148211,0.173838,1.489005,0.333714,-0.78474,0.585118,0.16574,0.119792,0.156262,1.562,0.386253,-0.765225,-0.585794,0.266855,-0.008118,0.145571,1.517875,0.37243,-0.331882,-0.909218,0.225999,-0.110004,0.104294,1.525064,0.386455,-0.713505,0.051649,-0.325318,-0.618394,0.128603,1.486525,0.334546,-0.568185,0.403991,-0.00139,-0.716907,0.108393,1.502656,0.358111,-0.705685,0.284016,-0.172045,-0.625895,0.113893,1.538527,0.407156,-0.713505,0.051649,-0.325318,-0.618394,1331,0.166016,1.454914,0.311826,-0.78474,0.585118,0.16574,0.119792,26,E,Static,Right
35,36,0.012942,1.67205,0.075332,0.969245,0.239032,0.052905,0.025082,0.111373,1.537254,0.377315,-0.415609,-0.893138,0.025211,-0.17011,0.126673,1.551394,0.335439,-0.971533,0.148999,0.182089,-0.027681,0.139146,1.490019,0.327805,-0.785332,0.584614,0.166444,0.117375,0.111897,1.562798,0.371732,-0.767385,-0.615459,0.120259,-0.133673,0.118275,1.518493,0.36387,-0.415609,-0.893138,0.025211,-0.17011,0.129733,1.54398,0.385584,-0.366464,-0.922967,0.08501,-0.081301,0.150203,1.552758,0.340187,-0.957864,0.206716,0.183296,0.078537,0.156933,1.489116,0.330662,-0.785332,0.584614,0.166444,0.117375,0.135483,1.572381,0.379328,-0.774152,-0.599796,0.186338,-0.078806,0.132148,1.524526,0.367172,-0.366464,-0.922967,0.08501,-0.081301,0.157964,1.5039,0.325921,-0.785332,0.584614,0.166444,0.117375,0.159178,1.527899,0.392662,-0.371865,-0.849684,0.366452,-0.073935,0.184323,1.531413,0.361526,-0.930754,0.163728,0.235279,0.227011,0.180025,1.487466,0.340004,-0.769998,0.500617,0.174094,0.355215,0.172302,1.54502,0.38915,-0.757471,-0.553146,0.337194,0.081039,0.154635,1.511269,0.376504,-0.371865,-0.849684,0.366452,-0.073935,0.144314,1.536328,0.391104,-0.332677,-0.909495,0.223873,-0.109664,0.168444,1.544569,0.350238,-0.952022,0.190526,0.189772,0.146083,0.173419,1.489159,0.333546,-0.785332,0.584614,0.166444,0.117375,0.155618,1.562118,0.386131,-0.766078,-0.585572,0.264861,-0.00895,0.145048,1.517936,0.37241,-0.332677,-0.909495,0.223873,-0.109664,0.103761,1.524895,0.38636,-0.711971,0.052182,-0.325559,-0.619989,0.128187,1.486455,0.334441,-0.566478,0.403841,-0.000753,-0.718342,0.107918,1.5025,0.358015,-0.704235,0.28405,-0.171948,-0.627537,0.113317,1.538405,0.40705,-0.711971,0.052182,-0.325559,-0.619989,1376,0.165725,1.455042,0.311655,-0.785332,0.584614,0.166444,0.117375,26,E,Static,Right
36,37,0.012908,1.672204,0.075012,0.969328,0.238675,0.053594,0.023793,0.110644,1.538649,0.376514,-0.419053,-0.890899,0.027949,-0.172953,0.12633,1.552432,0.334658,-0.970318,0.1529,0.185561,-0.025907,0.138599,1.490963,0.32744,-0.782717,0.586817,0.168685,0.120602,0.11131,1.564149,0.370751,-0.769372,-0.611918,0.123994,-0.135087,0.11758,1.519765,0.36326,-0.419053,-0.890899,0.027949,-0.172953,0.128968,1.545564,0.38494,-0.371595,-0.920327,0.088658,-0.083994,0.149828,1.553736,0.339579,-0.955854,0.212015,0.186607,0.081063,0.156356,1.490006,0.330452,-0.782717,0.586817,0.168685,0.120602,0.134937,1.573856,0.378401,-0.777139,-0.594491,0.190496,-0.079669,0.131397,1.52589,0.366766,-0.371595,-0.920327,0.088658,-0.083994,0.157511,1.504764,0.325664,-0.782717,0.586817,0.168685,0.120602,0.158341,1.529345,0.392387,-0.376363,-0.845845,0.370258,-0.076204,0.183702,1.532391,0.361304,-0.928588,0.167945,0.238365,0.229569,0.1794,1.488332,0.340012,-0.767154,0.501881,0.177146,0.358065,0.171617,1.546319,0.38874,-0.759516,-0.547698,0.341466,0.081016,0.153723,1.512566,0.376405,-0.376363,-0.845845,0.370258,-0.076204,0.143508,1.537892,0.390635,-0.337122,-0.906632,0.227324,-0.112655,0.16796,1.545538,0.349818,-0.94992,0.195659,0.19296,0.148785,0.17285,1.490012,0.333494,-0.782717,0.586817,0.168685,0.120602,0.15502,1.563546,0.385442,-0.768577,-0.580297,0.26917,-0.009608,0.14424,1.519298,0.372141,-0.337122,-0.906632,0.227324,-0.112655,0.102593,1.526288,0.385369,-0.714324,0.058483,-0.322522,-0.618305,0.12755,1.487477,0.333967,-0.566227,0.409589,-0.000173,-0.715279,0.107058,1.503713,0.357214,-0.705034,0.289915,-0.16975,-0.62455,0.111874,1.539915,0.406108,-0.714324,0.058483,-0.322522,-0.618305,1416,0.165194,1.455793,0.311748,-0.782717,0.586817,0.168685,0.120602,26,E,Static,Right
37,38,0.013012,1.672129,0.074949,0.969194,0.239257,0.05354,0.023494,0.110321,1.539277,0.376831,-0.42546,-0.887905,0.028606,-0.172602,0.126064,1.5529,0.334773,-0.970107,0.154304,0.185459,-0.02622,0.138352,1.491429,0.327606,-0.782521,0.587173,0.168622,0.120228,0.111048,1.564722,0.370834,-0.772317,-0.608218,0.124173,-0.134826,0.117192,1.520187,0.36384,-0.42546,-0.887905,0.028606,-0.172602,0.128709,1.546193,0.385129,-0.37451,-0.919157,0.088882,-0.083615,0.149564,1.554217,0.339679,-0.955604,0.213396,0.186417,0.080814,0.156111,1.490481,0.330608,-0.782521,0.587173,0.168622,0.120228,0.1347,1.574448,0.378453,-0.77863,-0.592628,0.19028,-0.079506,0.131096,1.526404,0.367074,-0.37451,-0.919157,0.088882,-0.083615,0.157256,1.505235,0.325804,-0.782521,0.587173,0.168622,0.120228,0.158125,1.52992,0.392513,-0.377504,-0.845445,0.370016,-0.076164,0.183457,1.532903,0.361405,-0.928521,0.169009,0.238191,0.229238,0.179159,1.488824,0.340155,-0.767039,0.502295,0.17718,0.357713,0.171397,1.546888,0.388822,-0.760191,-0.54694,0.341211,0.080874,0.153489,1.513106,0.376574,-0.377504,-0.845445,0.370016,-0.076164,0.143278,1.538496,0.390782,-0.339005,-0.905995,0.227133,-0.112516,0.167705,1.546034,0.349915,-0.94974,0.196937,0.192835,0.148406,0.172605,1.490495,0.333639,-0.782521,0.587173,0.168622,0.120228,0.154788,1.564133,0.385501,-0.76957,-0.579123,0.268858,-0.009742,0.143981,1.519831,0.372359,-0.339005,-0.905995,0.227133,-0.112516,0.102346,1.526817,0.385512,-0.713959,0.060059,-0.322012,-0.618842,0.12731,1.487945,0.334146,-0.565959,0.409674,-0.000767,-0.715442,0.106832,1.504207,0.357388,-0.704647,0.290505,-0.169996,-0.624644,0.111546,1.540492,0.406255,-0.713959,0.060059,-0.322012,-0.618842,1454,0.164948,1.456254,0.311928,-0.782521,0.587173,0.168622,0.120228,26,E,Static,Right
38,39,0.013157,1.672008,0.075003,0.969192,0.23915,0.053814,0.024067,0.111232,1.539993,0.377595,-0.436262,-0.883221,0.031993,-0.169035,0.127013,1.553352,0.335152,-0.970355,0.155893,0.183145,-0.023819,0.138915,1.49181,0.327941,-0.782543,0.587899,0.165209,0.121276,0.112204,1.565343,0.371243,-0.777408,-0.60239,0.125198,-0.130725,0.11782,1.520536,0.365008,-0.436262,-0.883221,0.031993,-0.169035,0.129808,1.546854,0.385616,-0.379116,-0.917296,0.092016,-0.079827,0.150541,1.55453,0.339958,-0.955344,0.215983,0.18347,0.083709,0.156682,1.490759,0.330863,-0.782543,0.587899,0.165209,0.121276,0.136019,1.575011,0.37873,-0.781344,-0.589476,0.190733,-0.075108,0.13191,1.526887,0.367722,-0.379116,-0.917296,0.092016,-0.079827,0.157885,1.505505,0.326047,-0.782543,0.587899,0.165209,0.121276,0.159207,1.53027,0.392823,-0.3806,-0.84334,0.37248,-0.071977,0.184402,1.533014,0.361537,-0.928198,0.170908,0.235069,0.232339,0.179753,1.488963,0.340303,-0.766377,0.503556,0.174042,0.358897,0.172602,1.547113,0.389009,-0.76154,-0.544323,0.34125,0.085538,0.154299,1.513447,0.376975,-0.3806,-0.84334,0.37248,-0.071977,0.144393,1.538975,0.391133,-0.341585,-0.904819,0.229572,-0.109177,0.168677,1.54624,0.350115,-0.949447,0.199065,0.189949,0.151142,0.173181,1.490673,0.333815,-0.782543,0.587899,0.165209,0.121276,0.156067,1.564511,0.385723,-0.77108,-0.577072,0.269053,-0.005757,0.144853,1.520243,0.372771,-0.341585,-0.904819,0.229572,-0.109177,0.103366,1.527367,0.38606,-0.714545,0.059203,-0.322257,-0.618119,0.127887,1.488392,0.334539,-0.568142,0.407452,-0.003227,-0.714974,0.107631,1.504751,0.357907,-0.70583,0.288655,-0.171953,-0.62363,0.112618,1.54101,0.406802,-0.714545,0.059203,-0.322257,-0.618119,1495,0.165229,1.45648,0.312136,-0.782543,0.587899,0.165209,0.121276,26,E,Static,Right
39,40,0.013376,1.671806,0.074772,0.968812,0.240756,0.053645,0.023731,0.112463,1.538894,0.37811,-0.442066,-0.880372,0.040668,-0.166938,0.128677,1.552032,0.335573,-0.970283,0.15653,0.183832,-0.015994,0.139933,1.490469,0.327529,-0.78565,0.58331,0.162233,0.127217,0.113914,1.564188,0.371627,-0.779894,-0.59889,0.131834,-0.125364,0.118729,1.519193,0.365741,-0.442066,-0.880372,0.040668,-0.166938,0.13129,1.544518,0.385866,-0.370607,-0.920332,0.097307,-0.078558,0.152204,1.552896,0.340449,-0.95675,0.207485,0.182989,0.089972,0.157677,1.489189,0.330487,-0.78565,0.58331,0.162233,0.127217,0.137755,1.572756,0.379571,-0.775354,-0.596471,0.195054,-0.070733,0.133268,1.524878,0.367601,-0.370607,-0.920332,0.097307,-0.078558,0.159067,1.503989,0.325894,-0.78565,0.58331,0.162233,0.127217,0.160399,1.527395,0.392811,-0.368913,-0.846676,0.377217,-0.068919,0.185783,1.530736,0.361815,-0.928657,0.159965,0.234483,0.238798,0.180724,1.487027,0.339976,-0.767653,0.49884,0.169884,0.364702,0.173912,1.544259,0.389545,-0.752747,-0.553729,0.344456,0.090034,0.155497,1.511008,0.376511,-0.368913,-0.846676,0.377217,-0.068919,0.14573,1.536154,0.391191,-0.330701,-0.907783,0.234671,-0.107225,0.170227,1.544279,0.350536,-0.950871,0.187748,0.189597,0.157,0.174187,1.488894,0.333496,-0.78565,0.58331,0.162233,0.127217,0.157571,1.561759,0.386523,-0.762643,-0.586513,0.27272,-0.001593,0.146143,1.51786,0.372391,-0.330701,-0.907783,0.234671,-0.107225,0.104115,1.525525,0.385953,-0.717815,0.058681,-0.312941,-0.619166,0.128837,1.487077,0.334026,-0.574341,0.404672,0.00142,-0.711598,0.10863,1.503269,0.357553,-0.709936,0.287315,-0.16415,-0.621688,0.113084,1.538874,0.407008,-0.717815,0.058681,-0.312941,-0.619166,1522,0.16593,1.455081,0.311338,-0.78565,0.58331,0.162233,0.127217,26,E,Static,Right
40,41,0.013491,1.671654,0.074376,0.968601,0.241574,0.053594,0.024107,0.111541,1.540106,0.377998,-0.442987,-0.879843,0.038177,-0.167875,0.127667,1.553326,0.335412,-0.970283,0.156,0.184,-0.01892,0.139235,1.491804,0.327513,-0.785362,0.583782,0.163671,0.124967,0.112853,1.565397,0.371474,-0.780062,-0.598661,0.129924,-0.127387,0.117897,1.520398,0.365685,-0.442987,-0.879843,0.038177,-0.167875,0.130337,1.546099,0.38576,-0.372748,-0.919627,0.095348,-0.079089,0.151191,1.554319,0.340277,-0.956452,0.2096,0.183214,0.087748,0.156988,1.49062,0.330462,-0.785362,0.583782,0.163671,0.124967,0.136701,1.574324,0.379309,-0.776905,-0.594752,0.193541,-0.072326,0.13237,1.526376,0.36759,-0.372748,-0.919627,0.095348,-0.079089,0.158292,1.505415,0.325825,-0.785362,0.583782,0.163671,0.124967,0.159567,1.529127,0.392761,-0.371707,-0.846216,0.375365,-0.069672,0.184888,1.532372,0.361677,-0.928823,0.162329,0.234504,0.236529,0.180039,1.488591,0.339935,-0.768051,0.49932,0.171373,0.362504,0.173026,1.546008,0.389356,-0.75501,-0.55174,0.343068,0.08859,0.154679,1.51263,0.376568,-0.371707,-0.846216,0.375365,-0.069672,0.144837,1.537869,0.391142,-0.33341,-0.907203,0.232866,-0.107678,0.169261,1.545813,0.350375,-0.950676,0.190385,0.189598,0.154992,0.17349,1.490412,0.333454,-0.785362,0.583782,0.163671,0.124967,0.15661,1.563469,0.386279,-0.764879,-0.584232,0.271339,-0.002861,0.145272,1.519466,0.37245,-0.33341,-0.907203,0.232866,-0.107678,0.103447,1.526822,0.385935,-0.71621,0.05862,-0.314838,-0.620068,0.128168,1.488372,0.334037,-0.572267,0.40475,0.001051,-0.713223,0.107926,1.504527,0.35756,-0.708376,0.287084,-0.165605,-0.623187,0.112458,1.540237,0.406929,-0.71621,0.05862,-0.314838,-0.620068,1561,0.165393,1.456511,0.311373,-0.785362,0.583782,0.163671,0.124967,26,E,Static,Right
41,42,0.013749,1.671923,0.074251,0.968956,0.240208,0.053077,0.024666,0.110827,1.543628,0.374953,-0.448879,-0.876697,0.035875,-0.169186,0.126941,1.555812,0.332296,-0.9681,0.168431,0.184367,-0.020542,0.138384,1.494097,0.32585,-0.77826,0.593083,0.164816,0.124094,0.11209,1.568812,0.368018,-0.784726,-0.592334,0.128622,-0.12962,0.117252,1.523769,0.362923,-0.448879,-0.876697,0.035875,-0.169186,0.129557,1.55009,0.382875,-0.386601,-0.913725,0.096466,-0.07963,0.150464,1.556869,0.337155,-0.953052,0.224006,0.18408,0.087335,0.156132,1.492945,0.328841,-0.77826,0.593083,0.164816,0.124094,0.136064,1.578077,0.375581,-0.785909,-0.582537,0.193972,-0.073301,0.131493,1.529825,0.365301,-0.386601,-0.913725,0.096466,-0.07963,0.157472,1.507624,0.32386,-0.77826,0.593083,0.164816,0.124094,0.158742,1.532925,0.390246,-0.381321,-0.841507,0.375393,-0.07444,0.184098,1.53536,0.359091,-0.926474,0.173672,0.237546,0.234639,0.179173,1.491091,0.338379,-0.761688,0.508339,0.175387,0.361473,0.172242,1.549683,0.386423,-0.761707,-0.541845,0.344903,0.085131,0.153855,1.516061,0.374435,-0.381321,-0.841507,0.375393,-0.07444,0.144067,1.541901,0.38847,-0.346706,-0.901773,0.233571,-0.109755,0.168508,1.548565,0.347465,-0.947569,0.204264,0.190971,0.15466,0.172632,1.492772,0.331852,-0.77826,0.593083,0.164816,0.124094,0.155972,1.567287,0.382864,-0.773304,-0.572466,0.272514,-0.004463,0.144388,1.52297,0.370311,-0.346706,-0.901773,0.233571,-0.109755,0.102566,1.53058,0.383368,-0.71655,0.066237,-0.322809,-0.614787,0.127303,1.490842,0.332442,-0.568226,0.411962,-0.007608,-0.712284,0.107073,1.507601,0.355549,-0.705548,0.296169,-0.172527,-0.620258,0.111657,1.54446,0.404023,-0.71655,0.066237,-0.322809,-0.614787,1601,0.16448,1.45838,0.310565,-0.77826,0.593083,0.164816,0.124094,26,E,Static,Right
42,43,0.013991,1.67205,0.073898,0.968975,0.240109,0.053121,0.024781,0.109965,1.543712,0.374931,-0.449615,-0.875773,0.036072,-0.171949,0.126263,1.556374,0.332297,-0.968446,0.163045,0.187171,-0.022285,0.137939,1.494719,0.325676,-0.779015,0.591172,0.16773,0.124569,0.111171,1.568922,0.36808,-0.783259,-0.59346,0.129657,-0.132286,0.11649,1.523837,0.362981,-0.449615,-0.875773,0.036072,-0.171949,0.128608,1.550455,0.382912,-0.38519,-0.914103,0.09608,-0.082542,0.149755,1.557498,0.337285,-0.9532,0.221354,0.18695,0.086389,0.155671,1.493617,0.328767,-0.779015,0.591172,0.16773,0.124569,0.135059,1.578482,0.375721,-0.784549,-0.583643,0.195155,-0.075895,0.130702,1.530236,0.365303,-0.38519,-0.914103,0.09608,-0.082542,0.157008,1.508322,0.323866,-0.779015,0.591172,0.16773,0.124569,0.157923,1.533706,0.390422,-0.381799,-0.840962,0.375788,-0.076136,0.183348,1.536035,0.359329,-0.925872,0.174972,0.238965,0.234612,0.17869,1.491818,0.338445,-0.762694,0.505805,0.177715,0.361768,0.171435,1.550452,0.386587,-0.762021,-0.540863,0.346032,0.08398,0.153084,1.516803,0.374638,-0.381799,-0.840962,0.375788,-0.076136,0.14315,1.542518,0.38857,-0.346015,-0.901792,0.23329,-0.112341,0.167773,1.549223,0.347664,-0.947271,0.2038,0.193456,0.154004,0.172178,1.493497,0.331889,-0.779015,0.591172,0.16773,0.124569,0.155028,1.567925,0.382999,-0.772901,-0.57244,0.273664,-0.006673,0.143605,1.523588,0.370413,-0.346015,-0.901792,0.23329,-0.112341,0.101437,1.530811,0.383048,-0.716222,0.069143,-0.317725,-0.617492,0.126816,1.4914,0.332165,-0.567333,0.41354,-0.002976,-0.712116,0.106328,1.507965,0.355184,-0.705064,0.298115,-0.167313,-0.621305,0.11022,1.544673,0.403848,-0.716222,0.069143,-0.317725,-0.617492,1645,0.164262,1.459147,0.310446,-0.779015,0.591172,0.16773,0.124569,26,E,Static,Right
43,44,0.014272,1.671986,0.073629,0.968986,0.240096,0.053376,0.023894,0.111797,1.544594,0.376991,-0.45643,-0.874559,0.036471,-0.159648,0.127341,1.556973,0.333852,-0.970399,0.164616,0.175676,-0.019114,0.138243,1.49521,0.326929,-0.780453,0.593039,0.155955,0.121969,0.113169,1.569738,0.369932,-0.787543,-0.591232,0.124442,-0.121391,0.117786,1.524488,0.365147,-0.45643,-0.874559,0.036471,-0.159648,0.130741,1.551189,0.384499,-0.390028,-0.912972,0.097524,-0.069641,0.15095,1.557854,0.338313,-0.954482,0.224532,0.174847,0.089319,0.156028,1.493926,0.329621,-0.780453,0.593039,0.155955,0.121969,0.137385,1.579096,0.377023,-0.788618,-0.581329,0.18967,-0.064532,0.132151,1.530824,0.366991,-0.390028,-0.912972,0.097524,-0.069641,0.157402,1.508621,0.324699,-0.780453,0.593039,0.155955,0.121969,0.160047,1.533947,0.391292,-0.387236,-0.839371,0.376027,-0.064088,0.184808,1.536031,0.359585,-0.92738,0.178234,0.227549,0.237532,0.179235,1.491884,0.338778,-0.763006,0.510389,0.166453,0.360026,0.173655,1.550533,0.387118,-0.765866,-0.537431,0.340101,0.094595,0.154636,1.517083,0.375653,-0.387236,-0.839371,0.376027,-0.064088,0.145322,1.542919,0.389786,-0.351009,-0.90101,0.234558,-0.099779,0.16911,1.549388,0.34828,-0.94867,0.206063,0.181671,0.156713,0.172596,1.493636,0.33237,-0.780453,0.593039,0.155955,0.121969,0.157357,1.568183,0.383908,-0.776376,-0.570461,0.267949,0.004207,0.145107,1.523925,0.37169,-0.351009,-0.90101,0.234558,-0.099779,0.103149,1.531653,0.385073,-0.715226,0.06495,-0.322565,-0.616592,0.127237,1.491999,0.333667,-0.571088,0.405297,-0.011327,-0.713768,0.107448,1.50876,0.35715,-0.705483,0.292791,-0.174143,-0.621484,0.112241,1.545498,0.405751,-0.715226,0.06495,-0.322565,-0.616592,1690,0.163854,1.459388,0.311084,-0.780453,0.593039,0.155955,0.121969,26,E,Static,Right
44,45,0.014483,1.671671,0.07342,0.968696,0.241062,0.054543,0.023295,0.110493,1.544546,0.376997,-0.460566,-0.871848,0.033628,-0.163186,0.126125,1.556851,0.333768,-0.969617,0.16594,0.178196,-0.023526,0.137591,1.495147,0.327231,-0.778957,0.594337,0.16051,0.119274,0.111703,1.569642,0.36974,-0.789214,-0.588269,0.123267,-0.126043,0.116665,1.524353,0.365398,-0.460566,-0.871848,0.033628,-0.163186,0.129357,1.551275,0.384468,-0.392071,-0.912158,0.094058,-0.073493,0.149706,1.557966,0.33832,-0.954141,0.225147,0.178088,0.084904,0.155373,1.494034,0.330006,-0.778957,0.594337,0.16051,0.119274,0.135774,1.579209,0.376898,-0.789179,-0.580354,0.188459,-0.069781,0.13102,1.530825,0.367081,-0.392071,-0.912158,0.094058,-0.073493,0.156648,1.508715,0.325016,-0.778957,0.594337,0.16051,0.119274,0.158803,1.534449,0.391482,-0.389348,-0.839334,0.373246,-0.067929,0.183669,1.536566,0.359853,-0.927436,0.179309,0.230681,0.233446,0.178571,1.492252,0.339279,-0.762778,0.511109,0.171293,0.357206,0.172292,1.551121,0.387266,-0.767098,-0.536863,0.339589,0.08955,0.153559,1.51744,0.375944,-0.389348,-0.839334,0.373246,-0.067929,0.144001,1.543207,0.389813,-0.351611,-0.901285,0.230693,-0.104096,0.1679,1.549718,0.348408,-0.948518,0.207078,0.185102,0.152217,0.171942,1.493909,0.332835,-0.778957,0.594337,0.16051,0.119274,0.155811,1.568567,0.383896,-0.776835,-0.570326,0.266935,-0.001505,0.144062,1.524145,0.371788,-0.351611,-0.901285,0.230693,-0.104096,0.101854,1.531501,0.385053,-0.712577,0.070022,-0.32148,-0.619662,0.126577,1.491875,0.333928,-0.566598,0.408197,-0.009496,-0.715719,0.106511,1.508534,0.357249,-0.702078,0.296581,-0.172396,-0.624024,0.110674,1.545534,0.405722,-0.712577,0.070022,-0.32148,-0.619662,1734,0.16359,1.459463,0.311712,-0.778957,0.594337,0.16051,0.119274,26,E,Static,Right
45,46,0.014798,1.671293,0.073205,0.96797,0.243755,0.05575,0.022573,0.11054,1.543864,0.37693,-0.458242,-0.873329,0.029013,-0.162691,0.125831,1.556466,0.333666,-0.970308,0.163252,0.176302,-0.027716,0.137705,1.49485,0.327034,-0.780002,0.593774,0.160582,0.115075,0.111499,1.568997,0.369765,-0.787859,-0.590661,0.118884,-0.12753,0.116818,1.523769,0.365217,-0.458242,-0.873329,0.029013,-0.162691,0.129366,1.550699,0.384301,-0.389704,-0.913699,0.089404,-0.072744,0.149427,1.557745,0.338099,-0.955355,0.222736,0.176509,0.080805,0.15551,1.493862,0.329715,-0.780002,0.593774,0.160582,0.115075,0.135511,1.578721,0.376829,-0.788004,-0.583107,0.184272,-0.071277,0.131119,1.530351,0.366805,-0.389704,-0.913699,0.089404,-0.072744,0.156648,1.508553,0.324722,-0.780002,0.593774,0.160582,0.115075,0.158954,1.534182,0.391165,-0.38852,-0.841517,0.369348,-0.066959,0.183648,1.536569,0.359443,-0.929045,0.177816,0.228826,0.229991,0.178759,1.492235,0.338861,-0.76466,0.511119,0.171022,0.353277,0.172297,1.55097,0.386948,-0.767251,-0.539245,0.335758,0.088363,0.15377,1.517185,0.375594,-0.38852,-0.841517,0.369348,-0.066959,0.144075,1.542774,0.38959,-0.350112,-0.903034,0.226667,-0.102832,0.16773,1.549618,0.348089,-0.949911,0.204949,0.183339,0.148499,0.172086,1.49385,0.332451,-0.780002,0.593774,0.160582,0.115075,0.155668,1.568241,0.383704,-0.776474,-0.572663,0.262942,-0.002532,0.144192,1.52378,0.371494,-0.350112,-0.903034,0.226667,-0.102832,0.102035,1.530776,0.385199,-0.708836,0.069222,-0.321922,-0.623801,0.126755,1.491497,0.333795,-0.564218,0.404898,-0.008802,-0.719471,0.106719,1.507925,0.357304,-0.699208,0.294443,-0.172431,-0.628235,0.11081,1.54484,0.405866,-0.708836,0.069222,-0.321922,-0.623801,1780,0.16387,1.459362,0.311345,-0.780002,0.593774,0.160582,0.115075,26,E,Static,Right
46,47,0.014928,1.671047,0.073256,0.967768,0.2443,0.056708,0.022965,0.110527,1.543388,0.376986,-0.453304,-0.875217,0.030179,-0.166133,0.126076,1.556334,0.333982,-0.970227,0.159825,0.17992,-0.027296,0.138053,1.49476,0.327133,-0.780793,0.591495,0.163582,0.117202,0.111471,1.56859,0.370067,-0.784469,-0.594111,0.121443,-0.12997,0.116942,1.523436,0.365105,-0.453304,-0.875217,0.030179,-0.166133,0.129253,1.550022,0.384499,-0.383505,-0.915994,0.089105,-0.07707,0.149636,1.55762,0.338597,-0.955857,0.217415,0.180493,0.080562,0.155836,1.493777,0.329951,-0.780793,0.591495,0.163582,0.117202,0.135316,1.578162,0.377413,-0.783544,-0.587959,0.186521,-0.074654,0.131261,1.529901,0.366769,-0.383505,-0.915994,0.089105,-0.07707,0.157015,1.508497,0.325054,-0.780793,0.591495,0.163582,0.117202,0.158812,1.533842,0.391581,-0.384505,-0.842738,0.370187,-0.070069,0.183722,1.536388,0.360102,-0.928631,0.175313,0.231969,0.230434,0.179039,1.492141,0.339285,-0.765364,0.507978,0.173382,0.355126,0.172151,1.550685,0.387569,-0.76444,-0.542095,0.338175,0.086035,0.153806,1.516919,0.375871,-0.384505,-0.842738,0.370187,-0.070069,0.143906,1.542321,0.38995,-0.346819,-0.903746,0.227382,-0.106101,0.167873,1.549469,0.348687,-0.949946,0.201325,0.186947,0.148736,0.172412,1.493777,0.332833,-0.780793,0.591495,0.163582,0.117202,0.155482,1.567853,0.384314,-0.773641,-0.575352,0.265378,-0.005,0.144201,1.52342,0.371759,-0.346819,-0.903746,0.227382,-0.106101,0.101803,1.530521,0.384988,-0.710779,0.070751,-0.318237,-0.623308,0.12704,1.491361,0.333767,-0.564555,0.408347,-0.004807,-0.717292,0.106735,1.507733,0.357083,-0.700631,0.29652,-0.16847,-0.626746,0.110426,1.544522,0.405761,-0.710779,0.070751,-0.318237,-0.623308,1825,0.164394,1.459375,0.311511,-0.780793,0.591495,0.163582,0.117202,26,E,Static,Right
47,48,0.014749,1.670645,0.073457,0.967392,0.245953,0.055575,0.023919,0.110997,1.543595,0.374686,-0.448807,-0.87697,0.033016,-0.16854,0.126847,1.556525,0.331971,-0.969657,0.160249,0.183005,-0.024384,0.138538,1.494857,0.325482,-0.778566,0.593109,0.165285,0.121397,0.112043,1.568843,0.367953,-0.782084,-0.596318,0.125204,-0.130669,0.117466,1.523758,0.362643,-0.448807,-0.87697,0.033016,-0.16854,0.12963,1.549852,0.382319,-0.377749,-0.917866,0.090915,-0.081013,0.150376,1.557698,0.336769,-0.955555,0.214721,0.184315,0.082698,0.156292,1.493788,0.328443,-0.778566,0.593109,0.165285,0.121397,0.135746,1.578062,0.375562,-0.779803,-0.591425,0.190401,-0.076627,0.131823,1.529939,0.364378,-0.377749,-0.917866,0.090915,-0.081013,0.157588,1.508479,0.323489,-0.778566,0.593109,0.165285,0.121397,0.159003,1.534083,0.389858,-0.383818,-0.841343,0.373232,-0.074328,0.18417,1.536367,0.358632,-0.926646,0.177453,0.236109,0.232572,0.179405,1.492061,0.337963,-0.762609,0.50864,0.175755,0.35892,0.172434,1.550869,0.385922,-0.76354,-0.540705,0.342898,0.08406,0.15411,1.517132,0.374143,-0.383818,-0.841343,0.373232,-0.074328,0.144126,1.542339,0.388024,-0.344783,-0.903404,0.22995,-0.110044,0.168486,1.549489,0.347037,-0.948979,0.200354,0.19117,0.150836,0.17284,1.493706,0.331452,-0.778566,0.593109,0.165285,0.121397,0.155798,1.567865,0.382563,-0.771646,-0.57601,0.269681,-0.006946,0.144571,1.523477,0.369795,-0.344783,-0.903404,0.22995,-0.110044,0.102141,1.531081,0.382922,-0.713929,0.071922,-0.318587,-0.619383,0.127457,1.491548,0.332049,-0.565798,0.412241,-0.005508,-0.714073,0.107078,1.508144,0.355141,-0.702695,0.299234,-0.168723,-0.623066,0.110814,1.545092,0.403668,-0.713929,0.071922,-0.318587,-0.619383,1870,0.164799,1.45926,0.31021,-0.778566,0.593109,0.165285,0.121397,26,E,Static,Right
48,49,0.014401,1.670456,0.073625,0.967486,0.245875,0.053691,0.025183,0.111502,1.543599,0.374726,-0.446536,-0.877453,0.037844,-0.171024,0.127794,1.556538,0.332242,-0.969098,0.15983,0.186804,-0.020191,0.139155,1.494804,0.325808,-0.777706,0.592661,0.166926,0.126738,0.112754,1.568872,0.368121,-0.780508,-0.597199,0.13068,-0.130703,0.117968,1.523798,0.362622,-0.446536,-0.877453,0.037844,-0.171024,0.130087,1.549482,0.382483,-0.37304,-0.919104,0.094294,-0.084844,0.151285,1.557555,0.337259,-0.955137,0.211681,0.188411,0.086055,0.156875,1.493618,0.328929,-0.777706,0.592661,0.166926,0.126738,0.136343,1.577731,0.376032,-0.776369,-0.594128,0.195466,-0.077822,0.132418,1.529733,0.364378,-0.37304,-0.919104,0.094294,-0.084844,0.158303,1.508304,0.323995,-0.777706,0.592661,0.166926,0.126738,0.159262,1.533822,0.390378,-0.381388,-0.840328,0.377345,-0.077476,0.184737,1.535985,0.359413,-0.924881,0.176806,0.240026,0.236058,0.179879,1.491731,0.338653,-0.760892,0.507133,0.177469,0.36382,0.172819,1.550542,0.386594,-0.761308,-0.540619,0.348087,0.083525,0.15445,1.516919,0.374586,-0.381388,-0.840328,0.377345,-0.077476,0.144445,1.542015,0.388367,-0.341793,-0.903132,0.233685,-0.113676,0.169246,1.549219,0.347687,-0.948022,0.198288,0.195375,0.154158,0.173385,1.493425,0.332083,-0.777706,0.592661,0.166926,0.126738,0.156267,1.567522,0.383146,-0.768913,-0.577211,0.274837,-0.007992,0.145014,1.523231,0.370061,-0.341793,-0.903132,0.233685,-0.113676,0.102527,1.531356,0.382871,-0.717951,0.073721,-0.316027,-0.615824,0.128,1.491561,0.33228,-0.568515,0.415877,-0.004915,-0.709798,0.107541,1.508348,0.355162,-0.705853,0.301886,-0.166937,-0.618683,0.111133,1.545316,0.403679,-0.717951,0.073721,-0.316027,-0.615824,1916,0.165321,1.459052,0.31073,-0.777706,0.592661,0.166926,0.126738,26,E,Static,Right
49,50,0.013935,1.670282,0.073804,0.96743,0.24652,0.051619,0.02535,0.111753,1.543712,0.374653,-0.442237,-0.879729,0.039438,-0.170139,0.128048,1.556971,0.332299,-0.96983,0.156007,0.186445,-0.018182,0.139222,1.495241,0.325499,-0.779215,0.590668,0.165699,0.128374,0.113058,1.569044,0.368286,-0.777862,-0.600762,0.131747,-0.129067,0.118174,1.524023,0.362345,-0.442237,-0.879729,0.039438,-0.170139,0.130353,1.549325,0.382348,-0.365689,-0.922032,0.094486,-0.084862,0.151542,1.55789,0.337322,-0.956158,0.206691,0.188167,0.087377,0.156937,1.493985,0.328617,-0.779215,0.590668,0.165699,0.128374,0.13659,1.577667,0.376296,-0.772094,-0.599553,0.196118,-0.077102,0.132732,1.529866,0.363937,-0.365689,-0.922032,0.094486,-0.084862,0.158416,1.508696,0.323775,-0.779215,0.590668,0.165699,0.128374,0.159421,1.533735,0.390256,-0.377977,-0.841525,0.378323,-0.07643,0.18493,1.536094,0.359352,-0.925223,0.173513,0.239599,0.237589,0.179942,1.491975,0.338338,-0.761805,0.5052,0.175686,0.365458,0.172999,1.550472,0.386623,-0.758888,-0.543497,0.348583,0.084799,0.154614,1.516957,0.374329,-0.377977,-0.841525,0.378323,-0.07643,0.144643,1.541826,0.38823,-0.336221,-0.905077,0.234489,-0.113169,0.169478,1.549441,0.347702,-0.948846,0.193502,0.195113,0.155498,0.173453,1.493726,0.331777,-0.779215,0.590668,0.165699,0.128374,0.156466,1.567396,0.383326,-0.76531,-0.581698,0.275463,-0.007002,0.145252,1.523261,0.369705,-0.336221,-0.905077,0.234489,-0.113169,0.102606,1.531567,0.382732,-0.719095,0.071766,-0.313899,-0.615808,0.128051,1.491993,0.331943,-0.57066,0.414539,-0.003186,-0.708868,0.107617,1.508703,0.354903,-0.70749,0.300252,-0.164943,-0.618143,0.111216,1.54539,0.403629,-0.719095,0.071766,-0.313899,-0.615808,1960,0.165289,1.459501,0.310227,-0.779215,0.590668,0.165699,0.128374,26,E,Static,Right
50,51,0.013721,1.670248,0.074049,0.967458,0.246477,0.050575,0.026785,0.112003,1.543814,0.374572,-0.438566,-0.881624,0.041012,-0.169466,0.12832,1.557344,0.332334,-0.970417,0.152728,0.186279,-0.016295,0.139317,1.495615,0.325231,-0.780424,0.588993,0.164708,0.129985,0.113362,1.569193,0.36841,-0.775578,-0.60376,0.132883,-0.127651,0.118382,1.52422,0.362091,-0.438566,-0.881624,0.041012,-0.169466,0.130614,1.549182,0.382206,-0.359097,-0.924573,0.094754,-0.085068,0.151815,1.558173,0.337371,-0.956981,0.202327,0.188133,0.088635,0.157026,1.494293,0.328353,-0.780424,0.588993,0.164708,0.129985,0.136839,1.577601,0.376511,-0.768235,-0.604312,0.196876,-0.076566,0.133044,1.529986,0.363527,-0.359097,-0.924573,0.094754,-0.085068,0.158554,1.509025,0.323589,-0.780424,0.588993,0.164708,0.129985,0.159579,1.533649,0.390145,-0.374939,-0.842504,0.379313,-0.075686,0.185131,1.536177,0.359309,-0.925439,0.170607,0.239432,0.239015,0.180028,1.492173,0.338079,-0.762473,0.503536,0.174241,0.367052,0.173178,1.550399,0.386651,-0.756684,-0.545993,0.349222,0.085822,0.154781,1.516982,0.3741,-0.374939,-0.842504,0.379313,-0.075686,0.144839,1.541651,0.388095,-0.331218,-0.90674,0.235305,-0.112915,0.169722,1.549623,0.347717,-0.949497,0.189273,0.195076,0.15677,0.173547,1.493974,0.331525,-0.780424,0.588993,0.164708,0.129985,0.156668,1.567272,0.383479,-0.762031,-0.585645,0.276208,-0.006231,0.145491,1.52328,0.369378,-0.331218,-0.90674,0.235305,-0.112915,0.102687,1.531764,0.382584,-0.720213,0.070318,-0.311888,-0.615691,0.128128,1.492367,0.331644,-0.572565,0.413592,-0.00166,-0.707891,0.107709,1.509019,0.354661,-0.708973,0.299075,-0.163086,-0.617508,0.111289,1.545471,0.403562,-0.720213,0.070318,-0.311888,-0.615691,1990,0.165294,1.459877,0.309807,-0.780424,0.588993,0.164708,0.129985,26,E,Static,Right
